,hora_del_dia,dia_de_la_semana,mes_del_ano,temp_aula,hum_aula,pres_aula,temp_exterior,nubosidad,hum_exterior,vel_viento,elevacion_sol,acimut_sol,calefaccion_encendida,derroche_siguiente_hora
2025-09-17 11:00:00,11,3,9,30.26,50.67,1009.2,29.5,0.0,52.0,11.9,52.5,176.53,1.0,0
2025-09-17 12:00:00,12,3,9,28.956666666666667,47.27666666666666,1009.2,29.7,1.6,51.0,14.0,51.66466666666667,192.9753333333333,1.0,1
2025-09-17 13:00:00,13,3,9,26.13,43.818571428571424,1016.4,29.4,0.0,57.0,15.1,46.92933333333333,214.91466666666665,1.0,1
2025-09-17 14:00:00,14,3,9,25.87,45.895,1016.0,29.0,0.0,59.0,16.6,38.91933333333334,232.378,1.0,0
2025-09-17 15:00:00,15,3,9,25.8175,48.275,1015.92,28.3,0.0,62.0,17.3,28.991333333333337,245.992,1.0,0
2025-09-17 16:00:00,16,3,9,25.94,49.2425,1016.0666666666666,27.6,0.0,65.0,16.9,18.040000000000003,257.188,1.0,0
2025-09-17 17:00:00,17,3,9,26.08,48.205,1016.25,26.9,0.0,70.0,16.9,6.0875,267.6410714285714,1.0,0
2025-09-17 18:00:00,18,3,9,25.915,48.57,1016.5,25.8,0.0,77.0,14.8,-3.76,275.8207142857143,1.0,0
2025-09-17 19:00:00,19,3,9,25.918,52.824,1017.04,25.1,0.0,80.0,10.8,-16.105,286.545,1.0,0
2025-09-17 20:00:00,20,3,9,26.416666666666668,52.17,1017.6,25.0,1.6,82.0,8.6,-28.540000000000003,299.97,1.0,0
2025-09-17 21:00:00,21,3,9,26.6,53.23,1017.9,24.8,2.3,83.0,6.8,-37.78333333333334,314.1433333333334,1.0,0
2025-09-17 22:00:00,22,3,9,26.54,54.33,1017.8,24.4,3.9,84.0,5.8,-44.77,331.87,1.0,0
2025-09-17 23:00:00,23,3,9,26.66,55.26,1017.8,24.0,4.7,86.0,5.0,-48.27333333333333,352.8733333333333,1.0,0
2025-09-18 00:00:00,0,4,9,26.725,56.06,1017.5,23.7,5.5,87.0,4.3,-47.51666666666667,14.786666666666669,1.0,0
2025-09-18 01:00:00,1,4,9,26.768,57.73714285714285,1017.2571428571428,23.2,1.6,88.0,4.0,-42.66,34.93,1.0,0
2025-09-18 02:00:00,2,4,9,26.81,58.5,1017.2,22.7,0.8,89.0,3.6,-34.75666666666666,51.336666666666666,1.0,0
2025-09-18 03:00:00,3,4,9,26.73,59.42,1017.0,22.1,2.3,90.0,4.3,-24.97,64.50333333333333,1.0,0
2025-09-18 04:00:00,4,4,9,26.77,60.17,1017.2,21.5,6.2,91.0,5.0,-14.268333333333333,75.40166666666667,1.0,0
2025-09-18 09:00:00,9,4,9,26.4225,55.38249999999999,1018.55,26.4,0.0,61.0,5.4,39.61466666666667,129.47466666666668,0.0,1
2025-09-18 10:00:00,10,4,9,27.015,52.84,1018.2,27.8,0.0,56.0,8.3,47.28,147.31933333333333,1.0,1
2025-09-18 11:00:00,11,4,9,27.235,53.98,1017.9,28.5,0.0,55.0,11.2,51.532,170.19375,1.0,1
2025-09-18 12:00:00,12,4,9,27.2475,49.0525,1017.55,28.7,0.0,58.0,13.3,51.10333333333335,194.428,1.0,1
2025-09-18 13:00:00,13,4,9,26.59,39.68,1017.35,29.0,0.0,57.0,14.4,46.15933333333334,215.91333333333336,1.0,1
2025-09-18 14:00:00,14,4,9,25.986666666666665,37.91,1017.25,28.8,0.0,58.0,15.1,38.04866666666667,233.006,1.0,1
2025-09-18 15:00:00,15,4,9,25.68,38.68,1017.1,28.3,0.0,58.0,15.1,28.066666666666663,246.4273333333333,1.0,1
2025-09-18 16:00:00,16,4,9,25.8,39.26,1017.3,27.5,0.0,60.0,15.1,17.093999999999998,257.51866666666666,1.0,1
2025-09-18 17:00:00,17,4,9,25.736666666666668,38.98,1017.55,26.5,0.0,66.0,13.3,5.673571428571428,267.49142857142857,1.0,1
2025-09-18 18:00:00,18,4,9,25.613333333333333,41.46333333333333,1018.1,25.5,0.0,74.0,10.8,-4.106923076923076,275.58692307692303,1.0,1
2025-09-18 19:00:00,19,4,9,25.95,45.86666666666667,1018.65,25.3,27.3,80.0,9.7,-16.11,286.0016666666667,1.0,1
2025-09-19 07:00:00,7,5,9,26.75,50.69499999999999,1019.0,22.5,33.6,80.0,6.1,19.029333333333337,104.628,1.0,1
2025-09-19 08:00:00,8,5,9,26.8,48.04,1019.35,24.7,53.1,70.0,5.4,29.831333333333337,116.09066666666668,1.0,1
2025-09-19 09:00:00,9,5,9,26.656666666666663,46.34166666666667,1019.58,26.1,62.5,68.0,6.8,39.49333333333334,130.108,1.0,1
2025-09-19 10:00:00,10,5,9,27.05666666666667,50.43000000000001,1019.2,27.1,99.2,64.0,9.0,47.05733333333333,147.98466666666667,1.0,1
2025-09-19 11:00:00,11,5,9,26.813333333333333,45.22666666666667,1018.775,27.5,85.9,63.0,10.1,51.19199999999999,170.71687500000002,1.0,1
2025-09-19 12:00:00,12,5,9,26.374,38.398,1018.1,28.3,12.5,60.0,11.2,50.72466666666666,194.31466666666668,1.0,1
2025-09-19 13:00:00,13,5,9,26.165000000000003,44.71666666666667,1017.68,29.0,3.9,57.0,13.3,45.815333333333335,215.66666666666669,1.0,1
2025-09-19 14:00:00,14,5,9,25.843333333333334,41.565,1017.35,28.7,1.6,56.0,14.4,37.742666666666665,232.70666666666665,1.0,1
2025-09-19 15:00:00,15,5,9,26.145,51.205,1017.1,28.2,0.8,58.0,15.1,27.79066666666667,246.118,1.0,1
2025-09-19 16:00:00,16,5,9,26.44666666666667,53.16333333333333,1017.3,27.4,7.8,62.0,14.8,16.836,257.21466666666663,1.0,1
2025-09-19 17:00:00,17,5,9,26.406666666666663,55.04333333333333,1017.7333333333336,26.4,7.0,67.0,12.6,5.313571428571429,267.2967857142857,1.0,1
2025-09-19 18:00:00,18,5,9,26.44,56.505,1018.1,25.6,11.7,73.0,11.2,-4.482499999999999,275.37083333333334,1.0,1
2025-09-19 19:00:00,19,5,9,26.366666666666664,56.99333333333333,1018.5,25.2,64.1,74.0,9.7,-16.115,285.4616666666667,1.0,1
2025-09-19 20:00:00,20,5,9,26.535,57.32,1018.4,25.0,84.4,75.0,7.9,-28.633333333333336,298.7733333333333,1.0,1
2025-09-19 21:00:00,21,5,9,26.535,57.04,1018.5,24.8,46.1,76.0,5.8,-38.02666666666666,312.84666666666664,1.0,1
2025-09-19 22:00:00,22,5,9,26.7,57.355,1018.25,24.3,42.2,79.0,6.5,-45.22,330.53333333333336,1.0,1
2025-09-19 23:00:00,23,5,9,26.78,57.865,1018.0,23.9,48.4,80.0,6.5,-48.973333333333336,352.05,1.0,1
2025-09-20 00:00:00,0,6,9,26.795,58.23,1017.75,23.3,47.7,82.0,6.5,-48.27333333333333,15.013333333333334,1.0,1
2025-09-20 01:00:00,1,6,9,26.74666666666667,58.72,1017.15,22.5,85.9,85.0,7.2,-43.34666666666667,35.39666666666667,1.0,1
2025-09-20 02:00:00,2,6,9,26.71,59.26,1016.7666666666668,22.0,84.4,86.0,7.9,-35.37,51.91333333333333,1.0,1
2025-09-20 03:00:00,3,6,9,26.703333333333333,59.68333333333334,1016.3666666666668,21.5,11.7,87.0,8.3,-25.52333333333333,65.10333333333334,1.0,1
2025-09-20 04:00:00,4,6,9,26.63,59.94,1016.3666666666668,20.9,7.0,89.0,7.2,-14.258333333333333,76.485,1.0,1
2025-09-20 05:00:00,5,6,9,26.5,60.45,1016.3666666666668,20.4,12.5,90.0,9.0,-2.271875,86.640625,1.0,1
2025-09-20 06:00:00,6,6,9,26.555,60.19,1016.45,20.3,24.2,88.0,8.3,6.997307692307691,94.4303846153846,1.0,1
2025-09-20 07:00:00,7,6,9,26.29,60.35,1016.45,21.2,62.5,80.0,8.3,19.01533333333333,105.16733333333332,1.0,1
2025-09-20 08:00:00,8,6,9,26.33,60.47,1016.45,23.9,100.0,67.0,6.5,29.776666666666664,116.67333333333336,1.0,1
2025-09-20 09:00:00,9,6,9,26.53,60.06,1016.3,25.8,100.0,62.0,4.0,39.37133333333334,130.74533333333332,1.0,1
2025-09-20 10:00:00,10,6,9,26.626666666666665,59.696666666666665,1015.8333333333334,27.2,56.2,57.0,6.8,46.836,148.65066666666664,1.0,1
2025-09-20 11:00:00,11,6,9,26.73,59.48,1015.1,28.2,65.6,52.0,9.4,50.81142857142856,170.64466666666667,1.0,1
2025-09-20 12:00:00,12,6,9,26.898,58.922,1014.22,28.3,17.2,54.0,12.6,50.346,194.196,1.0,1
2025-09-20 13:00:00,13,6,9,27.14333333333333,58.18666666666667,1013.4333333333334,29.0,9.4,53.0,16.2,45.468,215.4146666666667,1.0,1
2025-09-20 14:00:00,14,6,9,27.265,57.943333333333335,1012.8666666666668,28.1,30.5,59.0,17.6,37.438,232.40466666666663,1.0,1
2025-09-20 15:00:00,15,6,9,27.4,57.735,1012.2666666666664,27.8,42.2,61.0,15.8,27.518,245.8073333333333,1.0,1
2025-09-20 16:00:00,16,6,9,27.51,57.8,1011.8,27.2,82.8,64.0,13.7,16.584,256.90666666666664,1.0,1
2025-09-20 17:00:00,17,6,9,27.6,58.03,1011.8,26.0,100.0,70.0,13.7,5.305357142857142,266.79571428571427,1.0,1
2025-09-20 18:00:00,18,6,9,27.48333333333333,58.14000000000001,1012.2,25.4,100.0,74.0,12.2,-4.4816666666666665,274.8625,1.0,1
2025-09-20 19:00:00,19,6,9,27.445,58.245,1012.4,24.9,100.0,79.0,9.0,-16.121666666666666,284.92333333333335,1.0,1
2025-09-20 20:00:00,20,6,9,27.31,58.28,1012.6,24.9,100.0,78.0,8.6,-28.676666666666662,298.1766666666667,1.0,1
2025-09-20 21:00:00,21,6,9,27.316666666666663,58.46333333333333,1011.8666666666668,24.8,63.3,78.0,7.6,-38.14333333333334,312.1933333333333,1.0,1
2025-09-20 22:00:00,22,6,9,27.265,58.758,1011.325,24.5,21.9,80.0,6.1,-45.44,329.86,1.0,1
2025-09-20 23:00:00,23,6,9,27.235,59.14666666666667,1011.025,24.1,25.0,81.0,5.0,-49.31999999999999,351.6333333333334,1.0,1
2025-09-21 00:00:00,0,7,9,27.1875,59.64750000000001,1010.375,23.8,17.2,83.0,5.8,-48.653333333333336,15.13,1.0,1
2025-09-21 01:00:00,1,7,9,27.115,60.27,1009.5333333333332,23.6,29.7,84.0,6.8,-43.7,35.63666666666666,1.0,1
2025-09-21 02:00:00,2,7,9,27.06,60.53666666666667,1008.85,23.0,35.2,86.0,5.4,-35.68,52.20333333333334,1.0,1
2025-09-21 03:00:00,3,7,9,26.9,60.98,1008.3666666666668,22.8,36.7,88.0,6.8,-25.80333333333333,65.40333333333332,1.0,1
2025-09-21 04:00:00,4,7,9,26.836666666666662,61.150000000000006,1008.35,22.4,30.5,89.0,6.8,-14.255,77.02166666666666,1.0,1
2025-09-21 05:00:00,5,7,9,26.835,61.31,1008.4,22.0,40.6,89.0,7.2,-2.545333333333333,86.92466666666665,1.0,1
2025-09-21 06:00:00,6,7,9,26.75,61.51333333333333,1008.25,21.6,25.8,90.0,6.8,6.56346153846154,94.56653846153849,1.0,1
2025-09-21 07:00:00,7,7,9,26.8,61.34,1008.25,22.5,71.1,82.0,6.1,18.256666666666668,104.99666666666668,1.0,1
2025-09-21 08:00:00,8,7,9,26.765,61.5425,1008.4,24.7,15.6,70.0,4.0,29.032666666666668,116.418,1.0,1
2025-09-21 09:00:00,9,7,9,26.82,61.44333333333333,1008.2666666666664,26.4,67.2,63.0,4.3,38.662000000000006,130.334,1.0,1
2025-09-21 10:00:00,10,7,9,26.90333333333333,61.4225,1007.9,27.6,98.4,57.0,6.1,46.212,147.98266666666666,1.0,1
2025-09-21 11:00:00,11,7,9,27.155,60.81666666666667,1007.15,26.8,99.2,60.0,9.0,50.419375,170.39625,1.0,1
2025-09-21 12:00:00,12,7,9,27.322000000000003,60.352,1006.325,26.9,93.0,61.0,14.0,49.964666666666666,194.0846666666667,1.0,1
2025-09-21 13:00:00,13,7,9,27.4875,60.59,1005.3666666666668,28.6,79.7,57.0,13.7,45.12266666666667,215.1733333333333,1.0,1
2025-09-21 14:00:00,14,7,9,27.526,60.685,1004.4833333333332,28.0,97.7,60.0,16.9,37.129333333333335,232.10866666666664,1.0,1
2025-09-21 15:00:00,15,7,9,27.430000000000003,61.05666666666667,1003.8,28.4,72.7,56.0,14.4,27.241333333333333,245.498,1.0,1
2025-09-21 16:00:00,16,7,9,27.522,61.25600000000001,1004.025,28.4,36.7,57.0,14.0,16.325333333333337,256.6046666666668,1.0,1
2025-09-21 17:00:00,17,7,9,27.52333333333333,60.873333333333335,1003.8333333333334,27.0,33.6,64.0,13.7,5.121379310344827,266.45206896551724,1.0,1
2025-09-21 18:00:00,18,7,9,27.296666666666667,60.10666666666666,1004.05,25.7,18.7,71.0,14.0,-5.491666666666666,275.1658333333333,1.0,1
2025-09-21 19:00:00,19,7,9,27.32333333333333,59.734,1004.7,28.0,0.8,48.0,24.8,-16.952,285.14,1.0,1
2025-09-21 20:00:00,20,7,9,27.243333333333336,59.620000000000005,1005.72,23.1,64.1,72.0,35.3,-28.723333333333333,297.58,1.0,1
2025-09-21 21:00:00,21,7,9,27.12666666666667,59.5675,1006.4666666666668,23.1,3.9,67.0,37.4,-38.26,311.5433333333333,1.0,1
2025-09-21 22:00:00,22,7,9,27.09,59.355,1006.75,22.5,7.0,60.0,33.5,-45.66,329.1766666666667,1.0,1
2025-09-21 23:00:00,23,7,9,27.04,59.22,1007.15,21.8,1.6,61.0,26.3,-49.66,351.20666666666665,1.0,1
2025-09-22 00:00:00,0,1,9,26.956666666666667,59.0275,1007.6,20.8,17.2,66.0,19.8,-49.03,15.246666666666668,1.0,1
2025-09-22 01:00:00,1,1,9,26.34,58.025,1007.95,20.2,19.5,72.0,14.0,-44.04666666666666,35.876666666666665,1.0,1
2025-09-22 02:00:00,2,1,9,25.72,52.88,1008.15,19.9,38.3,72.0,15.5,-35.99,52.49333333333333,1.0,0
2025-09-22 03:00:00,3,1,9,25.58,49.46,1008.4333333333332,19.5,45.3,62.0,15.8,-26.08,65.71,0.0,0
2025-09-22 04:00:00,4,1,9,25.335,48.465,1008.85,19.0,24.2,54.0,15.5,-14.250000000000002,77.55833333333332,0.0,0
2025-09-22 05:00:00,5,1,9,25.0,46.528,1009.16,18.0,7.8,54.0,13.0,-2.543333333333333,87.43199999999999,0.0,0
2025-09-22 06:00:00,6,1,9,24.41,45.73,1009.7666666666668,16.9,0.8,59.0,10.4,6.562692307692307,95.07576923076924,0.0,0
2025-09-22 07:00:00,7,1,9,24.91,44.90571428571428,1010.58,17.8,0.0,55.0,9.4,18.238,105.53066666666663,0.0,0
2025-09-22 08:00:00,8,1,9,25.02,45.5,1011.1,19.5,0.0,44.0,9.0,28.974666666666668,116.99666666666668,0.0,0
2025-09-22 09:00:00,9,1,9,25.07333333333333,41.96666666666667,1011.0,21.3,0.0,36.0,5.4,38.53733333333333,130.96266666666668,0.0,0
2025-09-22 10:00:00,10,1,9,25.64333333333333,43.50666666666667,1010.5333333333332,23.0,0.0,30.0,6.8,45.98733333333333,148.63733333333332,0.0,0
2025-09-22 11:00:00,11,1,9,26.045,43.65666666666667,1010.0666666666666,24.1,0.0,28.0,10.8,50.04,170.90937499999998,0.0,0
2025-09-22 12:00:00,12,1,9,25.57333333333333,39.50333333333333,1009.4333333333334,25.0,0.0,28.0,16.9,49.58466666666667,193.9753333333333,0.0,0
2025-09-22 13:00:00,13,1,9,24.96,42.605,1009.25,24.8,0.0,30.0,19.1,44.772666666666666,214.93133333333336,0.0,0
2025-09-22 14:00:00,14,1,9,24.96,44.935,1009.1,24.6,0.0,32.0,21.2,36.82,231.814,0.0,0
2025-09-22 15:00:00,15,1,9,24.86,44.785,1008.8,24.2,0.0,35.0,23.8,26.96333333333333,245.1953333333333,0.0,0
2025-09-22 16:00:00,16,1,9,24.975,43.17,1009.0,23.6,0.0,35.0,20.9,16.070666666666668,256.2993333333333,0.0,0
2025-09-22 17:00:00,17,1,9,25.286666666666665,41.73666666666667,1009.35,23.0,0.0,36.0,18.7,4.7572413793103445,266.25689655172414,0.0,0
2025-09-22 18:00:00,18,1,9,25.040000000000003,42.98,1009.7666666666668,22.2,0.0,42.0,15.8,-5.957272727272726,275.0190909090909,0.0,0
2025-09-22 19:00:00,19,1,9,24.83,44.44,1010.4,21.9,0.0,45.0,13.3,-16.956,284.59800000000007,0.0,0
2025-09-22 20:00:00,20,1,9,25.146666666666665,44.05,1010.875,21.5,0.0,48.0,10.4,-28.766666666666666,296.9866666666667,0.0,0
2025-09-22 21:00:00,21,1,9,25.44,43.295,1011.45,21.1,0.0,50.0,9.7,-38.373333333333335,310.8933333333333,0.0,0
2025-09-22 22:00:00,22,1,9,25.38,42.77,1011.6,20.4,0.0,51.0,8.6,-45.876666666666665,328.5,0.0,0
2025-09-22 23:00:00,23,1,9,25.37,42.175,1011.3,19.5,15.6,53.0,10.1,-50.1475,352.545,0.0,1
2025-09-23 00:00:00,0,2,9,25.315,42.005,1011.15,18.9,20.3,53.0,12.6,-49.41333333333333,15.366666666666667,1.0,0
2025-09-23 01:00:00,1,2,9,25.4,41.56,1010.8,18.0,5.5,51.0,16.6,-44.38666666666666,36.126666666666665,0.0,0
2025-09-23 02:00:00,2,2,9,25.3,41.41,1010.7,17.2,3.9,53.0,15.1,-36.29333333333333,52.79,0.0,0
2025-09-23 03:00:00,3,2,9,25.23,41.26,1010.55,16.6,1.6,56.0,11.2,-26.35333333333333,66.01666666666667,0.0,0
2025-09-23 04:00:00,4,2,9,24.86,40.875,1010.65,16.0,2.3,58.0,8.6,-15.691666666666665,76.79,0.0,0
2025-09-23 05:00:00,5,2,9,24.415,40.79,1010.85,15.4,2.3,60.0,8.3,-3.341333333333333,87.29066666666667,0.0,0
2025-09-23 06:00:00,6,2,9,24.115,41.86666666666667,1011.2166666666668,15.0,6.2,62.0,8.6,6.372592592592592,95.42370370370372,0.0,0
2025-09-23 07:00:00,7,2,9,24.79,44.8425,1011.75,17.0,22.7,52.0,10.4,18.22133333333333,106.06933333333336,0.0,0
2025-09-23 08:00:00,8,2,9,24.9725,45.370000000000005,1012.075,19.2,29.7,43.0,10.4,28.915333333333333,117.57533333333336,0.0,0
2025-09-23 09:00:00,9,2,9,24.8,43.60666666666666,1012.1,21.6,1.6,34.0,6.5,38.41133333333333,131.59533333333334,0.0,0
2025-09-23 10:00:00,10,2,9,24.535,40.36,1011.85,23.5,1.6,32.0,7.9,45.760666666666665,149.29333333333332,0.0,0
2025-09-23 11:00:00,11,2,9,24.473333333333333,45.28666666666666,1011.4,24.7,7.0,30.0,8.6,49.696000000000005,170.84333333333336,0.0,0
2025-09-23 12:00:00,12,2,9,24.495,45.985,1010.95,25.4,9.4,27.0,14.8,49.20333333333334,193.86666666666667,0.0,0
2025-09-23 13:00:00,13,2,9,24.41,46.370000000000005,1010.8333333333334,25.5,18.0,27.0,17.3,44.42466666666666,214.69266666666667,0.0,0
2025-09-23 14:00:00,14,2,9,24.375,46.84666666666667,1010.9,24.6,24.2,34.0,19.8,36.51,231.522,0.0,0
2025-09-23 15:00:00,15,2,9,24.39,47.298,1010.85,23.4,9.4,43.0,18.7,26.686000000000003,244.888,0.0,0
2025-09-23 16:00:00,16,2,9,24.53,47.27,1010.9,23.2,1.6,44.0,19.4,15.81133333333334,255.9993333333333,0.0,0
2025-09-23 17:00:00,17,2,9,24.605000000000004,47.26,1011.5333333333332,22.4,4.7,47.0,16.9,4.762068965517241,265.74551724137933,0.0,0
2025-09-23 18:00:00,18,2,9,24.50333333333333,47.285,1012.15,21.7,0.0,50.0,13.0,-5.958181818181819,274.51272727272726,0.0,0
2025-09-23 19:00:00,19,2,9,24.776666666666667,46.673333333333325,1012.6333333333332,21.5,0.0,52.0,11.2,-16.962,284.05800000000005,0.0,0
2025-09-23 20:00:00,20,2,9,25.01333333333333,46.123333333333335,1013.1666666666666,21.0,1.6,55.0,10.4,-28.80666666666667,296.39000000000004,0.0,0
2025-09-23 21:00:00,21,2,9,25.02,45.965,1013.6,20.3,12.5,55.0,9.7,-38.48666666666667,310.24,0.0,0
2025-09-23 22:00:00,22,2,9,24.94,46.175,1014.0,19.7,41.4,56.0,13.0,-46.09333333333333,327.81333333333333,0.0,0
2025-09-23 23:00:00,23,2,9,24.94,46.18,1014.2,19.4,39.8,39.0,20.5,-50.4975,352.08250000000004,0.0,0
2025-09-24 00:00:00,0,3,9,24.4675,45.89666666666667,1014.35,19.1,25.0,30.0,19.1,-49.79333333333333,15.49,0.0,0
2025-09-24 01:00:00,1,3,9,24.465000000000003,44.885000000000005,1014.25,18.3,6.2,34.0,18.0,-44.73333333333333,36.373333333333335,0.0,0
2025-09-24 02:00:00,2,3,9,24.04666666666667,42.52666666666666,1014.0,17.5,6.2,36.0,15.8,-36.60333333333333,53.086666666666666,0.0,0
2025-09-24 03:00:00,3,3,9,23.44,39.94,1014.0,16.8,12.5,37.0,14.0,-26.63,66.32000000000001,0.0,0
2025-09-24 04:00:00,4,3,9,22.96666666666667,37.9,1014.2,16.4,38.3,38.0,13.3,-15.731666666666667,77.28666666666668,0.0,0
2025-09-24 05:00:00,5,3,9,22.512500000000003,37.355,1014.5,16.1,3.9,39.0,13.0,-3.337333333333333,87.79933333333332,0.0,0
2025-09-24 06:00:00,6,3,9,22.915,37.78,1014.9,15.6,16.4,41.0,11.9,6.369999999999998,95.93148148148148,0.0,0
2025-09-24 07:00:00,7,3,9,22.813333333333333,42.8675,1015.22,15.9,31.2,40.0,14.4,18.203333333333333,106.60533333333336,0.0,0
2025-09-24 20:00:00,20,3,9,24.3,47.025000000000006,1014.75,21.0,100.0,58.0,14.0,-28.850000000000005,295.7966666666667,0.0,0
2025-09-24 21:00:00,21,3,9,24.42,46.715,1015.05,20.6,57.0,60.0,13.3,-38.59666666666666,309.59,0.0,0
2025-09-24 22:00:00,22,3,9,24.46,46.43,1015.1,20.1,40.6,62.0,12.2,-46.3,327.1233333333333,0.0,0
2025-09-24 23:00:00,23,3,9,24.51333333333333,46.13666666666666,1014.9,19.6,57.8,64.0,9.4,-50.845,351.6125,0.0,0
2025-09-25 00:00:00,0,4,9,24.49,46.05666666666667,1014.4333333333334,18.9,80.5,64.0,9.0,-50.17,15.613333333333332,0.0,0
2025-09-25 01:00:00,1,4,9,24.47,45.95333333333334,1014.2,18.9,82.8,61.0,10.8,-45.07999999999999,36.623333333333335,0.0,0
2025-09-25 02:00:00,2,4,9,24.37,45.93,1014.2,18.6,100.0,60.0,10.1,-36.91,53.38666666666666,0.0,0
2025-09-25 03:00:00,3,4,9,24.35,46.03,1013.9,18.7,100.0,60.0,10.1,-26.906666666666663,66.63,0.0,0
2025-09-25 04:00:00,4,4,9,24.41,45.6,1014.0,18.9,100.0,59.0,10.4,-15.771666666666668,77.78666666666666,0.0,0
2025-09-25 05:00:00,5,4,9,23.87,46.36333333333334,1014.0666666666666,19.1,97.7,59.0,10.8,-3.65642857142857,88.05357142857142,0.0,0
2025-09-25 06:00:00,6,4,9,24.185,49.29,1014.3,19.0,87.5,60.0,10.8,5.955925925925926,96.0822222222222,0.0,0
2025-09-25 07:00:00,7,4,9,24.455,48.555,1014.5,19.3,8.6,56.0,12.2,17.449333333333335,106.43533333333332,0.0,0
2025-09-25 08:00:00,8,4,9,24.765,47.73,1014.7,20.9,51.6,51.0,13.3,28.11733333333333,117.89866666666668,0.0,0
2025-09-25 09:00:00,9,4,9,24.86,45.15,1014.7,22.3,50.8,48.0,12.2,37.58133333333334,131.80933333333334,0.0,0
2025-09-25 10:00:00,10,4,9,24.89,48.13,1014.35,23.5,38.3,44.0,10.1,44.91666666666666,149.2813333333333,0.0,0
2025-09-25 11:00:00,11,4,9,25.075000000000003,45.28333333333333,1013.85,24.7,82.8,41.0,8.6,48.88466666666667,171.11125,0.0,0
2025-09-25 12:00:00,12,4,9,24.936,43.946000000000005,1013.1,24.5,52.3,42.0,11.9,48.44133333333333,193.6506666666667,0.0,0
2025-09-25 13:00:00,13,4,9,24.466,48.82600000000001,1012.0333333333332,24.6,82.8,45.0,16.2,43.72733333333333,214.2213333333333,0.0,0
2025-09-25 14:00:00,14,4,9,24.39,50.94,1011.5,24.3,28.9,47.0,14.0,35.888000000000005,230.9413333333333,0.0,0
2025-09-25 15:00:00,15,4,9,24.37,50.83,1011.6,24.8,2.3,45.0,18.4,26.128,244.28266666666664,0.0,0
2025-09-25 16:00:00,16,4,9,24.536666666666665,50.39333333333334,1011.9,24.1,6.2,46.0,23.4,14.938125,255.71625,0.0,0
2025-09-25 17:00:00,17,4,9,24.505000000000003,50.255,1012.3,23.0,25.8,50.0,19.4,4.190714285714286,265.21357142857136,0.0,0
2025-09-25 18:00:00,18,4,9,24.4,50.41333333333333,1012.7,22.6,46.9,52.0,17.6,-7.067272727272728,274.40909090909093,0.0,0
2025-09-25 19:00:00,19,4,9,24.34,50.67,1013.3333333333334,22.2,35.9,57.0,14.8,-17.8325,283.7625,0.0,0
2025-09-25 20:00:00,20,4,9,24.570000000000004,50.02,1013.9666666666668,22.0,98.4,57.0,16.2,-28.883333333333336,295.2033333333333,0.0,0
2025-09-25 21:00:00,21,4,9,24.7,49.83,1014.2,21.9,100.0,58.0,14.4,-38.7,308.93333333333334,0.0,0
2025-09-25 22:00:00,22,4,9,24.72,49.76,1014.2,21.5,86.7,61.0,13.7,-46.51,326.43,0.0,0
2025-09-25 23:00:00,23,4,9,24.633333333333336,50.1,1013.9333333333334,20.4,3.9,68.0,12.6,-51.1925,351.1375,0.0,0
2025-09-26 00:00:00,0,5,9,24.67,50.19,1013.9,19.4,7.8,73.0,10.8,-50.55,15.746666666666668,0.0,0
2025-09-26 01:00:00,1,5,9,24.563333333333333,50.38333333333333,1013.45,18.9,10.9,77.0,10.8,-45.42666666666667,36.88,0.0,0
2025-09-26 02:00:00,2,5,9,24.57,50.34,1013.1,18.6,4.7,79.0,11.9,-37.21333333333333,53.69,0.0,0
2025-09-26 03:00:00,3,5,9,24.51,50.54333333333333,1012.9,18.2,2.3,80.0,13.0,-27.176666666666662,66.94,0.0,0
2025-09-26 04:00:00,4,5,9,24.285,50.51,1013.15,17.5,3.1,82.0,10.8,-15.811666666666667,78.28833333333333,0.0,0
2025-09-26 05:00:00,5,5,9,23.675,51.835,1013.4,16.7,1.6,84.0,9.4,-3.656428571428571,88.56285714285715,0.0,0
2025-09-26 06:00:00,6,5,9,24.385,56.34333333333333,1013.6333333333332,16.1,3.9,85.0,9.7,5.952222222222222,96.5896296296296,0.0,0
2025-09-26 07:00:00,7,5,9,24.575,51.94,1014.0,17.1,0.0,76.0,9.0,17.432666666666666,106.97266666666664,0.0,0
2025-09-26 08:00:00,8,5,9,24.79,50.120000000000005,1014.3,19.9,0.8,64.0,7.2,28.05733333333333,118.47466666666668,0.0,0
2025-09-26 09:00:00,9,5,9,24.5175,50.415,1014.1,22.1,0.0,59.0,4.3,37.45133333333333,132.43400000000003,0.0,0
2025-09-26 10:00:00,10,5,9,24.956666666666667,51.24333333333334,1013.7333333333332,23.6,0.0,53.0,4.3,44.687333333333335,149.92533333333333,0.0,0
2025-09-26 11:00:00,11,5,9,24.77333333333333,46.5875,1013.05,24.9,3.1,49.0,7.9,48.542,171.04800000000006,0.0,0
2025-09-26 12:00:00,12,5,9,24.41,47.1075,1012.1666666666666,25.7,12.5,47.0,11.5,48.06133333333333,193.5433333333333,0.0,0
2025-09-26 13:00:00,13,5,9,24.35,53.35333333333333,1011.6,25.9,16.4,47.0,15.1,43.37733333333333,213.99000000000004,0.0,0
2025-09-26 14:00:00,14,5,9,24.375,53.965,1011.1,25.0,10.9,52.0,18.0,35.57933333333333,230.654,0.0,0
2025-09-26 15:00:00,15,5,9,24.4,54.18,1011.2,24.9,7.0,53.0,21.2,25.84933333333333,243.98066666666665,0.0,0
2025-09-26 16:00:00,16,5,9,24.58,55.52666666666667,1010.9,24.4,0.0,58.0,23.4,14.714999999999996,255.386875,0.0,0
2025-09-26 17:00:00,17,5,9,24.89333333333333,56.73,1011.2666666666668,23.9,3.1,61.0,24.1,3.977241379310345,264.8786206896552,0.0,0
2025-09-26 18:00:00,18,5,9,24.82333333333333,58.11666666666667,1011.7666666666668,23.5,0.0,64.0,19.1,-7.555,274.299,0.0,0
2025-09-26 19:00:00,19,5,9,24.575000000000003,59.2075,1012.3333333333334,23.5,0.0,65.0,13.0,-17.8375,283.225,0.0,0
2025-09-26 20:00:00,20,5,9,24.355,59.815,1012.9,23.0,0.0,68.0,11.5,-28.923333333333336,294.6133333333333,0.0,0
2025-09-26 21:00:00,21,5,9,24.276666666666667,58.49666666666667,1013.25,22.4,0.0,69.0,11.2,-38.803333333333335,308.2833333333333,0.0,0
2025-09-26 22:00:00,22,5,9,24.49666666666667,56.94,1013.2666666666664,21.5,0.8,71.0,11.9,-46.71,325.7433333333333,0.0,0
2025-09-26 23:00:00,23,5,9,24.49,56.94,1013.2,20.6,9.4,72.0,12.2,-51.5325,350.6625,0.0,0
2025-09-27 00:00:00,0,6,9,24.413333333333338,56.7375,1013.3,19.8,18.7,75.0,15.5,-50.93333333333333,15.866666666666667,0.0,0
2025-09-27 01:00:00,1,6,9,24.45,56.65,1013.1,19.3,12.5,77.0,15.5,-45.77,37.13333333333333,0.0,0
2025-09-27 02:00:00,2,6,9,24.215,56.745000000000005,1012.8,18.8,0.0,78.0,10.8,-37.516666666666666,53.99333333333333,0.0,0
2025-09-27 03:00:00,3,6,9,24.28,56.27,1013.1,18.3,6.2,78.0,10.4,-27.453333333333333,67.25333333333333,0.0,0
2025-09-27 04:00:00,4,6,9,24.1,56.325,1013.05,17.6,4.7,80.0,9.7,-15.851666666666668,78.78666666666666,0.0,0
2025-09-27 05:00:00,5,6,9,24.03,56.13,1013.35,17.0,32.0,81.0,10.1,-3.996923076923077,88.80153846153847,0.0,0
2025-09-27 06:00:00,6,6,9,23.825000000000003,56.09,1013.6,16.6,10.9,81.0,9.0,5.764999999999999,96.9375,0.0,0
2025-09-27 07:00:00,7,6,9,23.69,56.065,1013.9,17.4,11.7,72.0,9.7,17.416,107.51133333333333,0.0,0
2025-09-27 08:00:00,8,6,9,23.785,55.52,1014.2,20.1,38.3,60.0,9.0,27.996,119.05266666666668,0.0,0
2025-09-27 09:00:00,9,6,9,24.055,54.8575,1014.1333333333332,23.1,83.6,48.0,6.1,37.322,133.06133333333332,0.0,0
2025-09-27 10:00:00,10,6,9,24.25,54.35,1013.4666666666666,25.3,19.5,41.0,5.0,44.45666666666667,150.56933333333333,0.0,0
2025-09-27 11:00:00,11,6,9,24.4125,53.785,1012.96,27.2,16.4,34.0,10.4,48.16,171.5473333333333,0.0,0
2025-09-27 12:00:00,12,6,9,24.5825,53.5875,1012.25,28.2,15.6,31.0,16.2,47.67999999999999,193.436,0.0,0
2025-09-27 13:00:00,13,6,9,24.77333333333333,54.44,1011.5666666666666,28.1,16.4,38.0,21.6,43.02733333333335,213.75933333333336,0.0,0
2025-09-27 14:00:00,14,6,9,24.880000000000003,54.9775,1011.1333333333332,27.3,67.2,46.0,23.0,35.269333333333336,230.3673333333333,0.0,0
2025-09-27 15:00:00,15,6,9,25.055,55.675,1010.55,26.6,70.3,52.0,23.0,25.56933333333334,243.6793333333333,0.0,0
2025-09-27 16:00:00,16,6,9,25.19,55.21,1010.7,26.8,56.2,52.0,21.6,14.182352941176468,255.33823529411765,0.0,1
2025-09-27 17:00:00,17,6,9,25.24,55.4,1010.9,26.5,100.0,57.0,21.6,3.793928571428571,264.52892857142854,1.0,1
2025-09-27 18:00:00,18,6,9,25.305,57.215,1011.35,25.5,100.0,66.0,22.0,-7.555,273.789,1.0,0
2025-09-27 19:00:00,19,6,9,25.186666666666667,57.76666666666667,1011.7,23.9,100.0,66.0,16.9,-17.845,282.6825,0.0,0
2025-09-27 20:00:00,20,6,9,25.12,57.38,1011.7,23.3,100.0,67.0,20.5,-28.96,294.02000000000004,0.0,0
2025-09-27 21:00:00,21,6,9,25.1,56.91,1011.9,23.2,100.0,66.0,17.6,-38.903333333333336,307.6333333333334,0.0,0
2025-09-27 22:00:00,22,6,9,25.055,57.14000000000001,1011.4666666666668,22.9,100.0,65.0,15.1,-46.91,325.0466666666667,0.0,0
2025-09-27 23:00:00,23,6,9,25.045,57.145,1011.55,21.8,100.0,70.0,10.1,-51.8725,350.175,0.0,1
2025-09-28 00:00:00,0,7,9,25.026666666666667,57.27666666666666,1011.1666666666666,21.4,99.2,72.0,7.9,-51.31,16.0,1.0,1
2025-09-28 01:00:00,1,7,9,25.0,57.26333333333334,1010.6333333333332,20.8,99.2,74.0,6.1,-46.11666666666667,37.39666666666667,1.0,0
2025-09-28 02:00:00,2,7,9,24.96666666666667,57.17,1010.2,20.4,100.0,74.0,5.4,-37.82333333333333,54.3,0.0,0
2025-09-28 03:00:00,3,7,9,24.99,57.08,1010.05,20.4,100.0,72.0,2.9,-27.72666666666667,67.56666666666666,0.0,0
2025-09-28 04:00:00,4,7,9,24.94333333333333,56.97666666666667,1009.9,20.6,100.0,69.0,3.2,-15.893333333333333,79.28166666666668,0.0,0
2025-09-28 05:00:00,5,7,9,24.898,56.922,1009.875,20.7,100.0,68.0,2.9,-3.9961538461538457,89.30846153846154,0.0,0
2025-09-28 06:00:00,6,7,9,24.855,56.94,1010.05,20.7,98.4,69.0,2.9,5.762500000000001,97.44892857142855,0.0,0
2025-09-28 07:00:00,7,7,9,24.72,57.04,1010.3,20.8,96.9,62.0,7.6,17.398,108.05000000000004,0.0,0
2025-09-28 08:00:00,8,7,9,24.7,57.0,1010.2,23.2,56.2,56.0,6.5,27.932666666666663,119.632,0.0,0
2025-09-28 09:00:00,9,7,9,24.78,57.015,1009.95,24.9,26.6,55.0,7.9,37.186,133.68133333333333,0.0,0
2025-09-28 10:00:00,10,7,9,24.905,57.11,1009.8,26.2,36.7,53.0,12.2,44.222,151.204,0.0,0
2025-09-28 11:00:00,11,7,9,25.02,57.205,1009.4,27.0,78.1,51.0,14.0,47.81357142857144,172.0373333333333,0.0,0
2025-09-28 12:00:00,12,7,9,25.116666666666664,58.01,1008.6833333333334,27.3,23.4,51.0,15.5,47.29866666666668,193.33666666666667,0.0,0
2025-09-28 13:00:00,13,7,9,25.265,58.065,1007.9,27.0,21.9,56.0,15.1,42.67866666666667,213.536,0.0,0
2025-09-28 14:00:00,14,7,9,25.35333333333333,58.17666666666667,1007.5,26.9,46.1,58.0,15.8,34.95533333333333,230.088,0.0,0
2025-09-28 15:00:00,15,7,9,25.566666666666663,58.803333333333335,1007.25,26.2,43.0,58.0,16.2,25.288666666666668,243.38333333333333,0.0,0
2025-09-28 16:00:00,16,7,9,25.6,59.02,1007.6,25.7,35.9,60.0,15.8,13.897058823529411,255.0623529411765,0.0,1
2025-09-28 17:00:00,17,7,9,25.62,59.545,1007.65,25.1,93.7,64.0,16.9,3.6114814814814817,264.17962962962963,1.0,1
2025-09-28 18:00:00,18,7,9,25.585999999999995,60.328,1007.84,24.5,100.0,67.0,16.6,-7.556,273.28000000000003,1.0,1
2025-09-28 19:00:00,19,7,9,25.58,61.0425,1008.875,23.1,99.2,74.0,20.9,-19.366,283.60600000000005,1.0,1
2025-09-28 20:00:00,20,7,9,25.53,61.325,1009.4,22.4,100.0,77.0,24.5,-32.48,297.6166666666667,1.0,1
2025-09-28 21:00:00,21,7,9,25.475,61.92,1009.3,21.8,99.2,80.0,24.5,-41.97333333333333,312.28000000000003,1.0,0
2025-09-28 22:00:00,22,7,9,25.079999999999995,62.62708333333333,1010.1347826086958,20.5,100.0,83.0,24.8,-49.16333333333333,331.1766666666667,0.0,0
2025-09-28 23:00:00,23,7,9,24.54090909090909,63.00181818181818,1009.9727272727272,20.2,100.0,84.0,26.3,-52.626666666666665,353.47333333333336,0.0,0
2025-09-29 00:00:00,0,1,9,24.672727272727272,61.66300000000001,1009.4666666666668,19.8,100.0,84.0,26.3,-51.68666666666667,16.13,0.0,0
2025-09-29 01:00:00,1,1,9,24.648333333333337,61.27666666666666,1009.5857142857142,19.2,100.0,84.0,27.4,-46.453333333333326,37.66,0.0,0
2025-09-29 02:00:00,2,1,9,24.47666666666667,61.35999999999999,1009.4666666666666,19.4,100.0,83.0,28.8,-38.123333333333335,54.61333333333334,0.0,0
2025-09-29 03:00:00,3,1,9,24.59,60.9,1009.1,18.6,100.0,89.0,26.3,-27.996666666666663,67.88,0.0,0
2025-09-29 04:00:00,4,1,9,24.65,60.64,1009.35,18.1,100.0,90.0,31.7,-15.933333333333332,79.77833333333332,0.0,0
2025-09-29 05:00:00,5,1,9,24.8,60.13999999999999,1009.7000000000002,17.9,100.0,93.0,29.2,-4.369166666666667,89.52999999999999,0.0,0
2025-09-29 06:00:00,6,1,9,24.7675,59.8825,1009.75,18.1,100.0,94.0,29.9,5.364999999999999,97.6082142857143,0.0,0
2025-09-29 07:00:00,7,1,9,24.7125,59.5925,1010.55,18.2,100.0,90.0,35.3,16.648,107.87333333333336,0.0,0
2025-09-29 08:00:00,8,1,9,24.535,59.74333333333334,1011.0,18.2,100.0,87.0,38.9,27.200666666666663,119.36666666666666,0.0,0
2025-09-29 09:00:00,9,1,9,24.27142857142857,59.281666666666666,1011.4428571428572,17.8,100.0,93.0,37.1,36.492666666666665,133.2613333333333,0.0,0
2025-09-29 10:00:00,10,1,9,23.97,59.0,1011.7,18.7,100.0,92.0,41.0,43.614,150.54733333333334,0.0,0
2025-09-29 11:00:00,11,1,9,23.836666666666662,59.60333333333333,1011.25,18.3,100.0,92.0,38.2,47.38733333333333,171.25400000000002,0.0,0
2025-09-29 12:00:00,12,1,9,23.746666666666663,60.45000000000001,1010.9666666666666,18.4,100.0,94.0,36.4,46.91733333333333,193.2373333333333,0.0,0
2025-09-29 13:00:00,13,1,9,23.792,60.444,1010.84,19.3,100.0,93.0,28.1,42.32466666666666,213.3126666666667,0.0,0
2025-09-29 14:00:00,14,1,9,23.8,60.51666666666666,1011.0666666666666,19.0,100.0,94.0,30.2,34.644,229.8106666666667,0.0,0
2025-09-29 15:00:00,15,1,9,23.793333333333333,60.64333333333334,1011.5666666666666,18.2,100.0,93.0,25.6,25.008,243.08666666666667,0.0,0
2025-09-29 16:00:00,16,1,9,23.79,60.69,1012.05,18.3,100.0,92.0,27.7,13.411111111111111,254.9744444444444,0.0,0
2025-09-29 17:00:00,17,1,9,23.78,60.67333333333334,1012.45,18.6,100.0,93.0,28.8,3.191851851851852,264.01962962962966,0.0,0
2025-09-29 18:00:00,18,1,9,23.78,60.655,1012.75,19.2,100.0,92.0,26.6,-8.065555555555555,273.18555555555554,0.0,0
2025-09-29 19:00:00,19,1,9,23.745,60.66,1013.05,18.0,100.0,94.0,23.4,-19.374,283.062,0.0,0
2025-09-29 20:00:00,20,1,9,23.795,60.66,1013.15,17.8,100.0,93.0,21.6,-32.53333333333333,297.00666666666666,0.0,0
2025-09-29 21:00:00,21,1,9,23.675,60.807500000000005,1013.275,17.0,100.0,90.0,22.0,-42.1,311.6066666666666,0.0,0
2025-09-29 22:00:00,22,1,9,23.39,61.68333333333334,1013.4333333333334,17.1,100.0,88.0,23.4,-49.39333333333334,330.47333333333336,0.0,0
2025-09-29 23:00:00,23,1,9,23.445000000000004,61.690000000000005,1013.2333333333332,17.3,100.0,88.0,24.1,-52.98333333333333,353.0466666666667,0.0,0
2025-09-30 00:00:00,0,2,9,23.55,61.63,1013.3,17.3,100.0,87.0,24.5,-52.06666666666667,16.263333333333332,0.0,0
2025-09-30 01:00:00,1,2,9,23.615,61.50333333333334,1012.8333333333334,17.3,100.0,83.0,16.9,-46.79666666666666,37.92666666666667,0.0,0
2025-09-30 02:00:00,2,2,9,23.64,61.39,1012.8333333333334,17.8,100.0,87.0,16.6,-38.42666666666667,54.92333333333334,0.0,0
2025-09-30 03:00:00,3,2,9,23.59,61.44,1012.9,17.9,99.2,88.0,17.3,-28.266666666666666,68.19666666666667,0.0,0
2025-09-30 04:00:00,4,2,9,23.6875,61.6875,1012.7333333333332,18.0,100.0,88.0,16.6,-15.975,80.27166666666666,0.0,0
2025-09-30 05:00:00,5,2,9,23.630000000000003,62.11000000000001,1013.3333333333334,17.7,100.0,87.0,16.6,-4.3675,90.03499999999998,0.0,0
2025-09-30 06:00:00,6,2,9,24.126666666666665,66.82000000000001,1013.975,17.8,100.0,91.0,19.4,5.360357142857143,98.115,0.0,0
2025-09-30 07:00:00,7,2,9,24.765,71.405,1014.4,18.8,54.7,82.0,25.6,16.632666666666665,108.41066666666669,0.0,0
2025-09-30 08:00:00,8,2,9,24.715,70.175,1014.65,19.8,89.1,80.0,22.7,27.13733333333333,119.94133333333336,0.0,0
2025-09-30 09:00:00,9,2,9,24.055,67.525,1014.9,20.5,100.0,76.0,25.9,36.35866666666667,133.87733333333333,0.0,0
2025-09-30 10:00:00,10,2,9,23.962,67.06666666666668,1015.25,21.0,100.0,75.0,32.0,43.38133333333334,151.17666666666668,0.0,0
2025-09-30 11:00:00,11,2,9,24.362,68.606,1015.16,21.7,74.2,69.0,29.9,47.06875,172.448125,0.0,0
2025-09-30 12:00:00,12,2,9,24.275,68.065,1014.7,21.9,92.2,68.0,28.8,46.351333333333336,194.5573333333333,0.0,0
2025-09-30 13:00:00,13,2,9,24.086666666666662,67.415,1014.5333333333332,22.7,52.3,61.0,22.3,41.548,214.30200000000005,0.0,0
2025-09-30 14:00:00,14,2,9,24.09,66.47,1014.5,22.7,23.4,63.0,22.0,33.739333333333335,230.504,0.0,0
2025-09-30 15:00:00,15,2,9,24.130000000000003,65.09,1014.8,22.8,20.3,64.0,19.8,24.04,243.58866666666663,0.0,0
2025-09-30 16:00:00,16,2,9,24.130000000000003,64.485,1015.1,22.5,19.5,64.0,18.4,12.612777777777776,255.1833333333333,0.0,0
2025-09-30 17:00:00,17,2,9,24.34,63.58,1015.1,21.7,10.2,70.0,15.8,3.01076923076923,263.6707692307692,0.0,0
2025-09-30 18:00:00,18,2,9,24.22666666666667,63.52666666666666,1015.4333333333334,20.5,6.2,77.0,13.0,-8.764,273.266,0.0,0
2025-09-30 19:00:00,19,2,9,24.18,63.24,1015.85,19.9,11.7,80.0,11.9,-20.46,283.50750000000005,0.0,0
2025-09-30 20:00:00,20,2,9,24.05666666666667,63.11666666666667,1016.2,19.4,12.5,81.0,9.7,-32.583333333333336,296.40000000000003,0.0,0
2025-09-30 21:00:00,21,2,9,23.97,63.12,1016.2,18.9,5.5,82.0,8.6,-42.22,310.93666666666667,0.0,0
2025-09-30 22:00:00,22,2,9,23.735,63.24,1016.0,18.2,3.1,83.0,9.4,-49.623333333333335,329.7733333333333,0.0,0
2025-09-30 23:00:00,23,2,9,23.61666666666667,63.5325,1016.1,17.6,3.1,86.0,10.1,-53.33666666666667,352.6166666666666,0.0,0
2025-10-01 00:00:00,0,3,10,23.4725,63.6225,1016.025,17.1,3.9,86.0,10.1,-52.44333333333333,16.400000000000002,0.0,0
2025-10-01 01:00:00,1,3,10,23.44,63.46,1015.8,16.6,6.2,88.0,9.4,-47.13666666666666,38.193333333333335,0.0,0
2025-10-01 02:00:00,2,3,10,23.116666666666664,63.870000000000005,1015.5666666666666,16.2,5.5,88.0,10.1,-38.72666666666667,55.23333333333333,0.0,0
2025-10-01 03:00:00,3,3,10,23.086666666666662,63.7,1015.5,16.0,3.1,87.0,10.8,-28.540000000000003,68.51333333333334,0.0,0
2025-10-01 04:00:00,4,3,10,22.915,63.57,1015.75,15.8,0.8,87.0,10.1,-16.013333333333332,80.765,0.0,0
2025-10-01 05:00:00,5,3,10,22.46666666666667,64.20666666666666,1016.05,15.8,0.0,85.0,9.7,-4.776363636363636,90.23090909090908,0.0,0
2025-10-01 06:00:00,6,3,10,22.975,63.29,1016.2,15.6,0.0,85.0,9.4,5.173793103448276,98.46,0.0,0
2025-10-01 07:00:00,7,3,10,23.165,61.935,1016.4,16.3,0.0,82.0,9.7,16.61466666666667,108.94933333333331,0.0,0
2025-10-01 08:00:00,8,3,10,23.56,61.595,1016.35,18.6,0.0,79.0,8.6,27.074,120.516,0.0,0
2025-10-01 09:00:00,9,3,10,23.466666666666665,60.330000000000005,1016.6333333333332,21.2,0.0,69.0,7.2,36.224,134.494,0.0,0
2025-10-01 10:00:00,10,3,10,24.23333333333333,57.94,1016.2666666666664,23.0,0.0,60.0,7.6,43.14533333333334,151.8046666666667,0.0,0
2025-10-01 11:00:00,11,3,10,24.41,54.8925,1015.6,23.9,0.0,60.0,8.3,46.692,172.90125,0.0,0
2025-10-01 12:00:00,12,3,10,23.9725,53.0225,1014.8666666666668,24.6,0.0,60.0,10.4,45.97466666666667,194.4473333333333,0.0,0
2025-10-01 13:00:00,13,3,10,23.930000000000003,61.586666666666666,1014.3,24.8,0.0,61.0,11.5,41.2,214.07533333333336,0.0,0
2025-10-01 14:00:00,14,3,10,24.703333333333333,63.77,1013.9333333333334,24.8,3.1,62.0,13.3,33.43066666666667,230.22666666666672,0.0,0
2025-10-01 15:00:00,15,3,10,24.715,55.405,1013.6,24.2,0.8,64.0,18.4,23.762,243.2933333333333,0.0,0
2025-10-01 16:00:00,16,3,10,24.540000000000003,52.92,1013.8,23.3,0.8,69.0,19.1,12.312222222222225,254.9255555555555,0.0,0
2025-10-01 17:00:00,17,3,10,24.926666666666662,52.04666666666666,1014.2333333333332,22.3,2.3,75.0,16.2,2.573846153846153,263.5276923076923,0.0,0
2025-10-01 18:00:00,18,3,10,24.43,49.32,1014.9,21.2,2.3,81.0,16.2,-9.32,273.21222222222224,0.0,0
2025-10-01 19:00:00,19,3,10,23.9025,55.15,1015.4333333333334,20.6,0.8,85.0,13.7,-20.465,282.96500000000003,0.0,0
2025-10-01 20:00:00,20,3,10,23.895,58.040000000000006,1015.85,20.2,17.2,86.0,12.6,-32.63,295.8,0.0,0
2025-10-01 21:00:00,21,3,10,23.97,58.62,1016.1,19.5,0.8,88.0,7.6,-42.34,310.26666666666665,0.0,0
2025-10-01 22:00:00,22,3,10,24.0,59.53,1015.8,18.6,0.0,91.0,10.1,-49.85,329.06666666666666,0.0,0
2025-10-01 23:00:00,23,3,10,23.95,60.01,1015.8,18.1,1.6,91.0,9.4,-53.68333333333334,352.18666666666667,0.0,0
2025-10-02 00:00:00,0,4,10,23.87,60.86666666666667,1016.0333333333334,17.8,3.1,90.0,9.0,-52.81999999999999,16.540000000000003,0.0,0
2025-10-02 01:00:00,1,4,10,23.83,61.365,1015.95,17.9,0.8,91.0,9.0,-47.47666666666667,38.46666666666666,0.0,0
2025-10-02 02:00:00,2,4,10,23.775,61.650000000000006,1015.75,17.6,0.0,90.0,9.4,-39.02333333333333,55.55,0.0,0
2025-10-02 03:00:00,3,4,10,23.72,62.335,1015.8,17.4,1.6,90.0,9.4,-28.81,68.83,0.0,0
2025-10-02 04:00:00,4,4,10,23.72,62.43,1015.8,17.1,7.0,89.0,8.6,-16.866,80.55,0.0,0
2025-10-02 05:00:00,5,4,10,23.4675,62.7425,1016.15,16.7,13.3,90.0,8.3,-5.379166666666666,90.24,0.0,0
2025-10-02 06:00:00,6,4,10,23.515,62.85666666666666,1016.5,16.5,17.2,90.0,8.3,5.167586206896551,98.96413793103449,0.0,0
2025-10-02 07:00:00,7,4,10,23.746666666666663,60.586666666666666,1017.0,17.5,24.2,88.0,8.6,16.597333333333335,109.48599999999998,0.0,0
2025-10-02 08:00:00,8,4,10,23.71,59.16,1017.2,19.6,25.8,85.0,8.3,27.01,121.09,0.0,0
2025-10-02 09:00:00,9,4,10,23.76,60.22,1017.3,21.6,12.5,79.0,5.8,36.086000000000006,135.10866666666666,0.0,0
2025-10-02 10:00:00,10,4,10,24.256666666666664,58.23666666666667,1016.75,22.8,24.2,74.0,5.0,42.90599999999999,152.42533333333333,0.0,0
2025-10-02 11:00:00,11,4,10,24.340000000000003,51.96,1016.25,23.7,57.8,70.0,6.1,46.31357142857144,172.8973333333333,0.0,0
2025-10-02 20:00:00,20,4,10,24.67,51.555,1016.0,20.7,0.0,86.0,11.2,-32.68,295.2,0.0,0
2025-10-02 21:00:00,21,4,10,24.630000000000003,53.425,1016.25,19.9,7.8,88.0,13.7,-42.45666666666667,309.5966666666667,0.0,0
2025-10-02 22:00:00,22,4,10,24.65,54.585,1016.05,19.9,7.8,88.0,13.7,-50.07,328.36333333333334,0.0,0
2025-10-02 23:00:00,23,4,10,24.55,56.185,1015.75,19.1,100.0,89.0,10.8,-54.03333333333333,351.75666666666666,0.0,0
2025-10-03 00:00:00,0,5,10,24.31,58.10333333333333,1015.9333333333334,18.4,85.2,91.0,9.0,-53.193333333333335,16.683333333333334,0.0,0
2025-10-03 01:00:00,1,5,10,24.35,59.02,1015.6,18.0,97.7,91.0,9.0,-47.81666666666666,38.74333333333333,0.0,0
2025-10-03 02:00:00,2,5,10,24.3125,59.97,1015.3666666666668,17.7,77.3,91.0,8.6,-39.32,55.870000000000005,0.0,0
2025-10-03 03:00:00,3,5,10,24.2,60.99,1015.2,17.6,37.5,90.0,9.4,-29.076666666666664,69.14666666666666,0.0,0
2025-10-03 04:00:00,4,5,10,24.16,61.58,1015.2,17.5,31.2,89.0,8.6,-16.914,81.034,0.0,0
2025-10-03 05:00:00,5,5,10,23.925,58.715,1015.5,17.0,45.3,90.0,8.3,-5.831818181818181,90.39272727272729,0.0,0
2025-10-03 06:00:00,6,5,10,24.3525,62.89,1015.775,16.4,57.8,92.0,6.5,4.77896551724138,99.13172413793104,0.0,0
2025-10-03 07:00:00,7,5,10,24.9,59.77,1016.0,17.2,75.0,89.0,9.0,15.852666666666664,109.30733333333336,0.0,0
2025-10-03 08:00:00,8,5,10,25.0,55.97666666666667,1016.4333333333334,19.3,41.4,86.0,6.8,26.28533333333333,120.82133333333334,0.0,0
2025-10-03 09:00:00,9,5,10,24.6,49.505,1016.4333333333334,21.5,100.0,76.0,4.7,35.40200000000001,134.68466666666663,0.0,0
2025-10-03 10:00:00,10,5,10,24.92,50.70000000000001,1016.4,22.8,100.0,73.0,4.0,42.31066666666666,151.77666666666667,0.0,0
2025-10-03 11:00:00,11,5,10,24.176666666666662,52.28,1016.0,23.5,100.0,71.0,6.5,45.920625,172.633125,0.0,0
2025-10-03 12:00:00,12,5,10,24.302,57.05166666666667,1015.1166666666668,23.9,100.0,69.0,7.6,45.218,194.24000000000004,0.0,0
2025-10-03 13:00:00,13,5,10,24.43,58.14,1014.05,24.4,100.0,68.0,9.0,40.50400000000001,213.63666666666663,0.0,0
2025-10-03 14:00:00,14,5,10,24.42,58.915,1013.65,24.4,100.0,69.0,9.0,32.80666666666666,229.682,0.0,0
2025-10-03 15:00:00,15,5,10,24.465,58.88,1013.85,23.4,100.0,72.0,10.4,23.202666666666666,242.7133333333333,0.0,0
2025-10-03 16:00:00,16,5,10,24.54,58.89,1014.1,22.6,99.2,76.0,10.1,11.75578947368421,254.38263157894733,0.0,0
2025-10-03 17:00:00,17,5,10,24.46333333333333,59.66333333333333,1014.4333333333334,22.1,95.3,81.0,7.6,2.398400000000001,262.67,0.0,0
2025-10-03 18:00:00,18,5,10,24.316666666666663,60.67666666666667,1014.8333333333334,21.2,89.1,87.0,5.0,-9.318888888888887,272.19666666666666,0.0,0
2025-10-03 19:00:00,19,5,10,24.205,61.3425,1015.5,21.1,93.0,89.0,4.7,-20.4825,281.8825,0.0,0
2025-10-03 20:00:00,20,5,10,24.29,61.315,1016.0,21.1,100.0,89.0,5.0,-32.723333333333336,294.59333333333336,0.0,0
2025-10-03 21:00:00,21,5,10,24.5,61.485,1015.95,20.3,100.0,92.0,9.0,-42.56666666666666,308.9266666666667,0.0,0
2025-10-03 22:00:00,22,5,10,24.42333333333333,61.81,1015.35,19.7,100.0,92.0,9.4,-50.28666666666666,327.65,0.0,0
2025-10-03 23:00:00,23,5,10,24.33,62.28,1014.9,19.1,98.4,91.0,9.7,-54.38,351.31666666666666,0.0,0
2025-10-04 00:00:00,0,6,10,24.31,62.49,1014.9,18.7,97.7,90.0,8.3,-53.57,16.830000000000002,0.0,0
2025-10-04 01:00:00,1,6,10,24.3525,62.582,1014.36,18.0,100.0,90.0,9.0,-48.15,39.02333333333333,0.0,0
2025-10-04 02:00:00,2,6,10,24.417500000000004,62.6,1013.75,17.6,100.0,88.0,8.3,-39.61666666666667,56.193333333333335,0.0,0
2025-10-04 03:00:00,3,6,10,24.453333333333333,62.305,1013.6666666666666,17.2,98.4,86.0,7.9,-29.343333333333334,69.47333333333334,0.0,0
2025-10-04 04:00:00,4,6,10,24.41,61.85,1013.85,16.9,69.5,86.0,8.6,-16.96,81.51599999999999,0.0,0
2025-10-04 05:00:00,5,6,10,24.43,61.13,1013.85,16.5,78.1,86.0,9.7,-5.832727272727272,90.89545454545454,0.0,0
2025-10-04 06:00:00,6,6,10,24.343333333333334,60.40666666666666,1013.9333333333334,16.3,100.0,86.0,10.8,4.772758620689655,99.63482758620692,0.0,0
2025-10-04 07:00:00,7,6,10,24.345,59.370000000000005,1014.2,17.4,100.0,83.0,11.5,15.835333333333333,109.84200000000004,0.0,0
2025-10-04 08:00:00,8,6,10,24.326666666666668,59.13999999999999,1014.15,19.4,100.0,80.0,10.1,26.22000000000001,121.388,0.0,0
2025-10-04 09:00:00,9,6,10,24.356666666666666,58.77333333333333,1013.9333333333334,22.0,96.9,74.0,9.0,35.264,135.29133333333334,0.0,0
2025-10-04 10:00:00,10,6,10,24.37,58.36,1013.4333333333334,24.4,97.7,66.0,7.6,42.07266666666666,152.38933333333333,0.0,0
2025-10-04 11:00:00,11,6,10,24.57,57.9325,1012.75,26.1,95.3,58.0,9.4,45.54466666666667,173.074375,0.0,0
2025-10-04 12:00:00,12,6,10,24.766666666666666,57.870000000000005,1012.0333333333332,27.1,99.2,54.0,11.2,44.84066666666667,194.134,0.0,0
2025-10-04 13:00:00,13,6,10,24.94666666666667,58.080000000000005,1011.5333333333334,27.6,73.4,54.0,14.8,40.158,213.4213333333333,0.0,0
2025-10-04 14:00:00,14,6,10,25.03333333333333,58.02333333333333,1010.85,26.8,97.7,61.0,16.6,32.49666666666667,229.41066666666663,0.0,0
2025-10-04 15:00:00,15,6,10,25.106666666666666,58.275,1010.475,25.8,95.3,68.0,15.8,22.924666666666663,242.42466666666667,0.0,0
2025-10-04 16:00:00,16,6,10,25.37,57.93,1010.1,25.1,94.5,72.0,13.7,11.448947368421052,254.1342105263158,0.0,1
2025-10-04 17:00:00,17,6,10,25.605,58.51,1010.45,24.1,95.3,80.0,11.9,1.9432,262.5428,1.0,1
2025-10-04 18:00:00,18,6,10,25.525,58.39,1010.8,22.8,76.6,86.0,10.4,-9.91125,272.18,1.0,1
2025-10-04 19:00:00,19,6,10,25.405,59.18,1011.0,22.3,68.7,88.0,12.6,-20.49,281.345,1.0,0
2025-10-04 20:00:00,20,6,10,25.25,59.47,1011.0,21.5,50.0,84.0,11.5,-32.77,294.0,0.0,0
2025-10-04 21:00:00,21,6,10,25.200000000000003,59.60666666666666,1011.2000000000002,20.7,16.4,84.0,13.7,-42.68,308.25666666666666,0.0,0
2025-10-04 22:00:00,22,6,10,25.0,60.08,1011.1,20.1,0.0,84.0,13.3,-50.50333333333333,326.93,0.0,0
2025-10-04 23:00:00,23,6,10,24.925,60.34333333333333,1010.9333333333332,19.3,0.8,89.0,9.4,-54.72,350.87000000000006,0.0,0
2025-10-05 00:00:00,0,7,10,24.945,60.41333333333333,1010.9,18.9,0.0,88.0,8.6,-53.94333333333333,16.966666666666665,0.0,0
2025-10-05 01:00:00,1,7,10,24.83,60.69,1010.9,18.4,0.0,87.0,7.6,-48.48666666666667,39.3,0.0,0
2025-10-05 02:00:00,2,7,10,24.89,60.575,1011.1,17.8,0.0,85.0,5.4,-39.91333333333333,56.51666666666667,0.0,0
2025-10-05 03:00:00,3,7,10,24.885,60.49,1011.4666666666666,17.6,0.0,82.0,5.0,-29.610000000000003,69.79333333333334,0.0,0
2025-10-05 04:00:00,4,7,10,24.87,60.59,1012.0,17.6,0.0,80.0,5.0,-17.009999999999998,81.99800000000002,0.0,0
2025-10-05 05:00:00,5,7,10,24.785,60.56,1012.5666666666668,17.0,0.0,79.0,7.6,-5.834545454545455,91.39636363636365,0.0,0
2025-10-05 06:00:00,6,7,10,24.602500000000003,60.7275,1013.125,16.5,1.6,76.0,8.6,4.767931034482759,100.13793103448276,0.0,0
2025-10-05 07:00:00,7,7,10,24.4025,60.712500000000006,1013.975,17.1,5.5,78.0,7.6,15.82,110.37933333333334,0.0,0
2025-10-05 08:00:00,8,7,10,24.46,60.225,1014.75,19.7,16.4,73.0,6.5,26.154666666666667,121.95866666666666,0.0,0
2025-10-05 09:00:00,9,7,10,24.595,59.6,1015.4333333333332,21.8,27.3,63.0,12.2,35.124,135.89866666666666,0.0,0
2025-10-05 10:00:00,10,7,10,24.62,59.34,1015.9,22.0,87.5,64.0,22.7,41.836666666666666,153.00133333333332,0.0,0
2025-10-05 11:00:00,11,7,10,24.62,58.95,1016.0,21.5,73.4,62.0,25.9,45.19733333333333,173.07266666666666,0.0,0
2025-10-05 12:00:00,12,7,10,24.58,58.3,1015.75,22.2,85.9,59.0,22.0,44.464000000000006,194.03466666666665,0.0,0
2025-10-05 13:00:00,13,7,10,24.56,57.29,1015.5,22.5,28.1,54.0,20.9,39.81,213.2093333333333,0.0,0
2025-10-05 14:00:00,14,7,10,24.61,56.73,1015.7,22.9,33.6,51.0,18.7,32.18466666666667,229.146,0.0,0
2025-10-05 15:00:00,15,7,10,24.65,55.94,1015.7,22.8,37.5,51.0,18.0,22.642666666666667,242.13933333333333,0.0,0
2025-10-05 16:00:00,16,7,10,24.74,55.725,1015.85,22.0,10.2,58.0,18.7,11.0795,253.94600000000003,0.0,0
2025-10-05 17:00:00,17,7,10,24.85,55.626666666666665,1016.2333333333336,21.3,18.7,64.0,16.2,1.7566666666666662,262.20250000000004,0.0,0
2025-10-05 18:00:00,18,7,10,24.855,56.075,1016.95,20.0,3.1,73.0,14.4,-10.656666666666668,272.2977777777778,0.0,0
2025-10-05 19:00:00,19,7,10,24.83,56.376666666666665,1017.6,19.8,76.6,83.0,9.0,-21.786666666666665,281.9833333333333,0.0,0
2025-10-05 20:00:00,20,7,10,24.83,56.85666666666666,1018.1,19.6,89.8,87.0,8.6,-32.81333333333333,293.4033333333333,0.0,0
2025-10-05 21:00:00,21,7,10,24.83,57.32,1018.5666666666666,19.4,81.2,88.0,7.9,-42.78666666666667,307.5933333333333,0.0,0
2025-10-05 22:00:00,22,7,10,24.785,57.835,1018.6,18.7,86.7,90.0,7.6,-50.71,326.22,0.0,0
2025-10-05 23:00:00,23,7,10,24.755,58.22,1018.4,18.1,99.2,91.0,7.6,-55.06,350.43,0.0,0
2025-10-06 00:00:00,0,1,10,24.766666666666666,58.67333333333334,1018.85,18.1,100.0,90.0,7.6,-54.31333333333333,17.123333333333335,0.0,0
2025-10-06 01:00:00,1,1,10,24.72,58.845,1018.7,18.3,99.2,94.0,6.5,-48.82,39.59333333333333,0.0,0
2025-10-06 02:00:00,2,1,10,24.676666666666662,59.16333333333333,1018.55,18.2,100.0,93.0,4.7,-40.203333333333326,56.84333333333333,0.0,0
2025-10-06 03:00:00,3,1,10,24.61,59.87,1018.55,18.1,100.0,93.0,5.4,-29.87,70.11666666666666,0.0,0
2025-10-06 04:00:00,4,1,10,24.525,60.145,1018.95,18.0,98.4,92.0,6.5,-17.06,82.48,0.0,0
2025-10-06 05:00:00,5,1,10,23.92333333333333,57.42,1019.35,17.9,100.0,90.0,7.2,-5.834545454545454,91.89727272727272,0.0,0
2025-10-06 06:00:00,6,1,10,24.21666666666667,61.196666666666665,1019.7,17.9,100.0,90.0,9.0,4.931666666666667,100.792,0.0,0
2025-10-06 07:00:00,7,1,10,24.676666666666662,59.04666666666666,1020.15,18.9,100.0,86.0,9.7,15.801333333333334,110.91,0.0,0
2025-10-06 08:00:00,8,1,10,24.633333333333336,56.69,1020.65,19.5,100.0,82.0,12.6,26.086,122.52533333333332,0.0,0
2025-10-06 09:00:00,9,1,10,24.475,55.81,1021.0,19.7,100.0,76.0,12.2,34.982,136.49933333333334,0.0,0
2025-10-06 10:00:00,10,1,10,24.92,53.55,1021.15,20.1,100.0,70.0,12.2,41.59466666666666,153.60533333333333,0.0,0
2025-10-06 11:00:00,11,1,10,25.2825,52.4225,1020.75,20.1,100.0,70.0,13.0,44.82142857142857,173.502,0.0,0
2025-10-06 12:00:00,12,1,10,24.445,53.447500000000005,1020.0333333333332,19.9,100.0,70.0,11.5,44.089333333333336,193.9353333333333,0.0,0
2025-10-06 13:00:00,13,1,10,24.08333333333333,58.49333333333334,1019.5666666666666,20.9,95.3,73.0,6.5,39.464000000000006,212.99866666666668,0.0,0
2025-10-06 14:00:00,14,1,10,24.586666666666662,60.51333333333333,1018.9333333333334,21.4,71.9,73.0,5.4,31.874666666666663,228.88066666666663,0.0,0
2025-10-06 15:00:00,15,1,10,24.866666666666664,55.13666666666666,1018.4666666666666,22.0,89.1,71.0,6.8,22.36533333333333,241.85533333333333,0.0,0
2025-10-06 16:00:00,16,1,10,24.95,54.03,1018.4,22.0,46.9,71.0,5.8,10.730476190476187,253.74571428571429,0.0,0
2025-10-06 17:00:00,17,1,10,25.125,51.955,1018.1,21.4,14.8,76.0,6.1,1.2804166666666668,262.0975,0.0,0
2025-10-06 18:00:00,18,1,10,25.15,50.28,1018.0,19.9,1.6,85.0,9.0,-11.32125,272.34000000000003,0.0,0
2025-10-06 19:00:00,19,1,10,24.45,49.41,1018.2666666666668,19.2,1.6,87.0,10.8,-21.793333333333333,281.4433333333333,0.0,0
2025-10-06 20:00:00,20,1,10,24.15,54.815,1018.4,18.6,6.2,89.0,10.8,-32.85333333333333,292.81,0.0,0
2025-10-06 21:00:00,21,1,10,24.225,56.775,1018.3,18.1,7.0,90.0,11.2,-42.89333333333334,306.9266666666667,0.0,0
2025-10-06 22:00:00,22,1,10,24.34,57.23,1018.2,17.5,3.9,91.0,10.4,-50.91666666666666,325.50333333333333,0.0,0
2025-10-06 23:00:00,23,1,10,24.405,57.9525,1017.975,17.0,8.6,91.0,8.3,-55.39666666666667,349.98,0.0,0
2025-10-07 00:00:00,0,2,10,24.41,58.39,1017.7,16.7,0.8,91.0,6.5,-54.69,17.266666666666666,0.0,0
2025-10-07 01:00:00,1,2,10,24.4,58.73,1017.3,16.3,18.0,91.0,6.5,-49.153333333333336,39.87666666666667,0.0,0
2025-10-07 02:00:00,2,2,10,24.326666666666668,59.145,1017.1666666666666,16.0,79.7,91.0,7.2,-40.49666666666667,57.16666666666666,0.0,0
2025-10-07 03:00:00,3,2,10,24.27,59.29,1017.4,15.9,100.0,91.0,7.2,-30.133333333333336,70.43666666666667,0.0,0
2025-10-07 04:00:00,4,2,10,24.265,58.945,1017.55,15.8,68.7,90.0,6.5,-17.106,82.96000000000001,0.0,0
2025-10-07 05:00:00,5,2,10,24.28,58.54333333333333,1017.45,15.5,6.2,91.0,5.8,-6.298,92.02599999999998,0.0,0
2025-10-07 06:00:00,6,2,10,24.455,60.49333333333334,1017.95,15.2,9.4,92.0,6.1,4.551,100.96766666666667,0.0,0
2025-10-07 07:00:00,7,2,10,24.63,59.63,1018.2333333333332,16.2,95.3,88.0,7.6,15.068666666666669,110.7293333333333,0.0,0
2025-10-07 08:00:00,8,2,10,24.52,58.81,1018.45,17.9,27.3,82.0,5.4,25.37266666666667,122.25266666666666,0.0,0
2025-10-07 09:00:00,9,2,10,24.415,60.98,1018.45,19.8,1.6,79.0,4.0,34.31266666666667,136.07399999999998,0.0,0
2025-10-07 10:00:00,10,2,10,24.883333333333336,60.28333333333333,1017.85,21.3,0.0,74.0,4.0,41.010666666666665,152.968,0.0,0
2025-10-07 11:00:00,11,2,10,24.58,61.08,1017.1,22.5,0.8,71.0,6.1,44.40866666666668,172.824,0.0,0
2025-10-07 12:00:00,12,2,10,24.5875,60.91499999999999,1016.2666666666668,23.4,30.5,68.0,7.9,43.71400000000001,193.83466666666664,0.0,0
2025-10-07 13:00:00,13,2,10,24.775,61.73,1015.7,23.8,27.3,67.0,10.1,39.11666666666667,212.79,0.0,0
2025-10-07 14:00:00,14,2,10,25.52333333333333,66.59666666666666,1015.45,23.7,14.8,67.0,12.6,31.568,228.616,0.0,0
2025-10-07 15:00:00,15,2,10,26.37333333333333,63.833333333333336,1015.2000000000002,22.9,2.3,70.0,12.6,22.087333333333333,241.5706666666666,0.0,0
2025-10-07 16:00:00,16,2,10,26.55,61.075,1015.35,22.3,0.8,73.0,10.4,10.41809523809524,253.51047619047617,0.0,0
2025-10-07 17:00:00,17,2,10,26.695,62.335,1015.65,21.7,3.1,77.0,7.2,1.034166666666667,261.81666666666666,0.0,0
2025-10-07 18:00:00,18,2,10,26.133333333333336,63.57333333333333,1015.9,20.7,57.0,84.0,6.1,-11.32375,271.83625,0.0,0
2025-10-07 19:00:00,19,2,10,25.69666666666667,63.72,1016.1333333333332,20.5,89.8,87.0,7.2,-21.80333333333333,280.90666666666664,0.0,0
2025-10-07 20:00:00,20,2,10,25.46666666666667,63.6,1016.2666666666668,20.0,62.5,89.0,7.9,-32.89333333333333,292.22,0.0,0
2025-10-07 21:00:00,21,2,10,25.35,63.48,1016.25,19.3,91.4,91.0,11.5,-42.99,306.26,0.0,0
2025-10-07 22:00:00,22,2,10,25.17,63.335,1016.0,18.8,7.8,91.0,12.6,-51.12,324.7766666666667,0.0,0
2025-10-07 23:00:00,23,2,10,25.06,63.23,1016.0,18.4,11.7,92.0,10.8,-55.8925,351.51750000000004,0.0,0
2025-10-08 00:00:00,0,3,10,24.8,63.370000000000005,1015.75,18.0,9.4,93.0,8.3,-55.05666666666667,17.423333333333332,0.0,0
2025-10-08 01:00:00,1,3,10,24.77,63.08,1015.4,17.8,4.7,93.0,8.3,-49.48333333333333,40.17000000000001,0.0,0
2025-10-08 02:00:00,2,3,10,24.76,62.830000000000005,1015.1,17.5,7.8,93.0,8.6,-40.78,57.49666666666667,0.0,0
2025-10-08 03:00:00,3,3,10,24.745,62.275000000000006,1014.95,17.2,3.1,93.0,7.2,-30.39333333333333,70.76333333333334,0.0,0
2025-10-08 04:00:00,4,3,10,24.675,62.02,1015.15,17.0,0.8,92.0,6.8,-17.495,83.14666666666666,0.0,0
2025-10-08 05:00:00,5,3,10,24.53,62.03,1015.1,16.8,0.8,91.0,6.1,-6.296999999999999,92.52199999999998,0.0,0
2025-10-08 06:00:00,6,3,10,24.535,62.01,1015.35,16.5,0.8,90.0,6.8,4.360344827586207,101.3,0.0,0
2025-10-08 07:00:00,7,3,10,24.64,63.28,1015.5333333333332,17.3,1.6,86.0,7.6,14.726250000000002,110.945,0.0,0
2025-10-08 08:00:00,8,3,10,25.578,63.31,1015.46,19.5,3.1,81.0,6.1,25.304666666666662,122.81466666666668,0.0,0
2025-10-08 09:00:00,9,3,10,25.596666666666668,63.373333333333335,1015.6,21.7,3.1,73.0,4.3,34.172000000000004,136.67066666666668,0.0,0
2025-10-08 10:00:00,10,3,10,26.593333333333334,64.87666666666667,1015.1,23.0,6.2,69.0,4.7,40.77200000000001,153.56333333333336,0.0,0
2025-10-08 11:00:00,11,3,10,26.75333333333333,62.95666666666667,1014.55,23.8,100.0,68.0,7.2,44.062000000000005,173.24866666666668,0.0,0
2025-10-08 12:00:00,12,3,10,26.4575,61.8325,1013.9,23.7,100.0,69.0,8.3,43.34133333333334,193.738,0.0,0
2025-10-08 13:00:00,13,3,10,26.065,61.125,1013.3,23.9,95.3,70.0,9.0,38.77266666666666,212.5853333333333,0.0,0
2025-10-08 14:00:00,14,3,10,26.206000000000007,61.142,1013.125,23.9,94.5,71.0,9.4,31.256,228.358,0.0,0
2025-10-08 15:00:00,15,3,10,26.7825,62.765,1013.1,23.5,100.0,73.0,9.7,21.80933333333333,241.29133333333337,0.0,0
2025-10-08 16:00:00,16,3,10,26.85333333333333,62.61333333333334,1013.1333333333332,22.7,100.0,76.0,10.4,10.307142857142855,253.09380952380948,0.0,0
2025-10-08 17:00:00,17,3,10,27.0675,62.6775,1013.3666666666668,21.9,100.0,81.0,8.6,1.0458333333333327,261.3095833333333,0.0,1
2025-10-08 18:00:00,18,3,10,27.21,62.905,1013.8,21.4,99.2,86.0,6.8,-11.32375,271.33375,1.0,1
2025-10-08 19:00:00,19,3,10,26.723333333333333,63.45666666666667,1014.1666666666666,21.0,10.2,89.0,6.1,-21.80666666666667,280.3733333333334,1.0,1
2025-10-08 20:00:00,20,3,10,26.32,63.885,1014.5,20.6,20.3,90.0,7.9,-32.92666666666667,291.63333333333327,1.0,0
2025-10-08 21:00:00,21,3,10,26.026666666666667,64.21666666666667,1014.35,19.7,97.7,90.0,20.5,-43.09,305.59666666666664,0.0,0
2025-10-08 22:00:00,22,3,10,25.89333333333333,64.30666666666667,1014.6333333333332,19.5,100.0,87.0,8.3,-51.31333333333333,324.0566666666666,0.0,0
2025-10-08 23:00:00,23,3,10,25.805,64.2575,1014.5,19.1,98.4,86.0,8.3,-56.23,351.0225,0.0,0
2025-10-09 00:00:00,0,4,10,25.19666666666667,64.32285714285715,1014.7375,18.3,100.0,91.0,8.3,-55.42666666666667,17.573333333333334,0.0,0
2025-10-09 01:00:00,1,4,10,24.62846153846154,63.45857142857143,1013.7692307692306,18.6,100.0,95.0,14.4,-49.80666666666667,40.46,0.0,0
2025-10-09 02:00:00,2,4,10,25.026666666666667,62.5675,1013.3666666666668,18.2,100.0,93.0,6.1,-41.07,57.82333333333333,0.0,0
2025-10-09 03:00:00,3,4,10,25.04,62.52,1013.6,18.0,99.2,94.0,9.0,-30.653333333333336,71.08666666666666,0.0,0
2025-10-09 04:00:00,4,4,10,24.9275,62.6975,1013.675,17.7,98.4,94.0,5.0,-18.414,82.86799999999998,0.0,0
2025-10-09 05:00:00,5,4,10,24.682,62.8625,1014.025,17.3,94.5,95.0,6.8,-6.9409090909090905,92.48818181818184,0.0,0
2025-10-09 06:00:00,6,4,10,24.21,63.16250000000001,1014.275,16.8,95.3,94.0,7.6,4.351379310344827,101.79689655172416,0.0,0
2025-10-09 07:00:00,7,4,10,24.32333333333333,62.78666666666666,1014.78,17.6,100.0,89.0,16.2,14.71125,111.47437500000002,0.0,0
2025-10-09 08:00:00,8,4,10,24.682,61.92,1015.52,18.3,100.0,88.0,14.8,25.239999999999995,123.37666666666668,0.0,0
2025-10-09 09:00:00,9,4,10,24.695,61.883333333333326,1016.1333333333332,18.6,100.0,88.0,15.8,34.032000000000004,137.264,0.0,0
2025-10-09 10:00:00,10,4,10,24.69333333333333,61.86333333333332,1015.5666666666668,18.7,100.0,84.0,17.3,40.53266666666666,154.15666666666664,0.0,0
2025-10-09 11:00:00,11,4,10,24.65,61.97,1015.1,18.9,100.0,79.0,15.5,43.690000000000005,173.67133333333334,0.0,0
2025-10-09 12:00:00,12,4,10,24.565,62.10333333333333,1015.0,18.5,100.0,84.0,16.6,42.97066666666667,193.642,0.0,0
2025-10-09 13:00:00,13,4,10,24.64,61.79,1015.0,18.4,100.0,88.0,13.7,38.43,212.3833333333333,0.0,0
2025-10-09 14:00:00,14,4,10,24.57,61.62,1014.8,18.4,100.0,90.0,12.2,30.94933333333334,228.10066666666668,0.0,0
2025-10-09 15:00:00,15,4,10,24.565,61.58,1015.1,18.9,100.0,88.0,16.2,21.532666666666664,241.01200000000003,0.0,0
2025-10-09 16:00:00,16,4,10,24.53,61.59,1015.45,18.7,100.0,90.0,18.4,9.990909090909092,252.8686363636364,0.0,0
2025-10-09 17:00:00,17,4,10,24.570000000000004,61.64,1015.8333333333334,18.3,100.0,92.0,16.2,0.574583333333334,261.20375,0.0,0
2025-10-09 18:00:00,18,4,10,24.565,61.66666666666666,1016.3666666666668,17.8,100.0,94.0,15.5,-12.082857142857142,271.4585714285714,0.0,0
2025-10-09 19:00:00,19,4,10,24.46,62.005,1016.85,17.7,100.0,88.0,18.4,-21.813333333333333,279.8433333333333,0.0,0
2025-10-09 20:00:00,20,4,10,24.450000000000003,62.03666666666667,1017.4,17.5,100.0,91.0,15.5,-32.96333333333333,291.0466666666667,0.0,0
2025-10-09 21:00:00,21,4,10,24.485,62.055,1017.3,17.6,100.0,91.0,15.5,-43.18333333333334,304.93666666666667,0.0,0
2025-10-09 22:00:00,22,4,10,24.44,62.12,1017.3,17.7,100.0,90.0,16.2,-51.50666666666667,323.33666666666664,0.0,0
2025-10-09 23:00:00,23,4,10,24.44,62.12,1017.1,17.3,100.0,94.0,18.0,-56.56750000000001,350.52500000000003,0.0,0
2025-10-10 00:00:00,0,5,10,24.380000000000003,62.2,1017.2,17.1,100.0,95.0,22.3,-55.79333333333333,17.733333333333334,0.0,0
2025-10-10 01:00:00,1,5,10,24.32,62.365,1017.2,16.6,100.0,94.0,18.0,-50.13666666666666,40.75666666666667,0.0,0
2025-10-10 02:00:00,2,5,10,24.22,62.49,1017.15,16.9,100.0,92.0,21.6,-41.35333333333333,58.156666666666666,0.0,0
2025-10-10 03:00:00,3,5,10,24.172,62.55,1017.2,17.1,100.0,92.0,19.1,-30.91,71.41333333333334,0.0,0
2025-10-10 04:00:00,4,5,10,24.185,62.525,1017.86,16.6,100.0,94.0,16.2,-18.508000000000003,83.3,0.0,0
2025-10-10 05:00:00,5,5,10,24.12,62.51,1018.2,16.4,100.0,93.0,16.2,-6.943636363636363,92.98181818181818,0.0,0
2025-10-10 06:00:00,6,5,10,24.070000000000004,62.56666666666666,1018.5,16.6,100.0,94.0,19.1,4.161785714285714,102.12535714285713,0.0,0
2025-10-10 07:00:00,7,5,10,24.06,62.53666666666667,1019.0,16.4,100.0,91.0,23.8,14.384705882352945,111.69941176470591,0.0,0
2025-10-10 08:00:00,8,5,10,24.01,62.595,1019.525,16.3,100.0,91.0,23.4,25.16933333333333,123.93466666666669,0.0,0
2025-10-10 09:00:00,9,5,10,23.94333333333333,62.6425,1019.825,16.8,100.0,88.0,19.4,33.88666666666666,137.85133333333334,0.0,0
2025-10-10 10:00:00,10,5,10,23.91,62.67,1019.95,17.5,100.0,86.0,22.3,40.28866666666667,154.74200000000002,0.0,0
2025-10-10 11:00:00,11,5,10,23.79,62.84,1019.6,17.9,100.0,88.0,18.0,43.34642857142857,173.6792857142857,0.0,0
2025-10-10 12:00:00,12,5,10,23.6625,63.02,1019.55,18.8,99.2,83.0,19.4,42.59933333333333,193.544,0.0,0
2025-10-10 13:00:00,13,5,10,23.61,63.21,1019.05,18.6,100.0,89.0,18.7,38.08866666666666,212.1793333333333,0.0,0
2025-10-10 14:00:00,14,5,10,23.515,63.585,1018.85,18.5,100.0,87.0,23.8,30.64133333333333,227.844,0.0,0
2025-10-10 15:00:00,15,5,10,23.445,63.845,1018.95,20.0,99.2,81.0,24.8,21.258666666666667,240.7326666666667,0.0,0
2025-10-10 16:00:00,16,5,10,23.44333333333333,64.08999999999999,1019.1666666666666,20.0,97.7,78.0,26.3,9.67318181818182,252.64363636363632,0.0,0
2025-10-10 17:00:00,17,5,10,23.46,64.12,1019.2666666666668,19.7,65.6,76.0,26.6,0.3856521739130437,260.87173913043483,0.0,0
2025-10-10 18:00:00,18,5,10,23.44333333333333,64.03,1019.4333333333332,19.3,18.7,75.0,25.6,-12.82375,271.57750000000004,0.0,0
2025-10-10 19:00:00,19,5,10,23.51,63.86,1019.4333333333332,18.5,65.6,81.0,23.8,-25.61,282.83,0.0,0
2025-10-10 20:00:00,20,5,10,23.5,63.645,1019.55,18.5,64.1,80.0,24.8,-36.56,294.69,0.0,0
2025-10-10 21:00:00,21,5,10,23.405,63.575,1019.7,18.1,50.0,80.0,24.8,-46.35333333333333,309.78666666666663,0.0,0
2025-10-10 22:00:00,22,5,10,23.366666666666664,63.48,1019.2,17.7,51.6,81.0,22.3,-53.82999999999999,330.02000000000004,0.0,0
2025-10-10 23:00:00,23,5,10,23.2,63.62666666666667,1018.65,17.7,32.0,80.0,20.9,-57.303333333333335,354.07,0.0,0
2025-10-11 00:00:00,0,6,10,22.94,64.12,1018.6,17.8,52.3,79.0,25.2,-56.156666666666666,17.896666666666665,0.0,0
2025-10-11 01:00:00,1,6,10,23.138,63.698,1018.82,17.6,74.2,79.0,22.3,-50.45666666666667,41.06333333333333,0.0,0
2025-10-11 02:00:00,2,6,10,23.0675,63.868,1018.16,17.6,88.3,80.0,25.6,-41.63666666666666,58.49333333333333,0.0,0
2025-10-11 03:00:00,3,6,10,23.01,64.0,1018.16,16.9,93.0,84.0,24.1,-31.16333333333333,71.73666666666666,0.0,0
2025-10-11 04:00:00,4,6,10,23.076666666666668,63.905,1017.6333333333332,16.5,99.2,88.0,22.0,-18.602,83.734,0.0,0
2025-10-11 05:00:00,5,6,10,22.83,64.095,1017.5,16.8,99.2,84.0,27.4,-7.43,93.081,0.0,0
2025-10-11 06:00:00,6,6,10,22.606,64.996,1017.2666666666668,16.6,93.0,85.0,24.8,3.938620689655172,102.4396551724138,0.0,0
2025-10-11 07:00:00,7,6,10,22.41222222222222,65.59222222222223,1017.6111111111112,17.0,96.9,86.0,29.9,14.020625000000004,111.865,0.0,0
2025-10-11 08:00:00,8,6,10,22.29,66.03999999999999,1017.75,17.6,97.7,81.0,31.3,24.46466666666667,123.65466666666666,0.0,0
2025-10-11 09:00:00,9,6,10,22.33,66.04499999999999,1018.0,18.3,94.5,76.0,28.1,33.227333333333334,137.42266666666666,0.0,0
2025-10-11 10:00:00,10,6,10,22.205,66.04333333333334,1018.0333333333332,18.3,99.2,80.0,25.2,39.718,154.10733333333334,0.0,0
2025-10-11 11:00:00,11,6,10,22.27,65.94,1018.0,18.9,96.9,80.0,24.5,42.940000000000005,173.42000000000002,0.0,0
2025-10-11 12:00:00,12,6,10,22.37,66.00666666666667,1017.5333333333334,19.3,99.2,82.0,26.3,42.23,193.45,0.0,0
2025-10-11 13:00:00,13,6,10,22.355,66.045,1017.5,18.7,99.2,85.0,17.6,37.746,211.9826666666667,0.0,0
2025-10-11 14:00:00,14,6,10,22.37333333333333,65.85499999999999,1017.1666666666666,18.9,96.9,85.0,20.5,30.334666666666667,227.59133333333327,0.0,0
2025-10-11 15:00:00,15,6,10,22.37,65.915,1016.85,18.7,100.0,88.0,20.5,20.982666666666667,240.4586666666667,0.0,0
2025-10-11 16:00:00,16,6,10,22.43,66.24333333333334,1016.8666666666668,18.7,100.0,87.0,17.6,9.37913043478261,252.4017391304348,0.0,0
2025-10-11 17:00:00,17,6,10,22.436666666666667,66.535,1016.9333333333334,17.9,100.0,90.0,13.3,0.1936363636363637,260.54545454545456,0.0,0
2025-10-11 18:00:00,18,6,10,22.46,66.67500000000001,1016.8,17.4,88.3,93.0,16.6,-12.8225,271.08125,0.0,0
2025-10-11 19:00:00,19,6,10,22.44,66.955,1016.74,17.7,99.2,90.0,16.6,-25.62333333333333,282.2933333333333,0.0,0
2025-10-11 20:00:00,20,6,10,22.47,66.85,1017.0833333333334,17.7,97.7,90.0,21.6,-36.61000000000001,294.08666666666664,0.0,0
2025-10-11 21:00:00,21,6,10,22.506666666666664,66.83666666666667,1017.4666666666668,17.7,99.2,90.0,20.5,-46.47,309.1,0.0,0
2025-10-11 22:00:00,22,6,10,22.516666666666666,66.93666666666667,1017.45,17.6,98.4,90.0,19.4,-54.05666666666667,329.2933333333333,0.0,0
2025-10-11 23:00:00,23,6,10,22.52,67.08,1017.4,17.7,98.4,87.0,18.4,-57.64666666666667,353.6333333333334,0.0,0
2025-10-12 00:00:00,0,7,10,22.50333333333333,67.10333333333332,1017.44,17.6,99.2,87.0,19.8,-56.52333333333333,18.05333333333333,0.0,0
2025-10-12 01:00:00,1,7,10,22.385,67.2825,1016.7333333333332,17.2,96.1,91.0,25.2,-50.78333333333333,41.36000000000001,0.0,0
2025-10-12 02:00:00,2,7,10,22.41,67.41000000000001,1016.0333333333332,17.1,83.6,89.0,23.8,-41.92,58.82666666666666,0.0,0
2025-10-12 03:00:00,3,7,10,22.39,67.38,1015.7,17.1,98.4,87.0,24.5,-31.416666666666668,72.06333333333333,0.0,0
2025-10-12 04:00:00,4,7,10,22.105,67.89,1015.85,17.2,95.3,86.0,22.0,-18.7,84.162,0.0,0
2025-10-12 05:00:00,5,7,10,22.21,67.83,1016.0,17.2,80.5,86.0,22.7,-7.433,93.567,0.0,0
2025-10-12 06:00:00,6,7,10,22.2675,67.5875,1015.775,17.4,97.7,84.0,18.4,3.7467857142857137,102.76357142857144,0.0,0
2025-10-12 07:00:00,7,7,10,22.235,67.57,1016.35,17.0,65.6,92.0,19.4,13.71058823529412,112.10235294117648,0.0,0
2025-10-12 08:00:00,8,7,10,22.23,67.57,1016.7,18.6,93.7,86.0,20.9,24.39666666666667,124.20666666666668,0.0,0
2025-10-12 09:00:00,9,7,10,22.200000000000003,67.595,1016.5,19.7,100.0,82.0,20.2,33.086,138.00333333333336,0.0,0
2025-10-12 10:00:00,10,7,10,22.102,67.862,1015.8,20.4,89.8,79.0,20.5,39.48,154.686,0.0,0
2025-10-12 11:00:00,11,7,10,22.136666666666667,67.64999999999999,1015.15,20.8,50.0,76.0,22.7,42.57214285714285,173.83599999999998,0.0,0
2025-10-12 12:00:00,12,7,10,22.19333333333333,67.31333333333335,1014.65,21.5,19.5,74.0,20.9,41.86266666666666,193.3613333333333,0.0,0
2025-10-12 13:00:00,13,7,10,22.36,66.9,1014.65,22.1,33.6,70.0,18.0,37.404,211.7913333333334,0.0,0
2025-10-12 14:00:00,14,7,10,22.42,66.57,1014.65,21.9,26.6,71.0,17.6,30.028,227.34333333333333,0.0,0
2025-10-12 15:00:00,15,7,10,22.505,66.74,1014.85,21.7,39.8,70.0,15.8,20.706,240.188,0.0,0
2025-10-12 16:00:00,16,7,10,22.48,66.9,1014.85,21.2,36.7,75.0,14.8,9.09625,252.1525,0.0,0
2025-10-12 17:00:00,17,7,10,22.52,66.97,1015.0,20.3,27.3,83.0,15.5,0.0009523809523807,260.22285714285715,0.0,0
2025-10-12 18:00:00,18,7,10,22.43,66.84,1015.2,19.6,32.0,86.0,16.2,-12.8225,270.585,0.0,0
2025-10-12 19:00:00,19,7,10,22.455,66.685,1015.3,19.1,39.8,89.0,13.7,-25.629999999999995,281.75,0.0,0
2025-10-12 20:00:00,20,7,10,22.48,66.7,1015.3,18.6,37.5,91.0,16.2,-36.653333333333336,293.4833333333333,0.0,0
2025-10-12 21:00:00,21,7,10,22.48,66.62,1015.3,18.3,55.5,90.0,18.0,-46.583333333333336,308.41333333333336,0.0,0
2025-10-12 22:00:00,22,7,10,22.494,66.578,1014.86,18.0,88.3,90.0,18.7,-54.27333333333333,328.56,0.0,0
2025-10-12 23:00:00,23,7,10,22.48,66.54333333333334,1014.85,18.1,96.1,89.0,18.4,-57.99333333333334,353.2,0.0,0
2025-10-13 00:00:00,0,1,10,22.43,66.58,1014.2333333333332,18.1,100.0,88.0,18.4,-56.88,18.223333333333333,0.0,0
2025-10-13 01:00:00,1,1,10,22.39333333333333,66.77333333333333,1013.6666666666666,17.6,100.0,88.0,18.7,-51.10333333333333,41.673333333333325,0.0,0
2025-10-13 02:00:00,2,1,10,22.27,66.935,1013.25,17.6,100.0,88.0,19.8,-42.196666666666665,59.16333333333333,0.0,0
2025-10-13 03:00:00,3,1,10,22.125,67.155,1013.0,17.7,100.0,86.0,19.1,-31.666666666666668,72.39333333333333,0.0,0
2025-10-13 04:00:00,4,1,10,22.195,67.165,1012.7,17.8,100.0,86.0,21.6,-18.794000000000004,84.588,0.0,0
2025-10-13 05:00:00,5,1,10,22.3,67.64,1012.7,17.9,100.0,84.0,22.0,-7.433,94.056,0.0,0
2025-10-13 06:00:00,6,1,10,23.12,70.9225,1012.7333333333332,18.0,100.0,83.0,22.0,3.738928571428571,103.25285714285712,0.0,0
2025-10-13 07:00:00,7,1,10,23.725,69.095,1012.8,17.3,100.0,85.0,20.2,13.695882352941176,112.62117647058824,0.0,0
2025-10-13 08:00:00,8,1,10,24.085,68.11500000000001,1013.2,18.3,99.2,84.0,20.9,24.32933333333333,124.76266666666668,0.0,0
2025-10-13 09:00:00,9,1,10,23.56857142857143,68.11,1013.0285714285714,20.1,98.4,82.0,21.2,32.944,138.58599999999998,0.0,0
2025-10-13 10:00:00,10,1,10,23.965,69.03999999999999,1013.2,20.7,100.0,80.0,17.3,39.239333333333335,155.26666666666662,0.0,0
2025-10-13 11:00:00,11,1,10,24.532,68.602,1013.26,19.4,100.0,89.0,9.7,42.24933333333333,174.528,0.0,0
2025-10-13 12:00:00,12,1,10,23.8675,68.44250000000001,1012.6333333333332,19.2,100.0,91.0,15.1,41.312000000000005,194.5633333333333,0.0,0
2025-10-13 13:00:00,13,1,10,23.379999999999995,69.33,1012.4,19.1,100.0,88.0,18.0,36.656,212.72266666666664,0.0,0
2025-10-13 14:00:00,14,1,10,24.0925,71.43875,1012.3,19.0,99.2,88.0,25.9,29.154666666666664,228.02800000000005,0.0,0
2025-10-13 15:00:00,15,1,10,24.375,70.985,1011.95,19.6,100.0,84.0,18.7,19.76533333333333,240.69533333333337,0.0,0
2025-10-13 16:00:00,16,1,10,24.63833333333333,70.72166666666668,1011.9199999999998,19.7,100.0,83.0,19.1,8.503478260869567,252.19956521739127,0.0,0
2025-10-13 17:00:00,17,1,10,25.036666666666665,70.12,1011.9,19.3,100.0,87.0,16.6,-0.1950000000000001,259.904,0.0,0
2025-10-13 18:00:00,18,1,10,25.293333333333333,68.32666666666667,1012.55,18.8,100.0,90.0,10.4,-12.8225,270.09375,0.0,0
2025-10-13 19:00:00,19,1,10,24.4225,68.93,1012.5,18.9,100.0,92.0,14.8,-25.636666666666667,281.22,0.0,0
2025-10-13 20:00:00,20,1,10,23.89,69.49,1012.9,18.4,95.3,93.0,13.7,-36.7,292.88666666666666,0.0,0
2025-10-13 21:00:00,21,1,10,23.585,69.535,1012.925,18.3,64.1,93.0,13.3,-46.693333333333335,307.7333333333333,0.0,0
2025-10-13 22:00:00,22,1,10,23.43,69.35,1012.85,17.6,60.2,95.0,10.4,-54.49333333333333,327.8233333333333,0.0,0
2025-10-13 23:00:00,23,1,10,23.27,69.01,1013.0,17.3,93.7,95.0,16.9,-58.333333333333336,352.75333333333333,0.0,0
2025-10-14 00:00:00,0,2,10,23.065,68.66999999999999,1012.85,17.4,30.5,94.0,15.1,-57.24,18.39,0.0,0
2025-10-14 01:00:00,1,2,10,22.781666666666663,68.99166666666666,1013.0166666666668,17.1,11.7,94.0,14.8,-51.41666666666666,41.98,0.0,0
2025-10-14 02:00:00,2,2,10,22.51,69.03666666666668,1012.275,16.3,97.7,94.0,11.5,-42.47,59.50333333333333,0.0,0
2025-10-14 03:00:00,3,2,10,22.44666666666667,68.93666666666667,1011.85,16.8,96.1,93.0,13.0,-31.91333333333333,72.71666666666665,0.0,0
2025-10-14 04:00:00,4,2,10,22.605,68.15,1012.25,17.0,43.7,92.0,14.0,-18.888,85.012,0.0,0
2025-10-14 05:00:00,5,2,10,22.75333333333333,67.82666666666667,1012.6,16.0,3.1,93.0,10.4,-7.433000000000002,94.53900000000002,0.0,0
2025-10-14 06:00:00,6,2,10,23.51333333333333,71.5,1012.85,15.3,5.5,94.0,9.4,3.5488888888888885,103.5737037037037,0.0,0
2025-10-14 07:00:00,7,2,10,24.04,70.57,1012.9,16.0,10.9,93.0,7.6,13.06235294117647,112.51235294117646,0.0,0
2025-10-14 08:00:00,8,2,10,23.945,66.515,1013.2,17.8,7.8,90.0,6.5,23.63133333333333,124.474,0.0,0
2025-10-14 09:00:00,9,2,10,24.096666666666668,67.42999999999999,1013.4,19.6,7.8,84.0,5.4,32.29066666666667,138.15333333333328,0.0,0
2025-10-14 10:00:00,10,2,10,24.77666666666667,68.85666666666667,1013.3,21.0,43.0,77.0,5.8,38.67933333333334,154.6326666666667,0.0,0
2025-10-14 11:00:00,11,2,10,25.025,65.17500000000001,1013.0,21.9,76.6,73.0,8.6,41.8475,174.24249999999998,0.0,0
2025-10-14 12:00:00,12,2,10,24.65833333333333,64.52499999999999,1012.4199999999998,22.1,85.2,72.0,9.4,40.94733333333333,194.47,0.0,0
2025-10-14 13:00:00,13,2,10,24.04,65.18,1011.8,22.6,41.4,72.0,11.9,36.318666666666665,212.53066666666663,0.0,0
2025-10-14 14:00:00,14,2,10,24.65,62.61333333333334,1011.6,22.1,46.1,74.0,12.2,28.85133333333334,227.78266666666664,0.0,0
2025-10-14 15:00:00,15,2,10,24.78333333333333,61.52333333333333,1011.8666666666668,21.8,50.0,74.0,15.8,19.493333333333336,240.42866666666671,0.0,0
2025-10-14 16:00:00,16,2,10,24.935,63.795,1012.35,21.2,39.1,78.0,13.3,8.443478260869567,251.75260869565216,0.0,0
2025-10-14 17:00:00,17,2,10,25.336666666666662,65.7775,1012.7333333333336,20.5,23.4,83.0,10.1,-0.533809523809524,259.687619047619,0.0,0
2025-10-14 18:00:00,18,2,10,24.965,65.285,1013.2,19.7,26.6,88.0,10.4,-13.575714285714284,270.2185714285714,0.0,0
2025-10-14 19:00:00,19,2,10,24.55666666666667,65.995,1013.5666666666668,19.7,23.4,90.0,7.2,-25.653333333333336,280.69666666666666,0.0,0
2025-10-14 20:00:00,20,2,10,24.285,66.61,1013.95,19.0,32.8,92.0,9.0,-36.74333333333333,292.2966666666667,0.0,0
2025-10-14 21:00:00,21,2,10,24.05,67.03999999999999,1014.2,18.6,25.8,92.0,11.2,-46.803333333333335,307.0566666666667,0.0,0
2025-10-14 22:00:00,22,2,10,23.92,67.41,1013.9,18.2,44.5,93.0,11.2,-54.703333333333326,327.0933333333333,0.0,0
2025-10-14 23:00:00,23,2,10,23.785,67.685,1013.7,17.8,34.4,93.0,9.0,-58.67,352.31333333333333,0.0,0
2025-10-15 00:00:00,0,3,10,23.73,67.82499999999999,1013.85,17.2,39.1,94.0,9.7,-57.6,18.55666666666667,0.0,0
2025-10-15 01:00:00,1,3,10,23.62,67.66000000000001,1013.7333333333332,17.0,32.8,93.0,7.9,-51.73333333333333,42.28666666666666,0.0,0
2025-10-15 02:00:00,2,3,10,23.505,67.655,1013.5,16.8,20.3,93.0,7.9,-42.74666666666667,59.84333333333333,0.0,0
2025-10-15 03:00:00,3,3,10,23.42,67.74,1013.4,16.3,11.7,93.0,7.9,-32.163333333333334,73.04333333333334,0.0,0
2025-10-15 04:00:00,4,3,10,23.41,67.61,1013.5,16.1,23.4,92.0,9.0,-18.982,85.43599999999999,0.0,0
2025-10-15 05:00:00,5,3,10,23.42,67.645,1013.6,16.1,58.6,92.0,11.9,-7.937777777777778,94.61,0.0,0
2025-10-15 06:00:00,6,3,10,23.36,67.925,1013.9,16.0,40.6,92.0,7.6,3.309999999999999,103.86499999999998,0.0,0
2025-10-15 07:00:00,7,3,10,22.7675,68.36,1014.35,16.7,100.0,98.0,7.9,13.046470588235294,113.02647058823528,0.0,0
2025-10-15 08:00:00,8,3,10,23.215,68.20750000000001,1014.5333333333332,17.8,67.2,94.0,7.9,23.568,125.02199999999998,0.0,0
2025-10-15 09:00:00,9,3,10,23.96,66.64333333333333,1014.8,19.4,25.8,88.0,5.0,32.15266666666667,138.72733333333332,0.0,0
2025-10-15 10:00:00,10,3,10,24.9,65.00999999999999,1014.6,20.8,4.7,79.0,5.4,38.44266666666667,155.20266666666663,0.0,0
2025-10-15 11:00:00,11,3,10,25.2725,63.557500000000005,1014.1,21.3,19.5,74.0,9.7,41.48666666666667,174.62125000000003,0.0,0
2025-10-15 12:00:00,12,3,10,24.87,62.28666666666667,1013.45,21.4,40.6,73.0,12.2,40.588,194.372,0.0,0
2025-10-15 13:00:00,13,3,10,24.36,62.626666666666665,1013.2,21.6,82.0,76.0,11.2,35.98466666666666,212.33733333333336,0.0,0
2025-10-15 14:00:00,14,3,10,24.723333333333333,63.97,1012.9,21.6,95.3,76.0,11.5,28.550666666666665,227.53866666666667,0.0,0
2025-10-15 15:00:00,15,3,10,25.12,62.67,1012.8,21.2,58.6,77.0,11.2,19.222000000000005,240.16000000000005,0.0,0
2025-10-15 16:00:00,16,3,10,25.0575,61.6725,1012.9333333333334,20.7,49.2,78.0,9.4,8.194166666666668,251.48041666666663,0.0,0
2025-10-15 17:00:00,17,3,10,25.455,61.156666666666666,1013.45,20.0,50.0,84.0,6.8,-0.7410000000000002,259.3815,0.0,0
2025-10-15 18:00:00,18,3,10,25.7,61.47,1013.45,19.2,70.3,88.0,4.3,-13.572857142857144,269.73,0.0,0
2025-10-15 19:00:00,19,3,10,25.19,62.28666666666666,1014.0,18.9,35.2,90.0,4.3,-25.656666666666663,280.16333333333336,0.0,0
2025-10-15 20:00:00,20,3,10,24.9,62.88,1014.0,18.4,17.2,92.0,5.0,-36.78333333333333,291.7033333333333,0.0,0
2025-10-15 21:00:00,21,3,10,24.68,63.34,1014.35,17.7,25.0,93.0,5.4,-46.90333333333333,306.37666666666667,0.0,0
2025-10-15 22:00:00,22,3,10,24.46,63.84,1014.3,17.2,12.5,94.0,6.8,-54.906666666666666,326.35,0.0,0
2025-10-15 23:00:00,23,3,10,24.366666666666664,63.885000000000005,1014.0,16.6,14.1,96.0,8.3,-59.00333333333333,351.85666666666674,0.0,0
2025-10-16 00:00:00,0,4,10,24.27,63.92,1013.7333333333332,16.3,21.1,95.0,9.4,-57.95333333333334,18.726666666666667,0.0,0
2025-10-16 01:00:00,1,4,10,24.185,63.92,1013.4,16.9,10.2,93.0,9.4,-52.04666666666666,42.60333333333333,0.0,0
2025-10-16 02:00:00,2,4,10,24.145,63.905,1013.0,16.4,11.7,92.0,9.0,-43.01666666666666,60.18333333333334,0.0,0
2025-10-16 03:00:00,3,4,10,24.063333333333333,63.77666666666666,1012.7000000000002,16.0,22.7,92.0,8.3,-32.40666666666667,73.36999999999999,0.0,0
2025-10-16 04:00:00,4,4,10,24.0,63.24,1012.7000000000002,15.6,53.9,93.0,8.3,-19.076,85.856,0.0,0
2025-10-16 05:00:00,5,4,10,23.935,63.16,1012.95,15.1,18.0,93.0,9.0,-7.941111111111111,95.08999999999996,0.0,0
2025-10-16 06:00:00,6,4,10,23.965,63.895,1013.15,14.8,24.2,93.0,8.6,3.11925925925926,104.1825925925926,0.0,0
2025-10-16 07:00:00,7,4,10,24.36,62.583333333333336,1013.5666666666668,14.7,89.8,93.0,9.7,12.760000000000002,113.27555555555556,0.0,0
2025-10-16 08:00:00,8,4,10,24.75,62.76,1013.5666666666668,16.6,89.8,86.0,9.0,23.49866666666667,125.56333333333332,0.0,0
2025-10-16 09:00:00,9,4,10,24.68,64.06,1013.6,18.9,43.0,79.0,8.6,32.012,139.29533333333336,0.0,0
2025-10-16 10:00:00,10,4,10,25.42333333333333,62.05666666666667,1013.3333333333334,20.5,14.1,74.0,5.4,38.20666666666667,155.76799999999997,0.0,0
2025-10-16 11:00:00,11,4,10,25.72666666666667,59.27666666666667,1012.7,21.7,38.3,72.0,5.8,41.14933333333333,174.66866666666667,0.0,0
2025-10-16 12:00:00,12,4,10,25.5825,57.2825,1012.075,22.5,85.9,66.0,7.6,40.22733333333333,194.274,0.0,0
2025-10-16 13:00:00,13,4,10,24.805,59.475,1011.6,22.5,87.5,69.0,9.7,35.653333333333336,212.144,0.0,0
2025-10-16 14:00:00,14,4,10,24.575000000000003,61.255,1011.3,22.3,100.0,70.0,12.2,28.25333333333333,227.29466666666664,0.0,0
2025-10-16 15:00:00,15,4,10,24.37,61.46,1011.55,21.1,100.0,78.0,11.9,18.95533333333333,239.89466666666664,0.0,0
2025-10-16 16:00:00,16,4,10,24.145,61.95,1011.75,20.5,100.0,81.0,10.8,7.868333333333332,251.2795833333333,0.0,0
2025-10-16 17:00:00,17,4,10,24.0325,63.982000000000006,1012.16,20.1,100.0,85.0,7.6,-0.950526315789474,259.07947368421054,0.0,0
2025-10-16 18:00:00,18,4,10,24.04,63.76,1012.16,19.7,95.3,88.0,4.3,-13.572857142857144,269.2471428571429,0.0,0
2025-10-16 19:00:00,19,4,10,23.61,61.76833333333334,1012.7,18.9,97.7,91.0,3.2,-25.666666666666668,279.6433333333334,0.0,0
2025-10-16 20:00:00,20,4,10,23.54,60.51,1013.0,18.9,94.5,91.0,5.8,-36.82333333333333,291.11999999999995,0.0,0
2025-10-16 21:00:00,21,4,10,23.375,60.215,1012.7,18.5,74.2,92.0,5.8,-47.0,305.7033333333333,0.0,0
2025-10-16 22:00:00,22,4,10,23.34,60.33,1012.4,17.9,67.2,94.0,7.2,-55.10666666666666,325.61333333333334,0.0,0
2025-10-16 23:00:00,23,4,10,23.22,60.96,1012.5,17.4,57.8,93.0,7.6,-59.333333333333336,351.4066666666667,0.0,0
2025-10-17 00:00:00,0,5,10,23.21,60.95,1012.2,17.0,25.8,92.0,9.7,-58.30666666666667,18.9,0.0,0
2025-10-17 01:00:00,1,5,10,23.22,60.76,1011.8666666666668,16.6,14.1,90.0,7.9,-52.36000000000001,42.91666666666666,0.0,0
2025-10-17 02:00:00,2,5,10,23.14,60.626666666666665,1011.15,16.0,31.2,91.0,6.5,-43.28666666666667,60.52333333333333,0.0,0
2025-10-17 03:00:00,3,5,10,23.05666666666666,60.42,1011.25,15.6,23.4,92.0,6.5,-32.65,73.69666666666667,0.0,0
2025-10-17 04:00:00,4,5,10,22.955,60.48,1011.5,15.3,8.6,92.0,6.5,-20.2325,85.37,0.0,0
2025-10-17 05:00:00,5,5,10,22.975,60.35,1011.85,15.1,6.2,92.0,7.2,-8.638000000000002,94.998,0.0,0
2025-10-17 06:00:00,6,5,10,22.86,61.11333333333332,1012.15,15.0,19.5,91.0,6.5,2.927692307692308,104.49384615384614,0.0,0
2025-10-17 07:00:00,7,5,10,23.425,59.5325,1012.4333333333334,16.2,6.2,88.0,5.4,12.486842105263158,113.53157894736844,0.0,0
2025-10-17 08:00:00,8,5,10,23.72,59.53666666666667,1012.9,18.0,13.3,85.0,4.7,23.432666666666663,126.106,0.0,0
2025-10-17 09:00:00,9,5,10,23.686666666666667,60.1,1012.9,19.6,3.1,81.0,3.2,31.86866666666667,139.85866666666666,0.0,0
2025-10-17 10:00:00,10,5,10,24.606666666666666,61.63,1012.6,20.7,2.3,77.0,3.6,37.967333333333336,156.3213333333333,0.0,0
2025-10-17 11:00:00,11,5,10,24.78,60.94,1012.25,21.6,10.9,73.0,5.8,40.79142857142857,175.0293333333333,0.0,0
2025-10-17 12:00:00,12,5,10,24.453333333333333,60.126666666666665,1011.65,22.1,25.0,70.0,6.5,39.870666666666665,194.1873333333333,0.0,0
2025-10-17 13:00:00,13,5,10,24.183333333333334,60.796666666666674,1011.25,22.6,17.2,67.0,10.1,35.32,211.96066666666667,0.0,0
2025-10-17 14:00:00,14,5,10,24.1075,61.0,1011.05,21.7,55.5,72.0,11.5,27.953333333333333,227.06066666666663,0.0,0
2025-10-17 15:00:00,15,5,10,24.115,63.705,1011.4,21.9,71.1,69.0,10.8,18.686,239.63666666666663,0.0,0
2025-10-17 16:00:00,16,5,10,24.23,64.045,1011.75,20.5,69.5,78.0,4.7,7.638,250.9996,0.0,0
2025-10-17 17:00:00,17,5,10,24.108000000000004,63.646,1012.325,19.8,60.2,84.0,4.7,-1.1666666666666667,258.7855555555555,0.0,0
2025-10-17 18:00:00,18,5,10,23.072857142857146,56.55428571428571,1013.0714285714286,18.8,43.0,88.0,3.2,-13.571428571428571,268.76428571428573,0.0,0
2025-10-17 19:00:00,19,5,10,23.2825,56.915,1013.1,18.0,64.8,92.0,7.2,-25.676666666666662,279.12666666666667,0.0,0
2025-10-17 20:00:00,20,5,10,23.36,57.385,1013.55,17.1,12.5,94.0,11.2,-36.85666666666666,290.53333333333336,0.0,0
2025-10-17 21:00:00,21,5,10,23.11,57.95,1013.55,16.8,11.7,94.0,10.8,-47.09666666666666,305.03,0.0,0
2025-10-17 22:00:00,22,5,10,23.186666666666667,58.04,1013.7666666666664,16.5,10.2,94.0,6.8,-55.30666666666667,324.87333333333333,0.0,0
2025-10-17 23:00:00,23,5,10,23.03,58.17999999999999,1013.76,16.0,18.7,94.0,6.5,-59.656666666666666,350.95,0.0,0
2025-10-18 00:00:00,0,6,10,22.83,58.25,1013.8,15.5,0.0,94.0,5.8,-58.656666666666666,19.08,0.0,0
2025-10-18 01:00:00,1,6,10,22.99,57.9,1013.9,15.5,0.0,91.0,8.3,-52.66666666666666,43.24333333333333,0.0,0
2025-10-18 02:00:00,2,6,10,23.15,57.52333333333333,1013.7,15.3,0.0,90.0,7.9,-43.553333333333335,60.870000000000005,0.0,0
2025-10-18 03:00:00,3,6,10,23.135,57.295,1014.0,15.0,0.0,89.0,7.9,-32.88666666666666,74.02333333333333,0.0,0
2025-10-18 04:00:00,4,6,10,22.95,57.07666666666668,1013.95,14.6,0.0,89.0,8.3,-20.3425,85.77000000000001,0.0,0
2025-10-18 05:00:00,5,6,10,22.35,57.31,1014.2,14.4,0.0,88.0,7.2,-8.64,95.47,0.0,0
2025-10-18 06:00:00,6,6,10,22.41,56.665,1014.5666666666666,14.2,0.0,87.0,6.8,2.920384615384616,104.96807692307692,0.0,0
2025-10-18 07:00:00,7,6,10,22.315,56.38,1015.05,13.9,0.8,87.0,8.3,12.145555555555552,113.69333333333331,0.0,0
2025-10-18 08:00:00,8,6,10,21.94666666666667,56.02333333333333,1015.3666666666668,16.0,0.0,83.0,7.2,22.74533333333333,125.81066666666668,0.0,0
2025-10-18 09:00:00,9,6,10,22.075,55.635000000000005,1015.3666666666668,18.7,0.0,73.0,4.0,31.228666666666665,139.41933333333333,0.0,0
2025-10-18 10:00:00,10,6,10,22.47666666666667,55.46666666666666,1015.4,20.4,0.0,66.0,5.4,37.41933333333333,155.6926666666667,0.0,0
2025-10-18 11:00:00,11,6,10,22.686666666666667,55.51,1014.7333333333332,21.3,0.0,66.0,5.8,40.39933333333333,174.75750000000002,0.0,0
2025-10-18 12:00:00,12,6,10,22.813333333333333,55.620000000000005,1014.2,22.0,0.0,66.0,6.8,39.516,194.09000000000003,0.0,0
2025-10-18 13:00:00,13,6,10,22.885,55.745,1013.65,22.2,0.0,65.0,10.8,34.992,211.77466666666663,0.0,0
2025-10-18 14:00:00,14,6,10,23.01,55.88,1013.7,21.9,0.8,69.0,12.2,27.660000000000004,226.82066666666665,0.0,0
2025-10-18 15:00:00,15,6,10,23.116666666666664,56.39333333333334,1013.5666666666666,21.5,6.2,73.0,13.0,18.422,239.3733333333333,0.0,0
2025-10-18 16:00:00,16,6,10,23.25,57.05,1013.5666666666666,20.9,10.2,79.0,13.7,7.415,250.7126923076923,0.0,0
2025-10-18 17:00:00,17,6,10,23.296666666666667,57.465,1014.05,20.1,13.3,86.0,15.1,-1.3888235294117646,258.4964705882353,0.0,0
2025-10-18 18:00:00,18,6,10,23.236666666666665,57.873333333333335,1014.5333333333334,19.1,20.3,89.0,12.6,-13.570000000000002,268.2842857142857,0.0,0
2025-10-18 19:00:00,19,6,10,23.24,58.30500000000001,1014.9,19.0,3.9,87.0,12.6,-25.683333333333334,278.61,0.0,0
2025-10-18 20:00:00,20,6,10,23.236666666666665,59.00666666666666,1015.125,18.5,7.8,88.0,9.4,-36.89333333333334,289.9566666666667,0.0,0
2025-10-18 21:00:00,21,6,10,23.236666666666665,59.59,1015.125,17.6,6.2,91.0,10.1,-47.18666666666667,304.3666666666668,0.0,0
2025-10-18 22:00:00,22,6,10,23.12,60.66,1015.35,17.1,1.6,92.0,10.8,-55.49666666666667,324.1333333333333,0.0,0
2025-10-18 23:00:00,23,6,10,23.01,61.43,1015.2,16.3,3.9,94.0,10.4,-59.98,350.4866666666667,0.0,0
2025-10-19 00:00:00,0,7,10,22.956666666666667,61.56999999999999,1014.8333333333334,15.7,38.3,94.0,10.4,-59.00666666666666,19.25333333333333,0.0,0
2025-10-19 01:00:00,1,7,10,22.825,61.95,1014.5,15.2,21.9,96.0,9.7,-52.97,43.55666666666667,0.0,0
2025-10-19 02:00:00,2,7,10,22.8,62.04333333333333,1014.05,14.8,10.2,95.0,8.6,-43.81666666666666,61.21,0.0,0
2025-10-19 03:00:00,3,7,10,22.82,61.99,1014.0,14.6,6.2,94.0,10.4,-33.126666666666665,74.34333333333335,0.0,0
2025-10-19 04:00:00,4,7,10,22.74,61.93,1013.9,14.6,4.7,91.0,9.0,-20.4575,86.16499999999999,0.0,0
2025-10-19 05:00:00,5,7,10,22.75,61.74,1013.7,14.1,7.8,92.0,10.1,-9.19222222222222,95.49333333333335,0.0,0
2025-10-19 06:00:00,6,7,10,22.77,61.38,1013.8,13.6,16.4,94.0,9.7,2.482307692307692,105.07076923076922,0.0,0
2025-10-19 07:00:00,7,7,10,22.736666666666665,61.185,1014.2333333333336,14.2,18.7,92.0,10.8,11.88421052631579,113.9521052631579,0.0,0
2025-10-19 08:00:00,8,7,10,22.51,61.38,1014.2333333333336,16.1,14.1,86.0,10.1,22.68066666666667,126.34666666666666,0.0,0
2025-10-19 09:00:00,9,7,10,22.565,61.36,1014.1,18.6,23.4,78.0,8.6,31.09133333333333,139.97800000000004,0.0,0
2025-10-19 10:00:00,10,7,10,22.67,61.223333333333336,1013.65,20.6,18.7,71.0,9.0,37.186,156.24266666666668,0.0,0
2025-10-19 11:00:00,11,7,10,22.698,61.138,1012.8,21.8,96.9,67.0,9.0,40.06866666666667,174.80400000000003,0.0,0
2025-10-19 12:00:00,12,7,10,22.820000000000004,60.84333333333333,1012.05,22.6,100.0,62.0,10.4,39.16333333333333,194.004,0.0,0
2025-10-19 13:00:00,13,7,10,22.8725,60.6875,1011.3,22.9,100.0,59.0,13.7,34.664,211.59466666666668,0.0,0
2025-10-19 14:00:00,14,7,10,22.935,60.48666666666667,1010.6666666666666,22.5,100.0,65.0,15.5,27.364,226.5893333333333,0.0,0
2025-10-19 15:00:00,15,7,10,22.977500000000003,60.48333333333333,1009.9333333333334,22.2,100.0,68.0,18.4,18.15666666666667,239.1173333333333,0.0,0
2025-10-19 16:00:00,16,7,10,23.2,61.63,1009.9333333333334,21.8,100.0,70.0,20.2,7.271999999999999,250.35440000000008,0.0,0
2025-10-19 17:00:00,17,7,10,23.1,60.66,1009.9333333333334,21.0,100.0,78.0,19.4,-1.376470588235294,258.0164705882353,0.0,0
2025-10-19 18:00:00,18,7,10,23.035,60.715,1009.5,20.0,100.0,83.0,14.8,-13.56857142857143,267.81142857142856,0.0,0
2025-10-19 19:00:00,19,7,10,23.035,60.96,1009.3,18.7,95.3,87.0,10.1,-25.69,278.09666666666664,0.0,0
2025-10-19 20:00:00,20,7,10,22.94333333333333,61.895,1009.2,18.1,57.0,90.0,7.2,-36.92,289.37999999999994,0.0,0
2025-10-19 21:00:00,21,7,10,22.82333333333333,62.56333333333333,1009.2000000000002,17.6,80.5,90.0,10.8,-47.27666666666667,303.69666666666666,0.0,0
2025-10-19 22:00:00,22,7,10,22.71,62.95,1008.8333333333334,16.7,68.7,92.0,10.4,-55.68000000000001,323.3933333333334,0.0,0
2025-10-19 23:00:00,23,7,10,22.7425,62.9475,1008.1666666666666,16.3,63.3,92.0,10.1,-60.29333333333333,350.0233333333333,0.0,0
2025-10-20 00:00:00,0,1,10,22.7725,62.970000000000006,1007.35,16.0,18.0,90.0,9.0,-59.35,19.44,0.0,0
2025-10-20 01:00:00,1,1,10,22.815,62.94,1006.75,15.7,57.8,91.0,11.2,-53.26666666666667,43.88666666666666,0.0,0
2025-10-20 02:00:00,2,1,10,22.8125,62.94,1006.05,15.1,53.1,90.0,12.2,-44.07666666666666,61.55666666666667,0.0,0
2025-10-20 03:00:00,3,1,10,22.78,63.1,1005.4,14.7,84.4,89.0,12.2,-33.36,74.67333333333333,0.0,0
2025-10-20 04:00:00,4,1,10,22.815,62.790000000000006,1005.1,14.7,80.5,87.0,11.9,-20.57,86.56,0.0,0
2025-10-20 05:00:00,5,1,10,22.7875,62.583333333333336,1005.025,14.8,84.4,84.0,12.6,-9.192222222222222,95.96222222222224,0.0,0
2025-10-20 06:00:00,6,1,10,23.12,61.615,1005.025,15.0,9.4,81.0,14.8,2.4734615384615384,105.53961538461536,0.0,0
2025-10-20 07:00:00,7,1,10,23.74,54.85799999999999,1005.08,17.4,60.9,68.0,18.0,11.865263157894738,114.44842105263156,0.0,0
2025-10-20 08:00:00,8,1,10,24.0,54.56,1005.4,20.0,74.2,62.0,19.4,22.616666666666667,126.87666666666664,0.0,0
2025-10-20 09:00:00,9,1,10,24.106666666666666,54.173333333333325,1005.0,21.6,91.4,61.0,18.0,30.95133333333333,140.53,0.0,0
2025-10-20 10:00:00,10,1,10,24.925,56.03,1004.6,23.1,97.7,58.0,18.0,36.952666666666666,156.78733333333332,0.0,0
2025-10-20 11:00:00,11,1,10,25.316666666666663,52.22666666666667,1004.44,24.2,89.1,56.0,20.2,39.71857142857142,175.15666666666667,0.0,0
2025-10-20 12:00:00,12,1,10,25.08625,50.11,1003.625,25.5,98.4,50.0,21.6,38.81266666666667,193.916,0.0,0
2025-10-20 13:00:00,13,1,10,25.0,49.475,1003.05,25.3,100.0,50.0,23.0,34.338,211.41666666666663,0.0,0
2025-10-20 14:00:00,14,1,10,25.1125,54.81666666666666,1002.875,24.6,100.0,53.0,22.3,27.071333333333328,226.36066666666667,0.0,0
2025-10-20 15:00:00,15,1,10,25.535,56.175,1002.5,24.2,95.3,56.0,21.6,17.892,238.8633333333333,0.0,0
2025-10-20 16:00:00,16,1,10,25.525,54.765,1002.25,24.8,46.9,54.0,18.4,7.060000000000001,250.06346153846155,0.0,0
2025-10-20 17:00:00,17,1,10,25.4625,55.6075,1002.725,23.9,96.9,54.0,17.3,-2.046470588235294,258.09176470588244,0.0,0
2025-10-20 18:00:00,18,1,10,25.64333333333333,59.54333333333333,1003.4,23.0,97.7,55.0,16.6,-14.316666666666668,267.945,0.0,0
2025-10-20 19:00:00,19,1,10,25.3425,60.6975,1003.85,21.3,91.4,62.0,15.1,-25.69333333333333,277.59,0.0,0
2025-10-20 20:00:00,20,1,10,24.87,60.66,1004.35,20.4,91.4,64.0,14.0,-36.95666666666667,288.81,0.0,0
2025-10-20 21:00:00,21,1,10,24.645,60.63999999999999,1004.7,20.1,92.2,64.0,14.0,-47.36333333333334,303.0366666666667,0.0,0
2025-10-20 22:00:00,22,1,10,24.585,60.345,1005.1,20.1,91.4,61.0,15.8,-55.86333333333334,322.65,0.0,0
2025-10-20 23:00:00,23,1,10,24.21,57.95333333333334,1005.2666666666668,19.8,93.7,59.0,16.9,-60.60999999999999,349.55333333333334,0.0,0
2025-10-21 00:00:00,0,2,10,23.985,54.79571428571428,1005.1428571428572,19.4,96.9,58.0,15.8,-59.69333333333333,19.62,0.0,0
2025-10-21 01:00:00,1,2,10,23.875,54.355,1004.55,19.3,98.4,59.0,16.6,-53.56666666666666,44.21,0.0,0
2025-10-21 02:00:00,2,2,10,23.82,54.9,1004.55,19.3,91.4,57.0,18.4,-44.333333333333336,61.903333333333336,0.0,0
2025-10-21 03:00:00,3,2,10,23.9,55.05,1004.55,18.9,93.7,59.0,18.7,-33.596666666666664,75.0,0.0,0
2025-10-21 04:00:00,4,2,10,23.855,55.07,1004.8,18.9,45.3,60.0,19.4,-20.6825,86.94999999999999,0.0,0
2025-10-21 05:00:00,5,2,10,23.4075,54.9,1005.0,18.9,3.1,60.0,20.5,-9.192222222222222,96.42333333333332,0.0,0
2025-10-21 06:00:00,6,2,10,23.335,54.42,1005.3,18.7,7.8,62.0,20.2,2.2824,105.8388,0.0,0
2025-10-21 07:00:00,7,2,10,23.207272727272724,52.474571428571416,1005.97,19.2,65.6,60.0,25.9,11.296842105263158,114.3763157894737,0.0,0
2025-10-21 08:00:00,8,2,10,23.525185185185183,52.00241379310346,1006.09,20.4,85.9,58.0,26.6,21.936666666666664,126.578,0.0,0
2025-10-21 09:00:00,9,2,10,23.14894736842105,53.6485,1005.91,22.0,68.7,56.0,25.9,30.324000000000005,140.08866666666663,0.0,0
2025-10-21 10:00:00,10,2,10,23.8937037037037,53.87033333333334,1005.7892857142856,23.2,78.9,54.0,29.9,36.415333333333336,156.16466666666668,0.0,0
2025-10-21 11:00:00,11,2,10,24.502,54.06632653061224,1006.0285714285716,24.4,63.3,52.0,30.6,39.33466666666666,174.89,0.0,0
2025-10-21 12:00:00,12,2,10,24.352500000000003,54.68795454545454,1005.2021739130436,25.0,86.7,52.0,33.5,38.46333333333334,193.83133333333333,0.0,0
2025-10-21 13:00:00,13,2,10,24.393157894736845,55.459,1004.8857142857144,25.5,83.6,51.0,31.7,34.01533333333334,211.24,0.0,0
2025-10-21 14:00:00,14,2,10,24.8875,56.63555555555556,1004.77,25.6,96.1,51.0,31.7,26.779333333333337,226.134,0.0,0
2025-10-21 15:00:00,15,2,10,24.9475,56.49,1004.675,25.6,95.3,52.0,28.4,17.63066666666667,238.61466666666664,0.0,0
2025-10-21 16:00:00,16,2,10,25.135,56.445,1004.6,25.3,89.8,55.0,25.9,6.727692307692307,249.89307692307696,0.0,0
2025-10-21 17:00:00,17,2,10,24.95,58.24,1004.6,24.5,34.4,58.0,21.6,-2.29875,257.833125,0.0,0
2025-10-21 18:00:00,18,2,10,24.903333333333336,58.553333333333335,1005.05,23.4,2.3,61.0,15.8,-14.315,267.4766666666667,0.0,0
2025-10-21 19:00:00,19,2,10,24.61,59.21,1005.35,22.5,27.3,63.0,16.2,-25.7,277.08666666666664,0.0,0
2025-10-21 20:00:00,20,2,10,24.49,59.49,1005.55,22.3,19.5,62.0,22.3,-36.98333333333333,288.2466666666666,0.0,0
2025-10-21 21:00:00,21,2,10,24.270000000000003,60.34,1006.1,22.2,75.8,62.0,25.2,-47.44333333333333,302.38000000000005,0.0,0
2025-10-21 22:00:00,22,2,10,24.1,61.13,1006.1,22.1,59.4,64.0,25.9,-56.04333333333333,321.9066666666667,0.0,0
2025-10-21 23:00:00,23,2,10,24.06,61.91,1006.1,22.2,68.7,66.0,27.4,-60.92,349.08666666666664,0.0,0
2025-10-22 00:00:00,0,3,10,23.875,62.53,1005.85,22.2,83.6,68.0,30.2,-60.03333333333333,19.813333333333336,0.0,0
2025-10-22 01:00:00,1,3,10,23.782,63.065,1005.6,21.8,77.3,70.0,25.9,-53.85999999999999,44.54333333333333,0.0,0
2025-10-22 02:00:00,2,3,10,23.88,63.083333333333336,1005.35,21.4,14.8,73.0,24.5,-44.586666666666666,62.25,0.0,0
2025-10-22 03:00:00,3,3,10,24.03,62.52,1005.1,20.9,1.6,74.0,24.1,-33.82,75.32666666666667,0.0,0
2025-10-22 04:00:00,4,3,10,23.945,62.02,1005.45,20.6,2.3,74.0,23.4,-20.79,87.3375,0.0,0
2025-10-22 05:00:00,5,3,10,23.846666666666664,61.48666666666666,1005.7666666666668,20.4,0.8,71.0,22.3,-9.194444444444445,96.88444444444444,0.0,0
2025-10-22 06:00:00,6,3,10,24.19333333333333,62.453333333333326,1006.1333333333332,20.2,23.4,69.0,22.7,2.274,106.302,0.0,0
2025-10-22 07:00:00,7,3,10,24.585,61.32,1006.9,20.3,83.6,68.0,21.2,11.2085,114.7905,0.0,0
2025-10-22 08:00:00,8,3,10,24.933333333333337,59.12,1007.55,21.7,98.4,62.0,18.7,21.872666666666664,127.09933333333332,0.0,0
2025-10-22 09:00:00,9,3,10,24.95,52.31,1007.9,23.4,95.3,57.0,17.3,30.18466666666666,140.63133333333332,0.0,0
2025-10-22 10:00:00,10,3,10,25.335384615384616,50.42625,1007.69375,24.8,100.0,54.0,19.8,36.18666666666666,156.69666666666666,0.0,1
2025-10-22 11:00:00,11,3,10,25.721875,49.00294117647059,1007.4411764705884,26.0,93.0,48.0,23.8,39.00933333333334,174.92866666666671,1.0,1
2025-10-22 12:00:00,12,3,10,25.602857142857147,48.66291666666667,1006.9782608695652,26.7,99.2,44.0,26.6,38.11933333333333,193.742,1.0,1
2025-10-22 13:00:00,13,3,10,25.59675,47.19458333333333,1006.63125,27.1,100.0,41.0,26.6,33.69466666666667,211.06333333333333,1.0,1
2025-10-22 14:00:00,14,3,10,25.73,47.63999999999999,1006.6,27.4,100.0,38.0,25.9,26.490666666666662,225.9073333333333,1.0,1
2025-10-22 15:00:00,15,3,10,25.967142857142854,45.553333333333335,1006.4,26.9,80.5,40.0,26.3,17.372666666666664,238.3626666666668,1.0,1
2025-10-22 16:00:00,16,3,10,26.173333333333336,44.515,1006.2666666666668,26.1,82.0,42.0,23.0,6.531851851851853,249.59481481481484,1.0,1
2025-10-22 17:00:00,17,3,10,26.035,48.64,1006.725,25.0,92.2,44.0,20.9,-2.41625,257.4825,1.0,0
2025-10-22 18:00:00,18,3,10,25.62,51.33,1007.325,23.9,95.3,48.0,18.4,-14.311666666666667,267.01,0.0,0
2025-10-22 19:00:00,19,3,10,25.21,51.74333333333334,1007.65,23.6,93.7,46.0,20.5,-25.703333333333333,276.59,0.0,0
2025-10-22 20:00:00,20,3,10,25.04142857142857,51.13250000000001,1007.9,23.0,85.9,47.0,19.4,-37.01333333333333,287.68333333333334,0.0,0
2025-10-22 21:00:00,21,3,10,25.051666666666662,51.13125,1008.1749999999998,22.4,82.8,49.0,23.0,-47.51666666666667,301.7266666666667,0.0,0
2025-10-22 22:00:00,22,3,10,25.001428571428573,52.19827586206896,1007.5870967741936,22.3,91.4,52.0,24.1,-56.21,321.17,0.0,0
2025-10-22 23:00:00,23,3,10,24.92206896551724,53.49424242424242,1007.425,22.5,95.3,54.0,28.1,-61.22333333333333,348.61,0.0,0
2025-10-23 00:00:00,0,4,10,24.86571428571429,54.2411111111111,1007.75,22.7,95.3,56.0,30.6,-60.370000000000005,19.996666666666663,0.0,0
2025-10-23 01:00:00,1,4,10,24.82375,54.767777777777766,1007.3222222222222,22.8,99.2,58.0,36.4,-54.156666666666666,44.870000000000005,0.0,0
2025-10-23 02:00:00,2,4,10,24.809375000000003,55.212173913043486,1007.0347826086958,22.6,99.2,59.0,36.0,-44.836666666666666,62.59333333333333,0.0,0
2025-10-23 03:00:00,3,4,10,24.73625,55.9275,1006.542105263158,22.4,93.7,61.0,33.5,-34.053333333333335,75.64666666666666,0.0,0
2025-10-23 04:00:00,4,4,10,24.705,56.10636363636363,1006.6636363636364,22.4,96.1,62.0,31.7,-20.9,87.725,0.0,0
2025-10-23 05:00:00,5,4,10,24.62,56.422,1006.46,22.3,94.5,63.0,30.6,-9.7875,96.86124999999998,0.0,0
2025-10-23 06:00:00,6,4,10,24.72,57.900000000000006,1006.35,22.2,100.0,63.0,33.8,1.8208,106.376,0.0,0
2025-10-23 07:00:00,7,4,10,25.05666666666667,57.16666666666666,1006.75,22.6,98.4,61.0,33.5,10.975714285714284,115.06380952380952,0.0,0
2025-10-23 08:00:00,8,4,10,25.424444444444443,56.342,1007.1,23.1,96.9,60.0,34.9,21.810666666666663,127.62000000000002,0.0,0
2025-10-23 09:00:00,9,4,10,25.543333333333333,56.655,1007.22,24.0,89.8,59.0,36.4,30.048,141.17000000000002,0.0,0
2025-10-23 10:00:00,10,4,10,25.96529411764706,53.80619047619047,1006.6857142857144,24.7,84.4,58.0,37.8,35.956,157.226,0.0,0
2025-10-23 11:00:00,11,4,10,26.388823529411766,51.49761904761905,1006.42,26.2,85.2,51.0,37.8,38.66571428571428,175.27333333333334,0.0,1
2025-10-23 12:00:00,12,4,10,26.773333333333333,46.14944444444445,1005.9216216216216,27.4,72.7,45.0,34.9,37.77533333333333,193.658,1.0,1
2025-10-23 13:00:00,13,4,10,26.81880952380952,42.57938775510205,1005.3408163265306,29.1,64.8,38.0,30.6,33.37533333333333,210.8933333333333,1.0,1
2025-10-23 14:00:00,14,4,10,26.988000000000003,43.79354838709676,1005.3625,29.4,80.5,35.0,27.7,26.203333333333337,225.6853333333333,1.0,1
2025-10-23 15:00:00,15,4,10,27.0725,40.9676923076923,1005.7,29.0,43.7,35.0,24.5,17.11466666666667,238.1153333333333,1.0,1
2025-10-23 16:00:00,16,4,10,27.406,42.274,1006.08,28.3,23.4,35.0,19.8,6.515925925925926,249.1325925925925,1.0,1
2025-10-23 17:00:00,17,4,10,27.042,42.956,1007.15,26.4,11.7,38.0,18.7,-2.4018750000000004,257.015,1.0,1
2025-10-23 18:00:00,18,4,10,26.642000000000003,43.136,1008.1,24.4,2.3,43.0,13.7,-14.311666666666667,266.55,1.0,1
2025-10-23 19:00:00,19,4,10,26.135,47.0425,1008.9666666666668,22.4,6.2,54.0,16.2,-25.706666666666667,276.09666666666664,1.0,1
2025-10-23 20:00:00,20,4,10,26.07,48.73,1009.5,21.0,5.5,67.0,15.5,-37.03333333333333,287.12666666666667,1.0,1
2025-10-23 21:00:00,21,4,10,25.913333333333338,49.57333333333333,1010.2,20.8,17.2,70.0,13.3,-47.59666666666666,301.07666666666665,1.0,1
2025-10-23 22:00:00,22,4,10,25.813333333333333,50.13666666666666,1010.2,20.4,22.7,72.0,13.3,-56.38,320.4266666666667,1.0,1
2025-10-23 23:00:00,23,4,10,25.75,50.6225,1010.1,20.1,11.7,72.0,13.7,-61.52,348.1333333333334,1.0,1
2025-10-24 00:00:00,0,5,10,25.71,51.09,1010.1,19.7,43.7,73.0,11.9,-60.70333333333334,20.186666666666667,1.0,0
2025-10-24 01:00:00,1,5,10,25.305,52.22,1010.1,18.6,82.0,79.0,9.4,-54.44,45.20333333333334,0.0,0
2025-10-24 02:00:00,2,5,10,25.11,52.995000000000005,1010.25,18.1,85.2,81.0,9.7,-45.086666666666666,62.94,0.0,0
2025-10-24 03:00:00,3,5,10,24.933333333333334,53.31666666666666,1010.05,17.3,49.2,79.0,10.4,-34.28,75.97333333333334,0.0,0
2025-10-24 04:00:00,4,5,10,24.755,53.655,1010.4,16.4,71.9,78.0,10.8,-20.610000000000003,88.448,0.0,0
2025-10-24 05:00:00,5,5,10,24.613333333333333,54.55,1010.3,16.7,97.7,73.0,11.9,-9.78875,97.31624999999998,0.0,0
2025-10-24 06:00:00,6,5,10,24.903333333333336,52.38333333333333,1010.85,17.4,96.1,70.0,10.8,1.8116,106.83160000000002,0.0,0
2025-10-24 07:00:00,7,5,10,25.185,52.0675,1011.5,18.0,100.0,69.0,12.2,10.665499999999998,115.235,0.0,0
2025-10-24 08:00:00,8,5,10,25.37,53.855,1012.05,19.3,96.9,66.0,9.7,21.140666666666668,127.31466666666664,0.0,0
2025-10-24 09:00:00,9,5,10,25.07,52.645,1011.825,21.3,30.5,59.0,6.8,29.42933333333333,140.72666666666666,0.0,0
2025-10-24 10:00:00,10,5,10,25.56,50.30333333333334,1011.5,23.4,17.2,53.0,11.5,35.431333333333335,156.60799999999998,0.0,0
2025-10-24 11:00:00,11,5,10,25.676666666666662,54.215,1010.7,25.7,64.1,47.0,20.2,38.29266666666667,175.0125,0.0,0
2025-10-24 12:00:00,12,5,10,25.39333333333333,52.56,1009.9666666666666,26.9,97.7,43.0,20.5,37.437333333333335,193.5753333333333,0.0,0
2025-10-24 13:00:00,13,5,10,25.542500000000004,52.3525,1009.325,25.9,46.1,48.0,15.5,33.059999999999995,210.7253333333333,0.0,0
2025-10-24 14:00:00,14,5,10,25.6,54.370000000000005,1009.2,25.9,56.2,49.0,14.8,25.91733333333333,225.468,0.0,0
2025-10-24 15:00:00,15,5,10,25.485000000000003,55.65,1008.8666666666668,25.6,32.8,50.0,14.4,16.858,237.872,0.0,0
2025-10-24 16:00:00,16,5,10,25.45,58.80666666666667,1008.65,24.2,37.5,61.0,14.4,6.184074074074075,248.97333333333333,0.0,0
2025-10-24 17:00:00,17,5,10,25.1,60.74,1008.8,21.9,38.3,75.0,13.7,-2.6526666666666667,256.77000000000004,0.0,0
2025-10-24 18:00:00,18,5,10,25.06,60.06666666666666,1009.1666666666666,20.9,20.3,78.0,12.2,-15.387142857142852,266.97571428571433,0.0,0
2025-10-24 19:00:00,19,5,10,25.286666666666665,59.126666666666665,1009.35,21.0,25.0,76.0,12.2,-29.540000000000003,279.05333333333334,0.0,0
2025-10-24 20:00:00,20,5,10,25.295,58.6,1009.45,20.0,78.9,80.0,9.4,-40.71666666666667,290.77000000000004,0.0,0
2025-10-24 21:00:00,21,5,10,25.27,58.37,1009.45,19.3,56.2,81.0,7.9,-50.88999999999999,306.09666666666664,0.0,0
2025-10-24 22:00:00,22,5,10,25.246666666666663,58.11333333333334,1009.0666666666666,18.9,79.7,81.0,9.4,-58.81333333333333,327.80333333333334,0.0,0
2025-10-24 23:00:00,23,5,10,25.215,58.06,1009.0666666666668,19.2,93.0,75.0,13.0,-62.41333333333333,354.44000000000005,0.0,0
2025-10-25 00:00:00,0,6,10,25.06,58.126666666666665,1008.5,19.2,92.2,72.0,12.6,-61.03333333333334,20.38,0.0,0
2025-10-25 01:00:00,1,6,10,24.936666666666667,58.32333333333333,1007.9666666666668,19.3,98.4,69.0,14.8,-54.72666666666667,45.53666666666667,0.0,0
2025-10-25 02:00:00,2,6,10,25.015,58.00333333333333,1007.35,19.1,100.0,69.0,15.5,-45.330000000000005,63.28666666666667,0.0,0
2025-10-25 03:00:00,3,6,10,24.99,57.72,1007.35,19.3,100.0,68.0,16.2,-34.49666666666666,76.29333333333334,0.0,0
2025-10-25 04:00:00,4,6,10,24.855,57.755,1007.15,19.5,100.0,68.0,16.9,-21.805,87.92,0.0,0
2025-10-25 05:00:00,5,6,10,24.74,57.6,1007.1,20.0,100.0,68.0,18.7,-10.532222222222222,97.16222222222224,0.0,0
2025-10-25 06:00:00,6,6,10,24.7225,57.2425,1007.2333333333332,19.8,99.2,70.0,18.4,1.6174999999999995,107.11416666666666,0.0,0
2025-10-25 07:00:00,7,6,10,24.816666666666663,56.6775,1008.0,19.8,100.0,69.0,19.1,10.440952380952382,115.50428571428571,0.0,0
2025-10-25 08:00:00,8,6,10,24.815,56.620000000000005,1008.45,21.6,92.2,62.0,20.2,21.08133333333333,127.828,0.0,0
2025-10-25 09:00:00,9,6,10,24.78,56.55,1008.2,23.5,100.0,56.0,15.5,29.298,141.256,0.0,0
2025-10-25 10:00:00,10,6,10,24.81,55.64000000000001,1007.8666666666668,24.9,52.3,52.0,15.8,35.20733333333333,157.128,0.0,0
2025-10-25 11:00:00,11,6,10,25.01,54.8325,1007.175,26.7,48.4,46.0,16.9,37.97599999999999,175.0486666666667,0.0,0
2025-10-25 12:00:00,12,6,10,25.166,54.5275,1006.175,28.1,64.1,40.0,16.2,37.09866666666667,193.4966666666667,0.0,0
2025-10-25 13:00:00,13,6,10,25.33,53.99666666666667,1005.4,29.0,87.5,38.0,16.2,32.744666666666674,210.56266666666667,0.0,0
2025-10-25 14:00:00,14,6,10,25.575000000000003,53.115,1005.0,29.4,75.0,37.0,16.9,25.634000000000004,225.25266666666664,0.0,0
2025-10-25 15:00:00,15,6,10,25.846666666666664,51.833333333333336,1004.55,29.3,60.9,38.0,19.1,16.603333333333335,237.6326666666667,0.0,0
2025-10-25 16:00:00,16,6,10,26.05333333333333,51.71,1004.95,28.4,18.0,40.0,15.1,6.004285714285714,248.6739285714286,0.0,0
2025-10-25 17:00:00,17,6,10,25.69,52.84666666666666,1005.5,25.7,14.1,55.0,14.4,-2.9200000000000004,256.53714285714284,0.0,0
2025-10-25 18:00:00,18,6,10,25.59,53.775,1006.4833333333332,23.8,47.7,67.0,14.4,-15.387142857142855,266.52142857142854,0.0,0
2025-10-25 19:00:00,19,6,10,25.350000000000005,56.28666666666667,1007.4,21.7,96.9,79.0,26.3,-29.546666666666667,278.5566666666666,0.0,0
2025-10-25 20:00:00,20,6,10,25.135,57.71,1007.75,21.0,48.4,83.0,28.4,-40.75,290.2,0.0,0
2025-10-25 21:00:00,21,6,10,25.085,57.91666666666666,1008.1333333333332,20.7,39.1,81.0,24.1,-50.98333333333333,305.4266666666667,0.0,0
2025-10-25 22:00:00,22,6,10,25.12,58.0,1008.1333333333332,20.5,86.7,78.0,21.2,-59.00666666666667,327.0566666666667,0.0,0
2025-10-25 23:00:00,23,6,10,25.1,58.34,1008.4,19.8,90.6,79.0,17.3,-62.73333333333333,354.00666666666666,0.0,0
2025-10-26 00:00:00,0,7,10,25.06,58.64,1008.1,19.1,99.2,81.0,15.1,-61.35999999999999,20.576666666666668,0.0,0
2025-10-26 01:00:00,1,7,10,25.03,58.675,1008.0,18.9,100.0,80.0,14.4,-55.01,45.876666666666665,0.0,0
2025-10-26 03:00:00,3,7,10,24.91,58.395,1008.1,19.4,100.0,72.0,17.6,-34.71666666666667,76.61333333333333,0.0,0
2025-10-26 04:00:00,4,7,10,24.95,58.07,1008.4,19.3,100.0,74.0,16.6,-21.9625,88.255,0.0,0
2025-10-26 05:00:00,5,7,10,24.902,57.68571428571429,1008.4500000000002,19.2,100.0,73.0,14.8,-10.534444444444444,97.60888888888888,0.0,0
2025-10-26 06:00:00,6,7,10,24.906666666666663,57.35,1009.1666666666666,19.0,100.0,75.0,11.5,1.6099999999999997,107.56208333333336,0.0,0
2025-10-26 07:00:00,7,7,10,24.876,57.06666666666666,1009.8,18.5,100.0,75.0,15.1,10.421904761904765,115.97571428571428,0.0,0
2025-10-26 08:00:00,8,7,10,24.768,56.7,1010.825,18.7,100.0,74.0,17.3,21.022,128.338,0.0,0
2025-10-26 09:00:00,9,7,10,24.494000000000003,56.575,1011.95,18.1,100.0,80.0,21.2,29.16333333333333,141.78333333333336,0.0,0
2025-10-26 10:00:00,10,7,10,23.96333333333333,57.56999999999999,1012.5,17.1,100.0,85.0,21.2,34.98266666666667,157.64466666666667,0.0,0
2025-10-26 11:00:00,11,7,10,24.206666666666667,57.03333333333333,1012.9666666666668,17.4,100.0,82.0,20.2,37.64214285714286,175.384,0.0,0
2025-10-26 12:00:00,12,7,10,24.185,56.66,1013.1,18.0,100.0,78.0,18.7,36.76466666666667,193.4153333333333,0.0,0
2025-10-26 13:00:00,13,7,10,24.26333333333333,56.27666666666666,1012.7666666666668,17.3,100.0,78.0,16.6,32.434666666666665,210.39866666666663,0.0,0
2025-10-26 14:00:00,14,7,10,24.34,55.83,1012.6,17.3,78.9,78.0,9.4,25.35266666666667,225.04133333333337,0.0,0
2025-10-26 15:00:00,15,7,10,24.166666666666668,56.083333333333336,1012.35,17.9,34.4,74.0,9.4,16.350666666666665,237.394,0.0,0
2025-10-26 16:00:00,16,7,10,24.095,56.28,1012.75,17.9,75.0,74.0,9.4,5.826896551724138,248.3768965517241,0.0,0
2025-10-26 17:00:00,17,7,10,24.185,56.1375,1013.2,17.3,2.3,78.0,7.2,-3.735714285714286,256.7414285714285,0.0,0
2025-10-26 18:00:00,18,7,10,24.176666666666662,56.19333333333333,1013.7666666666668,16.5,34.4,82.0,5.8,-16.183333333333334,266.71666666666664,0.0,0
2025-10-26 19:00:00,19,7,10,24.145000000000003,56.13333333333333,1014.3666666666668,15.3,13.3,89.0,9.0,-29.55,278.06,0.0,0
2025-10-26 20:00:00,20,7,10,24.106666666666666,56.13666666666666,1014.85,14.3,0.0,93.0,8.3,-40.78,289.63,0.0,0
2025-10-26 21:00:00,21,7,10,24.012,56.00833333333333,1015.5833333333334,13.8,0.0,90.0,8.6,-51.07333333333333,304.75666666666666,0.0,0
2025-10-26 22:00:00,22,7,10,23.72,55.91,1015.9,13.2,10.2,83.0,9.7,-59.2,326.31,0.0,0
2025-10-26 23:00:00,23,7,10,23.595,55.010000000000005,1015.9,12.4,0.0,76.0,10.8,-63.046666666666674,353.56333333333333,0.0,0
2025-10-27 00:00:00,0,1,10,23.595,54.62,1016.0,11.6,0.0,73.0,10.1,-61.68666666666667,20.77333333333333,0.0,0
2025-10-27 01:00:00,1,1,10,22.7025,54.697500000000005,1016.05,10.9,0.0,76.0,9.7,-55.29,46.21333333333333,0.0,0
2025-10-27 02:00:00,2,1,10,21.995,53.76,1015.7,10.4,0.0,76.0,10.4,-45.81,63.97666666666667,0.0,0
2025-10-27 03:00:00,3,1,10,22.29,52.540000000000006,1015.95,10.0,0.0,77.0,11.2,-34.93333333333334,76.93333333333334,0.0,0
2025-10-27 04:00:00,4,1,10,22.72666666666667,50.60999999999999,1016.2,9.8,0.0,77.0,11.5,-22.12,88.58749999999999,0.0,0
2025-10-27 05:00:00,5,1,10,22.9,47.91333333333333,1016.3333333333334,9.5,0.0,76.0,12.6,-11.197499999999998,97.5125,0.0,0
2025-10-27 06:00:00,6,1,10,22.98,46.025,1016.45,9.1,0.0,76.0,14.0,1.1375,107.60541666666668,0.0,0
2025-10-27 07:00:00,7,1,10,23.012,46.126,1017.06,9.2,0.0,75.0,14.8,9.92095238095238,115.94380952380952,0.0,0
2025-10-27 08:00:00,8,1,10,23.32,45.02,1017.65,11.1,0.0,71.0,14.4,20.358,128.02266666666668,0.0,0
2025-10-27 09:00:00,9,1,10,23.315,45.23,1017.3,14.1,0.0,62.0,12.2,28.555333333333333,141.33333333333334,0.0,0
2025-10-27 10:00:00,10,1,10,22.935,43.8675,1016.8333333333334,16.7,0.0,52.0,9.4,34.467333333333336,157.02333333333337,0.0,0
2025-10-27 11:00:00,11,1,10,23.03857142857143,42.17428571428572,1015.85,18.4,0.0,44.0,8.6,37.27733333333333,175.12124999999995,0.0,0
2025-10-27 12:00:00,12,1,10,24.26,41.01199999999999,1014.65,19.6,0.0,40.0,8.3,36.434666666666665,193.338,0.0,0
2025-10-27 13:00:00,13,1,10,23.99666666666667,40.03666666666667,1014.1,20.5,0.0,39.0,7.9,32.126,210.23733333333328,0.0,0
2025-10-27 14:00:00,14,1,10,23.395,39.365,1013.8,21.1,0.0,38.0,7.2,25.074,224.832,0.0,0
2025-10-27 15:00:00,15,1,10,24.276666666666667,42.21666666666666,1013.7,21.2,0.0,40.0,9.4,16.102666666666668,237.158,0.0,0
2025-10-27 16:00:00,16,1,10,24.953333333333333,42.28333333333333,1013.85,20.4,0.0,48.0,12.6,5.670714285714285,248.06571428571428,0.0,0
2025-10-27 17:00:00,17,1,10,24.99,48.45666666666667,1014.0,17.9,0.0,60.0,12.6,-3.7235714285714296,256.29357142857145,0.0,0
2025-10-27 18:00:00,18,1,10,25.36,51.65,1014.55,16.7,0.0,71.0,9.7,-16.183333333333334,266.2683333333334,0.0,0
2025-10-27 19:00:00,19,1,10,25.71,54.91,1014.8,15.8,0.0,74.0,6.1,-29.55666666666667,277.57,0.0,0
2025-10-27 20:00:00,20,1,10,24.98,55.27,1014.9333333333334,14.7,0.0,77.0,6.8,-40.806666666666665,289.06666666666666,0.0,0
2025-10-27 21:00:00,21,1,10,24.06,55.02,1015.3,13.6,0.0,80.0,9.0,-51.156666666666666,304.08666666666664,0.0,0
2025-10-27 22:00:00,22,1,10,23.54,54.545,1015.45,12.9,0.0,80.0,10.1,-59.38666666666666,325.56333333333333,0.0,0
2025-10-27 23:00:00,23,1,10,23.136666666666667,53.925,1015.1,12.6,0.0,78.0,10.1,-63.35666666666666,353.1166666666666,0.0,0
2025-10-28 00:00:00,0,2,10,22.81,53.35,1014.9,12.3,0.0,77.0,10.1,-62.00333333333334,20.97,0.0,0
2025-10-28 01:00:00,1,2,10,22.79,52.72,1014.65,11.9,0.0,79.0,9.4,-55.56333333333333,46.553333333333335,0.0,0
2025-10-28 02:00:00,2,2,10,22.66,52.11,1014.65,11.0,0.0,81.0,9.4,-46.04999999999999,64.32,0.0,0
2025-10-28 03:00:00,3,2,10,22.795,51.245,1014.45,10.9,0.0,77.0,10.1,-35.14666666666667,77.25333333333334,0.0,0
2025-10-28 04:00:00,4,2,10,22.665,50.395,1014.45,10.8,0.0,75.0,9.7,-22.2725,88.91749999999999,0.0,0
2025-10-28 05:00:00,5,2,10,22.74,48.57,1014.45,10.7,0.0,74.0,8.6,-11.19875,97.95,0.0,0
2025-10-28 06:00:00,6,2,10,22.7,47.06,1014.7,10.4,0.0,75.0,8.6,1.132083333333333,108.04666666666668,0.0,0
2025-10-28 07:00:00,7,2,10,22.7725,49.895,1015.1333333333332,10.9,0.0,71.0,9.0,9.903809523809525,116.40428571428568,0.0,0
2025-10-28 08:00:00,8,2,10,23.3275,52.84400000000001,1015.46,13.1,0.0,67.0,9.0,20.304,128.524,0.0,0
2025-10-28 09:00:00,9,2,10,23.4825,54.31,1015.2666666666668,15.9,0.0,60.0,5.8,28.428,141.84933333333336,0.0,0
2025-10-28 10:00:00,10,2,10,23.9625,54.9675,1014.75,18.2,3.1,57.0,3.2,34.250666666666675,157.5313333333333,0.0,0
2025-10-28 11:00:00,11,2,10,24.505000000000003,54.4825,1013.95,19.6,3.1,58.0,4.3,36.96866666666666,175.1533333333333,0.0,0
2025-10-28 12:00:00,12,2,10,24.305,47.585,1012.85,20.3,12.5,56.0,5.8,36.10666666666667,193.262,0.0,0
2025-10-28 13:00:00,13,2,10,23.565,45.355,1012.1,20.8,93.7,52.0,8.6,31.820666666666668,210.0806666666667,0.0,0
2025-10-28 14:00:00,14,2,10,23.06,41.58666666666667,1011.7666666666668,20.6,100.0,53.0,10.1,24.798,224.6253333333333,0.0,0
2025-10-28 15:00:00,15,2,10,23.680000000000003,46.580000000000005,1011.25,20.1,100.0,54.0,9.4,15.852666666666664,236.9286666666667,0.0,0
2025-10-28 16:00:00,16,2,10,24.413333333333338,49.94,1011.0,19.3,100.0,60.0,9.4,5.507241379310346,247.7631034482759,0.0,0
2025-10-28 17:00:00,17,2,10,24.455,51.48,1011.35,17.6,32.8,76.0,5.8,-4.055384615384615,256.1192307692308,0.0,0
2025-10-28 18:00:00,18,2,10,24.635,51.16,1011.15,16.6,0.0,79.0,3.6,-16.183333333333334,265.8283333333333,0.0,0
2025-10-28 19:00:00,19,2,10,24.3825,51.2325,1011.0666666666668,15.7,50.8,82.0,9.4,-29.56,277.0833333333333,0.0,0
2025-10-28 20:00:00,20,2,10,23.545,51.425,1010.9333333333332,14.7,100.0,85.0,10.4,-40.836666666666666,288.51,0.0,0
2025-10-28 21:00:00,21,2,10,23.09,51.79333333333333,1010.65,14.2,100.0,85.0,10.1,-51.24,303.4266666666667,0.0,0
2025-10-28 22:00:00,22,2,10,22.81,51.72,1010.1333333333332,13.9,100.0,84.0,7.2,-59.56666666666666,324.81666666666666,0.0,0
2025-10-28 23:00:00,23,2,10,22.5625,51.6675,1009.375,13.6,100.0,83.0,5.8,-63.66,352.6666666666667,0.0,0
2025-10-29 00:00:00,0,3,10,22.705,51.10124999999999,1008.1,13.2,100.0,83.0,5.4,-62.32333333333333,21.176666666666662,0.0,0
2025-10-29 01:00:00,1,3,10,22.4875,51.418000000000006,1008.025,14.2,100.0,80.0,9.4,-55.830000000000005,46.89000000000001,0.0,0
2025-10-29 02:00:00,2,3,10,22.41,51.78599999999999,1007.4199999999998,14.3,100.0,74.0,9.7,-46.28,64.66666666666667,0.0,0
2025-10-29 03:00:00,3,3,10,22.49,51.72,1006.7,14.0,100.0,76.0,6.8,-35.35333333333333,77.56333333333333,0.0,0
2025-10-29 04:00:00,4,3,10,22.26125,52.2175,1007.1222222222224,14.2,67.2,76.0,6.8,-22.4225,89.245,0.0,0
2025-10-29 05:00:00,5,3,10,22.22,52.9375,1006.925,13.6,96.1,79.0,7.6,-11.19875,98.37875,0.0,0
2025-10-29 06:00:00,6,3,10,22.2975,53.68399999999999,1006.46,13.9,100.0,78.0,9.0,0.9308695652173916,108.30521739130435,0.0,0
2025-10-29 07:00:00,7,3,10,22.23333333333333,55.72500000000001,1006.475,13.6,39.1,83.0,7.6,9.685454545454547,116.66227272727272,0.0,0
2025-10-29 08:00:00,8,3,10,22.58,60.565,1006.35,15.1,30.5,81.0,7.9,20.24533333333333,129.01600000000002,0.0,0
2025-10-29 09:00:00,9,3,10,22.85833333333333,59.14166666666667,1006.14,17.6,18.7,73.0,8.3,28.299333333333333,142.36,0.0,0
2025-10-29 10:00:00,10,3,10,22.956666666666667,58.79,1005.625,19.6,39.8,63.0,8.3,34.034,158.028,0.0,0
2025-10-29 11:00:00,11,3,10,23.8925,59.6275,1004.7,20.8,25.0,59.0,9.0,36.66333333333333,175.4786666666667,0.0,0
2025-10-29 12:00:00,12,3,10,24.348,57.3625,1003.775,22.0,25.8,57.0,7.9,35.782000000000004,193.1846666666667,0.0,0
2025-10-29 13:00:00,13,3,10,23.784,55.628,1002.84,21.9,50.8,62.0,10.1,31.51866666666667,209.922,0.0,0
2025-10-29 14:00:00,14,3,10,23.305,57.13,1002.15,21.7,82.8,63.0,9.7,24.526666666666664,224.41933333333333,0.0,0
2025-10-29 15:00:00,15,3,10,24.05333333333333,55.465,1001.9333333333334,21.3,100.0,65.0,6.5,15.610666666666669,236.696,0.0,0
2025-10-29 16:00:00,16,3,10,24.71333333333333,53.53333333333334,1001.7,20.8,100.0,71.0,5.8,5.344999999999999,247.46733333333336,0.0,0
2025-10-29 17:00:00,17,3,10,24.564,54.70666666666667,1001.76,19.6,100.0,84.0,3.6,-4.4175,255.9675,0.0,0
2025-10-29 18:00:00,18,3,10,24.76,58.338750000000005,1003.125,19.2,100.0,82.0,5.4,-16.17833333333333,265.39166666666665,0.0,0
2025-10-29 19:00:00,19,3,10,24.791666666666668,61.34333333333334,1003.6666666666666,18.2,99.2,91.0,9.4,-29.566666666666663,276.6066666666666,0.0,0
2025-10-29 20:00:00,20,3,10,24.173333333333336,60.99333333333334,1003.65,18.0,96.9,92.0,8.3,-40.86333333333334,287.9633333333333,0.0,0
2025-10-29 21:00:00,21,3,10,23.706666666666667,61.6275,1004.275,18.0,100.0,92.0,9.7,-51.31666666666666,302.7766666666667,0.0,0
2025-10-29 22:00:00,22,3,10,23.295,62.015,1004.4,18.0,100.0,91.0,13.0,-59.74,324.07666666666665,0.0,0
2025-10-29 23:00:00,23,3,10,23.305,61.54,1004.55,17.2,100.0,88.0,14.8,-63.96,352.22,0.0,0
2025-10-30 00:00:00,0,4,10,23.205,61.34,1004.3,16.7,100.0,88.0,13.7,-62.63333333333333,21.38,0.0,0
2025-10-30 01:00:00,1,4,10,23.01,61.22,1004.5,16.6,49.2,86.0,13.3,-56.10333333333333,47.23666666666666,0.0,0
2025-10-30 02:00:00,2,4,10,22.68,61.535,1004.75,15.8,6.2,87.0,12.6,-46.50666666666666,65.01333333333334,0.0,0
2025-10-30 03:00:00,3,4,10,22.81,60.955,1005.1,15.0,0.0,88.0,11.9,-35.56,77.88333333333333,0.0,0
2025-10-30 04:00:00,4,4,10,22.793333333333333,60.665,1005.4666666666666,14.6,0.0,86.0,11.9,-22.5725,89.5675,0.0,0
2025-10-30 05:00:00,5,4,10,22.80666666666667,59.96,1005.95,14.3,0.0,86.0,10.4,-11.2025,98.8075,0.0,0
2025-10-30 06:00:00,6,4,10,22.74,59.25666666666667,1006.5333333333332,13.8,0.0,86.0,10.4,0.9269565217391306,108.73782608695652,0.0,0
2025-10-30 07:00:00,7,4,10,22.68,58.676,1007.3,13.6,0.8,88.0,11.2,9.39904761904762,116.82761904761904,0.0,0
2025-10-30 08:00:00,8,4,10,22.88333333333333,57.845,1008.225,15.1,3.1,86.0,11.2,19.59266666666667,128.69666666666666,0.0,0
2025-10-30 09:00:00,9,4,10,23.085,57.9725,1008.6,17.7,3.9,76.0,10.1,27.702666666666666,141.906,0.0,0
2025-10-30 10:00:00,10,4,10,22.986666666666668,57.55,1008.4666666666668,19.9,0.8,67.0,11.5,33.52866666666667,157.41133333333337,0.0,0
2025-10-30 11:00:00,11,4,10,23.649999999999995,57.31666666666666,1008.0666666666666,21.4,0.0,59.0,10.8,36.29066666666667,175.2175,0.0,0
2025-10-30 12:00:00,12,4,10,24.036,54.852,1007.36,22.2,0.0,57.0,9.7,35.460666666666675,193.1093333333333,0.0,0
2025-10-30 13:00:00,13,4,10,23.84,52.72,1006.75,22.7,1.6,56.0,10.8,31.219999999999995,209.7693333333333,0.0,0
2025-10-30 14:00:00,14,4,10,23.77,50.71,1006.7,22.4,0.8,58.0,16.6,24.256666666666668,224.21733333333336,0.0,0
2025-10-30 15:00:00,15,4,10,24.266666666666666,51.63,1007.15,21.5,11.7,64.0,18.4,15.368,236.46866666666665,0.0,0
2025-10-30 16:00:00,16,4,10,24.383333333333336,51.25666666666666,1007.65,20.8,0.8,70.0,18.0,5.188275862068966,247.17310344827587,0.0,0
2025-10-30 17:00:00,17,4,10,24.11,51.625,1008.3333333333334,19.8,0.0,77.0,20.5,-4.415833333333333,255.53583333333336,0.0,0
2025-10-30 18:00:00,18,4,10,23.8875,50.33749999999999,1008.9333333333334,18.8,0.0,80.0,20.2,-16.17833333333333,264.96166666666664,0.0,0
2025-10-30 19:00:00,19,4,10,23.53,48.57,1008.85,17.7,0.0,81.0,14.8,-29.566666666666663,276.1333333333333,0.0,0
2025-10-30 20:00:00,20,4,10,23.4525,49.3975,1009.4333333333334,16.6,0.0,89.0,9.7,-40.89,287.4166666666667,0.0,0
2025-10-30 21:00:00,21,4,10,23.24,50.373333333333335,1009.9,16.5,13.3,83.0,11.9,-51.39333333333334,302.12666666666667,0.0,0
2025-10-30 22:00:00,22,4,10,23.03,51.35,1009.9,15.9,21.9,80.0,11.5,-59.91,323.3333333333333,0.0,0
2025-10-30 23:00:00,23,4,10,23.01,51.92,1009.9,15.6,21.9,78.0,13.0,-64.25666666666667,351.7633333333333,0.0,0
2025-10-31 00:00:00,0,5,10,22.79,52.45,1009.9,15.4,98.4,77.0,13.7,-62.946666666666665,21.58,0.0,0
2025-10-31 01:00:00,1,5,10,22.743333333333336,52.77,1010.15,15.8,16.4,74.0,15.5,-56.36000000000001,47.57666666666668,0.0,0
2025-10-31 02:00:00,2,5,10,22.58,53.2875,1009.825,15.5,38.3,76.0,15.8,-46.73333333333333,65.35333333333334,0.0,0
2025-10-31 03:00:00,3,5,10,22.62,53.45,1009.825,15.1,82.8,78.0,15.8,-35.763333333333335,78.19333333333334,0.0,0
2025-10-31 04:00:00,4,5,10,22.61,53.71666666666667,1009.9,15.0,96.1,79.0,17.3,-22.7225,89.88999999999999,0.0,0
2025-10-31 05:00:00,5,5,10,22.666666666666668,53.635,1009.85,15.1,100.0,78.0,17.6,-11.947142857142856,98.62857142857143,0.0,0
2025-10-31 06:00:00,6,5,10,22.6575,54.085,1010.5333333333332,15.1,96.1,78.0,17.6,0.4334782608695648,108.74695652173912,0.0,0
2025-10-31 07:00:00,7,5,10,23.044,56.81,1011.175,15.4,95.3,79.0,19.1,9.186363636363636,117.08045454545454,0.0,0
2025-10-31 08:00:00,8,5,10,23.044,56.82,1011.6,16.9,91.4,75.0,18.4,19.53933333333333,129.18133333333336,0.0,0
2025-10-31 09:00:00,9,5,10,23.4,55.985,1011.75,19.2,100.0,70.0,16.9,27.57733333333333,142.40666666666667,0.0,0
2025-10-31 10:00:00,10,5,10,23.435,56.355,1011.3666666666668,20.9,93.0,62.0,16.9,33.32,157.89866666666666,0.0,0
2025-10-31 11:00:00,11,5,10,23.616666666666664,53.70666666666667,1010.8666666666668,22.1,68.7,56.0,19.1,35.993333333333325,175.24266666666665,0.0,0
2025-10-31 12:00:00,12,5,10,23.532857142857143,51.705714285714286,1010.4142857142856,23.0,82.8,52.0,19.8,35.14333333333333,193.03533333333337,0.0,0
2025-10-31 13:00:00,13,5,10,23.18,50.71,1010.4142857142856,23.4,100.0,48.0,19.4,30.92533333333333,209.6186666666668,0.0,0
2025-10-31 14:00:00,14,5,10,23.21,51.155,1010.3,23.3,100.0,47.0,18.7,23.988666666666667,224.0186666666667,0.0,0
2025-10-31 15:00:00,15,5,10,23.21,50.31,1010.3,22.7,100.0,49.0,16.9,15.130666666666665,236.2446666666667,0.0,0
2025-10-31 16:00:00,16,5,10,23.075,49.325,1010.6,22.0,100.0,52.0,17.3,5.037333333333334,246.8753333333333,0.0,0
2025-10-31 17:00:00,17,5,10,22.82333333333333,49.626666666666665,1011.0,20.8,96.1,54.0,15.5,-4.822727272727272,255.4290909090909,0.0,0
2025-10-31 18:00:00,18,5,10,22.7775,50.8325,1011.5,19.7,100.0,58.0,13.7,-16.178333333333335,264.535,0.0,0
2025-10-31 19:00:00,19,5,10,22.73,51.225,1011.65,19.5,100.0,56.0,15.8,-29.57,275.66333333333336,0.0,0
2025-10-31 20:00:00,20,5,10,22.765,51.473333333333336,1012.0,18.5,100.0,60.0,15.5,-40.91,286.8766666666666,0.0,0
2025-10-31 21:00:00,21,5,10,22.84,51.64,1012.0333333333334,17.8,98.4,62.0,15.8,-51.46,301.48,0.0,0
2025-10-31 22:00:00,22,5,10,22.85,51.92,1011.9,17.2,79.7,64.0,16.2,-60.07666666666666,322.59,0.0,0
2025-10-31 23:00:00,23,5,10,22.78,52.02,1011.75,16.4,73.4,66.0,16.2,-64.54333333333334,351.3,0.0,0
2025-11-01 00:00:00,0,6,11,22.695,52.155,1011.5,15.8,94.5,68.0,15.8,-63.25,21.790000000000003,0.0,0
2025-11-01 01:00:00,1,6,11,22.585,52.315,1011.7,15.5,100.0,72.0,13.7,-56.623333333333335,47.91666666666666,0.0,0
2025-11-01 02:00:00,2,6,11,22.41,52.48,1011.5,15.2,99.2,73.0,14.8,-46.95333333333334,65.69333333333334,0.0,0
2025-11-01 03:00:00,3,6,11,22.445,52.34666666666666,1011.5333333333334,15.1,100.0,73.0,16.6,-35.97,78.50333333333333,0.0,0
2025-11-01 04:00:00,4,6,11,22.345,52.47,1011.5666666666666,14.9,100.0,74.0,17.6,-22.8675,90.205,0.0,0
2025-11-01 05:00:00,5,6,11,22.445,52.26,1011.95,14.7,100.0,74.0,18.4,-11.95142857142857,99.04428571428572,0.0,0
2025-11-01 06:00:00,6,6,11,22.416666666666668,52.2275,1012.35,14.6,100.0,74.0,19.1,0.2300000000000001,108.98954545454548,0.0,0
2025-11-01 07:00:00,7,6,11,22.129999999999995,52.60333333333333,1012.9666666666668,14.7,100.0,75.0,19.1,8.978695652173913,117.33173913043478,0.0,0
2025-11-01 08:00:00,8,6,11,22.105,52.635000000000005,1013.35,16.0,100.0,71.0,18.0,19.48733333333333,129.66266666666667,0.0,0
2025-11-01 09:00:00,9,6,11,22.19,52.67,1013.3,18.3,100.0,66.0,18.7,27.454666666666665,142.9006666666667,0.0,0
2025-11-01 10:00:00,10,6,11,22.25,52.49,1012.9333333333334,20.3,99.2,58.0,18.0,33.11,158.3826666666667,0.0,0
2025-11-01 11:00:00,11,6,11,22.35,51.89,1012.5,21.6,99.2,55.0,18.4,35.69733333333333,175.56133333333335,0.0,0
2025-11-01 12:00:00,12,6,11,22.535,50.2375,1011.9,23.2,100.0,48.0,18.0,34.83,192.9633333333333,0.0,0
2025-11-01 13:00:00,13,6,11,22.74,50.14,1011.9,24.1,100.0,43.0,16.9,30.63133333333333,209.4713333333333,0.0,0
2025-11-01 14:00:00,14,6,11,22.7925,48.73333333333333,1011.85,24.6,100.0,37.0,16.6,23.724,223.826,0.0,0
2025-11-01 15:00:00,15,6,11,22.71,49.715,1011.75,23.9,94.5,38.0,17.6,14.585,236.36875000000003,0.0,0
2025-11-01 16:00:00,16,6,11,22.71,50.14333333333334,1011.8333333333334,23.0,64.8,42.0,19.4,4.710666666666667,246.75233333333333,0.0,0
2025-11-01 17:00:00,17,6,11,22.6,49.95,1012.3666666666668,21.4,56.2,45.0,20.9,-5.875454545454545,255.84909090909093,0.0,0
2025-11-01 18:00:00,18,6,11,22.485,49.305,1012.75,20.5,64.1,47.0,19.4,-17.01,264.778,0.0,0
2025-11-01 19:00:00,19,6,11,22.35,48.6,1013.0,19.4,10.2,49.0,18.7,-29.57,275.2033333333333,0.0,0
2025-11-01 20:00:00,20,6,11,22.39,48.68000000000001,1013.45,18.4,53.1,53.0,17.3,-40.93,286.34666666666664,0.0,0
2025-11-01 21:00:00,21,6,11,22.11,48.6,1013.45,17.8,100.0,56.0,18.0,-51.52666666666667,300.8466666666667,0.0,0
2025-11-01 22:00:00,22,6,11,22.203333333333333,48.876666666666665,1013.7,17.8,78.9,56.0,16.6,-60.23333333333333,321.8566666666667,0.0,0
2025-11-01 23:00:00,23,6,11,22.34,49.2,1013.6,17.6,63.3,57.0,16.9,-64.83,230.85333333333327,0.0,0
2025-11-02 00:00:00,0,7,11,22.175,49.44,1013.4,17.2,46.9,59.0,19.8,-63.55333333333334,22.00333333333333,0.0,0
2025-11-02 01:00:00,1,7,11,22.29,49.5,1012.9,17.1,66.4,58.0,18.4,-56.876666666666665,48.27,0.0,0
2025-11-02 02:00:00,2,7,11,22.17,49.895,1012.325,17.1,77.3,59.0,19.4,-47.16666666666666,66.04,0.0,0
2025-11-02 03:00:00,3,7,11,22.155,50.075,1012.3,17.3,99.2,60.0,18.7,-36.16333333333333,78.81333333333333,0.0,0
2025-11-02 04:00:00,4,7,11,22.15333333333333,50.5825,1012.7,17.6,100.0,62.0,18.0,-23.0075,90.52,0.0,0
2025-11-02 05:00:00,5,7,11,22.14,50.93,1013.3,18.0,100.0,65.0,16.6,-11.954285714285716,99.45571428571428,0.0,0
2025-11-02 06:00:00,6,7,11,22.038000000000004,52.26571428571429,1013.3714285714286,18.6,100.0,65.0,17.6,0.2231818181818181,109.40590909090908,0.0,0
2025-11-02 07:00:00,7,7,11,22.066666666666663,52.63,1014.25,18.7,100.0,69.0,19.1,8.997916666666667,117.80416666666666,0.0,0
2025-11-02 08:00:00,8,7,11,22.066666666666663,53.26,1014.7333333333332,19.1,18.0,70.0,18.7,19.434,130.138,0.0,0
2025-11-02 09:00:00,9,7,11,22.12,54.04,1014.6,21.5,45.3,60.0,16.6,27.33066666666667,143.38933333333335,0.0,0
2025-11-02 10:00:00,10,7,11,22.261666666666667,52.67285714285714,1014.8833333333332,22.9,44.5,52.0,14.8,32.90133333333333,158.86,0.0,0
2025-11-02 11:00:00,11,7,11,22.658,48.96,1014.1,24.0,36.7,46.0,13.7,35.38857142857143,175.872,0.0,0
2025-11-02 12:00:00,12,7,11,22.866666666666664,45.97666666666667,1013.45,24.7,39.1,42.0,7.9,34.52,192.896,0.0,0
2025-11-02 13:00:00,13,7,11,23.13,43.41,1013.1,25.2,96.9,39.0,11.9,30.342,209.32866666666663,0.0,0
2025-11-02 14:00:00,14,7,11,23.105,43.77,1013.2,24.9,68.0,41.0,15.8,23.460666666666665,223.636,0.0,0
2025-11-02 15:00:00,15,7,11,22.99,45.89,1013.7333333333332,23.6,89.8,52.0,17.6,14.33625,236.16875000000005,0.0,0
2025-11-02 16:00:00,16,7,11,22.94,47.73333333333333,1014.3,22.2,98.4,62.0,17.3,4.399,246.6233333333333,0.0,0
2025-11-02 17:00:00,17,7,11,22.904,49.48666666666666,1015.1666666666666,20.6,96.9,72.0,13.3,-5.871818181818181,255.4354545454545,0.0,0
2025-11-02 18:00:00,18,7,11,22.856,50.95,1016.32,20.0,98.4,77.0,15.8,-17.009999999999998,264.362,0.0,0
2025-11-02 19:00:00,19,7,11,22.69666666666667,51.73333333333333,1017.1,19.4,59.4,79.0,14.0,-29.57333333333333,274.74333333333334,0.0,0
2025-11-02 20:00:00,20,7,11,22.64,52.53333333333333,1017.65,18.5,42.2,75.0,15.1,-40.946666666666665,285.81666666666666,0.0,0
2025-11-02 21:00:00,21,7,11,22.57,52.65,1018.15,17.6,3.1,73.0,13.7,-51.59,300.21333333333337,0.0,0
2025-11-02 22:00:00,22,7,11,22.53,52.52,1018.4,16.4,16.4,72.0,9.7,-60.38333333333333,321.1133333333333,0.0,0
2025-11-02 23:00:00,23,7,11,22.345,51.9975,1018.125,15.4,32.8,60.0,11.5,-65.10666666666667,230.38333333333333,0.0,0
2025-11-03 00:00:00,0,1,11,22.17,51.795,1018.25,14.0,78.1,59.0,12.2,-63.85,22.21333333333333,0.0,0
2025-11-03 01:00:00,1,1,11,22.03,51.36,1018.25,13.9,70.3,56.0,13.3,-57.126666666666665,48.60666666666666,0.0,0
2025-11-03 02:00:00,2,1,11,21.81,50.815,1018.05,13.7,46.9,56.0,11.5,-47.38333333333333,66.37333333333333,0.0,0
2025-11-03 03:00:00,3,1,11,21.47,49.73333333333333,1017.9333333333334,13.6,27.3,56.0,9.4,-36.36333333333334,79.11666666666666,0.0,0
2025-11-03 04:00:00,4,1,11,21.50333333333333,48.085,1018.4666666666668,13.2,5.5,59.0,8.6,-24.87,89.42999999999999,0.0,0
2025-11-03 05:00:00,5,1,11,21.565,46.675,1018.8,12.8,4.7,63.0,10.1,-12.71125,99.26,0.0,0
2025-11-03 06:00:00,6,1,11,21.7,45.53,1019.15,12.8,14.8,68.0,10.8,0.0176190476190474,109.63714285714286,0.0,0
2025-11-03 07:00:00,7,1,11,22.184,50.002,1019.7,12.2,21.9,62.0,8.6,8.555416666666666,117.79083333333334,0.0,0
2025-11-03 08:00:00,8,1,11,22.965,51.25,1020.35,13.5,3.1,60.0,9.0,18.794666666666664,129.8,0.0,0
2025-11-03 09:00:00,9,1,11,22.844,45.39200000000001,1020.6,15.9,2.3,54.0,6.8,26.747333333333334,142.91866666666667,0.0,0
2025-11-03 10:00:00,10,1,11,23.403333333333336,44.35666666666666,1020.5333333333334,18.6,5.5,48.0,4.3,32.416000000000004,158.234,0.0,0
2025-11-03 11:00:00,11,1,11,23.96666666666667,41.57666666666668,1020.0333333333334,20.1,10.9,47.0,4.0,35.05,175.31866666666667,0.0,0
2025-11-03 12:00:00,12,1,11,24.206666666666667,40.7375,1019.25,20.8,6.2,39.0,7.2,34.21666666666668,192.82533333333328,0.0,0
2025-11-03 13:00:00,13,1,11,23.692500000000003,38.4925,1018.5333333333334,21.2,2.3,35.0,8.6,30.056,209.18200000000004,0.0,0
2025-11-03 14:00:00,14,1,11,22.9,39.245000000000005,1018.0,21.0,2.3,39.0,10.1,23.20333333333333,223.44333333333333,0.0,0
2025-11-03 15:00:00,15,1,11,23.416666666666668,43.43666666666667,1018.25,20.6,0.8,43.0,10.1,14.135000000000002,235.921875,0.0,0
2025-11-03 16:00:00,16,1,11,24.175,43.365,1018.25,19.7,0.0,47.0,10.4,4.418666666666666,246.176,0.0,0
2025-11-03 17:00:00,17,1,11,24.18,44.50000000000001,1018.65,18.3,0.0,55.0,9.4,-5.867272727272728,255.02454545454543,0.0,0
2025-11-03 18:00:00,18,1,11,24.335,45.96666666666667,1019.15,17.6,0.0,60.0,8.6,-17.006,263.948,0.0,0
2025-11-03 19:00:00,19,1,11,23.755000000000003,46.235,1019.4,17.1,0.0,64.0,7.6,-29.57333333333333,274.2966666666667,0.0,0
2025-11-03 20:00:00,20,1,11,23.23,46.915000000000006,1019.5,16.3,0.0,69.0,6.5,-40.96666666666667,285.30333333333334,0.0,0
2025-11-03 21:00:00,21,1,11,22.875,47.595,1019.75,15.4,0.0,70.0,4.7,-51.65,299.59333333333336,0.0,0
2025-11-03 22:00:00,22,1,11,22.625,47.96,1019.55,14.1,0.0,74.0,6.5,-60.53666666666667,320.39000000000004,0.0,0
2025-11-03 23:00:00,23,1,11,22.34,48.34,1019.1,13.6,0.0,74.0,8.6,-65.38,229.92666666666665,0.0,0
2025-11-04 00:00:00,0,2,11,22.27,48.545,1018.9,13.1,0.0,76.0,9.4,-64.14,22.42333333333333,0.0,0
2025-11-04 01:00:00,1,2,11,21.995,48.725,1018.65,12.6,0.0,77.0,8.3,-57.37333333333333,48.95666666666667,0.0,0
2025-11-04 02:00:00,2,2,11,21.85,48.85,1018.35,12.0,0.0,79.0,7.6,-47.59333333333333,66.71333333333332,0.0,0
2025-11-04 03:00:00,3,2,11,21.89,48.625,1018.1,11.5,0.0,82.0,6.5,-36.55,79.42333333333333,0.0,0
2025-11-04 04:00:00,4,2,11,21.47333333333333,48.836666666666666,1018.2000000000002,11.2,0.8,83.0,8.3,-25.05333333333333,89.70333333333333,0.0,0
2025-11-04 05:00:00,5,2,11,21.77,47.63,1018.2000000000002,11.1,0.8,82.0,8.3,-12.715,99.65749999999998,0.0,0
2025-11-04 06:00:00,6,2,11,21.835,47.005,1018.35,11.0,0.0,82.0,7.2,0.0119047619047618,110.04190476190476,0.0,1
2025-11-04 07:00:00,7,2,11,21.824,50.31,1018.88,10.8,0.0,81.0,7.2,8.535416666666668,118.21500000000002,1.0,1
2025-11-04 08:00:00,8,2,11,21.6,51.633333333333326,1019.4,12.7,0.0,73.0,8.3,18.74533333333333,130.26533333333333,1.0,0
2025-11-04 09:00:00,9,2,11,22.218,50.234,1019.0666666666666,15.9,0.8,62.0,7.2,26.63066666666667,143.39733333333334,0.0,0
2025-11-04 10:00:00,10,2,11,22.42,48.623333333333335,1018.7666666666668,18.3,18.0,55.0,4.3,32.214666666666666,158.7,0.0,0
2025-11-04 11:00:00,11,2,11,23.295,50.5225,1018.1,19.7,9.4,55.0,5.4,34.74785714285714,175.62466666666668,0.0,0
2025-11-04 12:00:00,12,2,11,23.85166666666667,51.28333333333334,1017.0,20.6,71.1,54.0,6.5,33.913333333333334,192.76,0.0,0
2025-11-04 13:00:00,13,2,11,23.376666666666665,51.2,1016.2,21.0,91.4,54.0,9.7,29.773333333333333,209.04666666666668,0.0,0
2025-11-04 14:00:00,14,2,11,22.755,52.650000000000006,1016.0,20.7,99.2,56.0,13.3,22.946,223.26266666666663,0.0,0
2025-11-04 15:00:00,15,2,11,22.895000000000003,55.13,1015.9,20.0,1.6,59.0,12.6,13.661176470588233,235.9905882352941,0.0,0
2025-11-04 16:00:00,16,2,11,23.50333333333333,56.04,1016.1,19.2,0.0,65.0,13.3,4.27,245.903448275862,0.0,0
2025-11-04 17:00:00,17,2,11,23.542,57.778000000000006,1016.74,18.1,1.6,75.0,11.5,-5.861818181818183,254.6190909090909,0.0,0
2025-11-04 18:00:00,18,2,11,23.95,59.085,1017.25,17.5,3.9,80.0,10.4,-17.002,263.54200000000003,0.0,0
2025-11-04 19:00:00,19,2,11,23.605,57.36,1017.25,17.0,18.0,83.0,9.4,-29.57333333333333,273.8533333333333,0.0,0
2025-11-04 20:00:00,20,2,11,23.04,57.44,1017.25,16.0,64.1,87.0,8.3,-40.98,284.7933333333333,0.0,0
2025-11-04 21:00:00,21,2,11,22.42,58.03333333333333,1017.25,15.4,5.5,88.0,9.0,-51.71,298.97666666666663,0.0,0
2025-11-04 22:00:00,22,2,11,22.205,58.165000000000006,1016.9,14.8,3.9,89.0,8.6,-60.67666666666667,319.66,0.0,0
2025-11-04 23:00:00,23,2,11,22.11,58.02,1016.7,14.2,3.1,89.0,9.0,-65.64666666666668,229.4633333333333,0.0,0
2025-11-05 00:00:00,0,3,11,22.065,57.83,1016.4,13.6,2.3,90.0,9.4,-64.43333333333334,22.64333333333333,0.0,0
2025-11-05 01:00:00,1,3,11,21.94333333333333,57.91,1016.0333333333334,13.2,1.6,90.0,9.0,-57.61666666666667,49.3,0.0,0
2025-11-05 02:00:00,2,3,11,21.77,57.98333333333333,1015.35,12.8,4.7,91.0,9.4,-47.8,67.05333333333333,0.0,0
2025-11-05 03:00:00,3,3,11,21.545,58.087500000000006,1015.15,12.4,4.7,91.0,8.3,-36.73333333333334,79.72666666666667,0.0,0
2025-11-05 04:00:00,4,3,11,21.49,58.08,1015.0,12.2,28.1,91.0,7.6,-25.236666666666665,89.97666666666667,0.0,0
2025-11-05 05:00:00,5,3,11,21.32,58.03,1014.9,12.1,10.2,90.0,5.8,-12.7175,100.05375,0.0,0
2025-11-05 06:00:00,6,3,11,21.45,58.19,1015.15,11.9,32.8,90.0,7.9,-0.1949999999999999,110.261,0.0,1
2025-11-05 07:00:00,7,3,11,21.8225,60.635,1015.1,11.8,78.9,91.0,8.6,8.338399999999998,118.454,1.0,0
2025-11-05 08:00:00,8,3,11,22.776666666666667,63.23333333333333,1015.05,13.2,46.1,90.0,7.9,18.69533333333333,130.72533333333337,0.0,0
2025-11-05 09:00:00,9,3,11,23.78428571428572,61.90857142857143,1014.82,16.4,59.4,80.0,6.8,26.51333333333333,143.86800000000002,0.0,0
2025-11-05 10:00:00,10,3,11,23.7575,60.2525,1014.525,18.8,19.5,72.0,5.4,32.01533333333333,159.158,0.0,0
2025-11-05 11:00:00,11,3,11,24.276000000000003,59.77499999999999,1013.66,19.9,68.7,67.0,6.5,34.46571428571429,175.9226666666667,0.0,0
2025-11-05 12:00:00,12,3,11,24.712,59.416,1012.54,20.6,89.8,65.0,10.1,33.61666666666666,192.69266666666672,0.0,0
2025-11-05 13:00:00,13,3,11,23.98166666666667,59.36333333333334,1011.34,21.6,69.5,61.0,10.4,29.497333333333337,208.90866666666665,0.0,0
2025-11-05 14:00:00,14,3,11,23.195,61.53833333333333,1010.4,21.6,84.4,61.0,11.2,22.69533333333333,223.08,0.0,0
2025-11-05 15:00:00,15,3,11,23.64333333333333,65.75333333333333,1010.4333333333334,21.2,100.0,64.0,12.2,13.684375000000005,235.501875,0.0,0
2025-11-05 16:00:00,16,3,11,24.346666666666664,64.89,1010.0333333333332,20.3,100.0,70.0,11.2,4.105333333333333,245.63533333333328,0.0,0
2025-11-05 17:00:00,17,3,11,24.13333333333333,64.12333333333333,1009.62,19.8,100.0,74.0,11.5,-6.311999999999999,254.589,0.0,0
2025-11-05 18:00:00,18,3,11,24.35166666666667,64.81142857142856,1010.2142857142856,19.5,100.0,77.0,13.7,-17.0,263.144,0.0,0
2025-11-05 19:00:00,19,3,11,24.3125,65.44515151515152,1008.7375,18.6,100.0,88.0,13.7,-29.566666666666663,273.4166666666667,0.0,0
2025-11-05 20:00:00,20,3,11,23.86055555555556,65.63210526315792,1008.395,18.6,98.4,88.0,10.8,-40.99333333333334,284.29,0.0,0
2025-11-05 21:00:00,21,3,11,23.42,65.55285714285716,1008.7666666666664,18.2,18.0,88.0,13.7,-51.76333333333333,298.37,0.0,0
2025-11-05 22:00:00,22,3,11,23.225,65.3325,1007.975,17.0,30.5,93.0,8.6,-60.81666666666666,318.9433333333333,0.0,0
2025-11-05 23:00:00,23,3,11,23.086,64.96249999999999,1007.26,16.5,8.6,94.0,9.0,-65.91000000000001,229.00333333333333,0.0,0
2025-11-06 00:00:00,0,4,11,22.9325,64.564,1006.72,16.1,5.5,94.0,10.1,-64.71666666666665,22.85333333333333,0.0,0
2025-11-06 01:00:00,1,4,11,22.785000000000004,64.502,1006.1,16.1,75.8,96.0,11.9,-57.85333333333333,49.64333333333334,0.0,0
2025-11-06 02:00:00,2,4,11,22.67,64.27000000000001,1005.3,15.6,70.3,96.0,14.0,-48.0,67.38333333333333,0.0,0
2025-11-06 03:00:00,3,4,11,22.37,64.08,1005.16,15.7,99.2,90.0,15.8,-36.92333333333334,80.02333333333333,0.0,0
2025-11-06 04:00:00,4,4,11,22.054285714285715,62.96142857142856,1005.55,16.4,13.3,80.0,18.7,-25.416666666666668,90.24666666666668,0.0,0
2025-11-06 05:00:00,5,4,11,22.00777777777778,60.40818181818181,1005.6181818181816,15.8,80.5,72.0,21.2,-12.72,100.445,0.0,0
2025-11-06 06:00:00,6,4,11,22.01714285714285,56.90857142857143,1005.8571428571428,15.7,14.8,66.0,25.2,-0.2015000000000001,110.657,0.0,1
2025-11-06 07:00:00,7,4,11,20.82363636363636,52.2090909090909,1006.525,15.3,5.5,63.0,28.8,8.087083333333332,118.61250000000004,1.0,1
2025-11-06 08:00:00,8,4,11,20.821,49.59,1007.1111111111112,15.7,7.8,59.0,24.5,18.064666666666668,130.3733333333333,1.0,1
2025-11-06 09:00:00,9,4,11,20.903333333333336,45.5123076923077,1007.3423076923076,16.9,2.3,52.0,23.8,25.942,143.3886666666667,1.0,1
2025-11-06 10:00:00,10,4,11,20.68307692307692,43.00599999999999,1006.8875,18.4,0.8,44.0,24.1,31.54133333333333,158.52933333333337,1.0,1
2025-11-06 11:00:00,11,4,11,21.2192,40.83,1006.3346153846152,19.7,2.3,38.0,25.2,34.14333333333333,175.372,1.0,1
2025-11-06 12:00:00,12,4,11,21.83625,41.05875,1005.4714285714286,20.4,1.6,36.0,28.4,33.32133333333333,192.628,1.0,1
2025-11-06 13:00:00,13,4,11,21.60181818181817,39.486666666666665,1005.5454545454544,21.1,0.0,33.0,27.4,29.220666666666663,208.77333333333337,1.0,1
2025-11-06 14:00:00,14,4,11,20.88333333333333,38.82,1006.0333333333332,21.3,46.1,32.0,28.8,22.44933333333333,222.9006666666667,1.0,1
2025-11-06 15:00:00,15,4,11,20.810714285714283,40.309032258064526,1006.6354838709678,21.3,21.1,30.0,28.4,13.23941176470588,235.5552941176471,1.0,1
2025-11-06 16:00:00,16,4,11,21.2225,40.197,1006.8666666666668,20.5,0.8,33.0,27.0,3.955517241379311,245.37448275862067,1.0,1
2025-11-06 17:00:00,17,4,11,20.751428571428573,39.73,1007.4285714285712,18.9,0.0,38.0,25.9,-6.307,254.199,1.0,1
2025-11-06 18:00:00,18,4,11,21.70833333333333,41.98166666666666,1008.14,17.7,0.0,41.0,22.3,-17.0,262.75,1.0,0
2025-11-06 19:00:00,19,4,11,22.51,42.99,1008.5,16.5,0.0,45.0,24.1,-29.566666666666663,272.9833333333333,0.0,0
2025-11-06 20:00:00,20,4,11,22.095,43.22,1008.7,16.0,0.0,46.0,24.1,-41.0,283.79,0.0,0
2025-11-06 21:00:00,21,4,11,21.58,42.86000000000001,1008.9,15.7,0.0,47.0,21.6,-51.81333333333333,297.7666666666667,0.0,0
2025-11-06 22:00:00,22,4,11,21.395,43.06,1009.1666666666666,15.4,0.0,49.0,20.5,-60.946666666666665,318.22,0.0,0
2025-11-06 23:00:00,23,4,11,21.06,43.61,1009.05,14.9,11.7,51.0,20.2,-66.17,228.5333333333333,0.0,0
2025-11-07 00:00:00,0,5,11,21.05666666666667,43.98333333333333,1008.8666666666668,14.5,24.2,52.0,19.8,-64.99333333333334,23.08,0.0,0
2025-11-07 01:00:00,1,5,11,21.01,44.21,1008.75,14.4,28.1,55.0,22.0,-58.086666666666666,49.99,0.0,0
2025-11-07 02:00:00,2,5,11,21.33,44.17,1008.7,14.0,12.5,57.0,20.9,-48.196666666666665,67.72000000000001,0.0,0
2025-11-07 03:00:00,3,5,11,21.08333333333333,44.46,1008.5666666666668,13.6,42.2,58.0,20.5,-37.09666666666666,80.32,0.0,0
2025-11-07 04:00:00,4,5,11,20.6,44.42,1008.95,13.4,27.3,58.0,20.2,-25.59,90.50666666666666,0.0,0
2025-11-07 05:00:00,5,5,11,20.715,43.89,1009.15,13.1,63.3,58.0,20.5,-13.471428571428572,100.22857142857144,0.0,0
2025-11-07 06:00:00,6,5,11,21.11,43.09,1009.5,13.0,84.4,59.0,21.6,-0.7645000000000003,110.56950000000002,0.0,1
2025-11-07 07:00:00,7,5,11,21.13,44.755,1010.075,12.8,83.6,59.0,20.9,7.892799999999999,118.842,1.0,1
2025-11-07 08:00:00,8,5,11,21.5,47.79,1010.5,14.0,35.9,56.0,20.2,18.02066666666667,130.82266666666666,1.0,1
2025-11-07 09:00:00,9,5,11,21.28611111111111,44.19944444444443,1010.284210526316,16.0,20.3,51.0,21.6,25.832,143.85,1.0,1
2025-11-07 10:00:00,10,5,11,21.242,44.90857142857143,1010.04,17.4,15.6,48.0,21.2,31.350666666666665,158.97733333333332,1.0,0
2025-11-07 11:00:00,11,5,11,22.51375,50.14500000000001,1009.3166666666668,18.8,37.5,44.0,20.5,33.832307692307694,175.666,0.0,0
2025-11-07 12:00:00,12,5,11,23.21333333333333,47.328,1008.2666666666668,19.7,83.6,41.0,19.1,33.03266666666667,192.5666666666666,0.0,0
2025-11-07 13:00:00,13,5,11,22.424,44.02333333333333,1007.36,21.3,25.8,38.0,19.8,28.952,208.64266666666663,0.0,0
2025-11-07 14:00:00,14,5,11,22.006666666666664,43.35,1007.1666666666666,22.4,46.1,36.0,15.8,22.202666666666666,222.726,0.0,1
2025-11-07 15:00:00,15,5,11,21.83,43.89571428571429,1007.157142857143,23.3,97.7,34.0,16.6,12.825555555555557,235.57555555555552,1.0,0
2025-11-07 16:00:00,16,5,11,21.622,44.767500000000005,1007.26,21.7,100.0,41.0,22.7,3.807857142857143,245.11571428571423,0.0,1
2025-11-07 17:00:00,17,5,11,21.385,45.35199999999999,1007.48,19.9,91.4,47.0,25.9,-6.304,253.81,1.0,1
2025-11-07 18:00:00,18,5,11,21.324,45.776,1007.88,19.2,98.4,49.0,22.0,-16.996,262.364,1.0,1
2025-11-07 19:00:00,19,5,11,21.23,46.53,1008.45,18.0,99.2,55.0,23.0,-29.566666666666663,272.56666666666666,1.0,1
2025-11-07 20:00:00,20,5,11,21.23,47.025,1008.75,17.5,100.0,60.0,22.7,-41.016666666666666,283.31,1.0,0
2025-11-07 21:00:00,21,5,11,21.43,47.63714285714286,1007.7833333333332,16.7,100.0,70.0,20.9,-51.86333333333334,297.18,0.0,0
2025-11-07 22:00:00,22,5,11,21.461818181818185,48.11545454545455,1007.1272727272728,15.8,100.0,81.0,16.9,-61.07666666666666,317.51666666666665,0.0,0
2025-11-07 23:00:00,23,5,11,21.4,49.39,1007.7,15.9,39.1,78.0,20.2,-66.41666666666667,228.07333333333327,0.0,0
2025-11-08 00:00:00,0,6,11,21.3625,49.9675,1006.975,15.8,62.5,76.0,18.0,-65.26666666666667,23.29666666666667,0.0,0
2025-11-08 01:00:00,1,6,11,21.3,50.35999999999999,1006.85,15.7,99.2,69.0,19.8,-58.31666666666666,50.333333333333336,0.0,0
2025-11-08 02:00:00,2,6,11,21.135,51.0125,1006.2,15.0,89.1,77.0,22.3,-48.39333333333334,68.05000000000001,0.0,0
2025-11-08 03:00:00,3,6,11,21.13142857142857,51.14999999999999,1005.7666666666668,14.7,47.7,79.0,16.9,-37.27666666666666,80.61333333333334,0.0,0
2025-11-08 04:00:00,4,6,11,21.1725,51.172,1005.8,14.4,21.1,78.0,17.3,-25.76333333333333,90.77,0.0,0
2025-11-08 05:00:00,5,6,11,21.0925,51.54,1005.9,14.5,10.2,75.0,19.1,-13.472857142857142,100.60571428571428,0.0,0
2025-11-08 06:00:00,6,6,11,20.8375,51.92,1006.675,14.2,0.8,74.0,23.0,-0.9857894736842104,110.75947368421052,0.0,0
2025-11-08 07:00:00,7,6,11,20.462,52.576,1007.56,14.4,4.7,67.0,21.6,7.699615384615384,119.065,0.0,0
2025-11-08 08:00:00,8,6,11,20.5025,52.1125,1008.425,15.4,24.2,61.0,22.0,17.97266666666667,131.26266666666666,0.0,0
2025-11-08 09:00:00,9,6,11,20.71,50.31,1008.65,17.0,50.0,50.0,24.5,25.718000000000004,144.29866666666663,0.0,0
2025-11-08 10:00:00,10,6,11,20.43166666666667,47.39714285714286,1009.26,17.9,36.7,44.0,20.2,31.15866666666665,159.412,0.0,0
2025-11-08 11:00:00,11,6,11,20.53,44.2625,1009.0,18.8,28.1,40.0,22.0,33.56692307692308,175.95199999999997,0.0,0
2025-11-08 12:00:00,12,6,11,20.609375000000004,43.46222222222222,1009.1277777777776,19.6,32.0,37.0,19.4,32.74933333333333,192.506,0.0,0
2025-11-08 13:00:00,13,6,11,20.68166666666667,42.40833333333334,1009.4,20.5,45.3,33.0,23.8,28.684000000000008,208.516,0.0,0
2025-11-08 14:00:00,14,6,11,20.73333333333333,41.975,1009.7833333333332,20.5,21.9,34.0,23.4,21.96133333333333,222.55466666666663,0.0,0
2025-11-08 15:00:00,15,6,11,20.744444444444444,41.32666666666667,1010.4545454545456,20.3,21.1,34.0,17.6,12.67111111111111,235.31722222222223,0.0,0
2025-11-08 16:00:00,16,6,11,20.705714285714286,40.80857142857143,1011.157142857143,19.7,10.2,37.0,11.9,3.828214285714285,244.6971428571428,0.0,0
2025-11-08 17:00:00,17,6,11,20.65,40.8025,1012.0,17.9,2.3,43.0,11.2,-6.297,253.431,0.0,0
2025-11-08 18:00:00,18,6,11,20.61,40.68749999999999,1012.4285714285714,16.9,2.3,46.0,13.0,-16.994,261.98,0.0,0
2025-11-08 19:00:00,19,6,11,20.495,40.7,1013.25,15.8,1.6,49.0,17.6,-29.563333333333333,272.1466666666667,0.0,0
2025-11-08 20:00:00,20,6,11,20.355,40.67,1013.825,15.1,6.2,50.0,16.6,-41.02333333333333,282.82666666666665,0.0,0
2025-11-08 21:00:00,21,6,11,20.25,40.985,1014.15,14.3,8.6,53.0,13.0,-51.906666666666666,296.5966666666667,0.0,0
2025-11-08 22:00:00,22,6,11,20.15,41.01,1014.4,13.8,6.2,56.0,11.5,-61.19666666666666,316.81333333333333,0.0,0
2025-11-08 23:00:00,23,6,11,20.015,41.765,1014.4,13.2,5.5,59.0,11.5,-66.66000000000001,227.6133333333333,0.0,0
2025-11-09 00:00:00,0,7,11,20.145,42.35,1014.6,12.2,16.4,64.0,13.3,-65.54333333333334,23.51333333333333,0.0,0
2025-11-09 01:00:00,1,7,11,19.93,43.09,1014.5,11.9,4.7,65.0,14.0,-58.54,50.68000000000001,0.0,0
2025-11-09 02:00:00,2,7,11,20.05,43.15,1014.4,11.1,1.6,69.0,13.7,-48.583333333333336,68.36999999999999,0.0,0
2025-11-09 03:00:00,3,7,11,20.04,43.24,1014.25,10.3,0.0,73.0,12.2,-37.45,80.89999999999999,0.0,0
2025-11-09 04:00:00,4,7,11,19.925,43.465,1014.55,9.7,0.0,75.0,11.9,-25.933333333333334,91.03000000000002,0.0,0
2025-11-09 05:00:00,5,7,11,20.02,43.465,1014.55,9.4,0.0,76.0,11.2,-13.475714285714284,100.97571428571428,0.0,0
2025-11-09 06:00:00,6,7,11,20.015,43.39,1014.7,9.0,0.0,76.0,11.2,-0.99,111.13684210526316,0.0,0
2025-11-09 07:00:00,7,7,11,20.0075,43.44,1015.275,8.9,0.0,76.0,10.1,7.461200000000002,119.218,0.0,0
2025-11-09 08:00:00,8,7,11,19.885,43.64,1015.75,10.4,41.4,71.0,10.1,17.351333333333336,130.89933333333337,0.0,0
2025-11-09 09:00:00,9,7,11,19.77,44.04,1015.9,13.1,50.0,60.0,8.3,25.156666666666663,143.81066666666666,0.0,0
2025-11-09 10:00:00,10,7,11,19.65,44.065,1015.55,15.9,22.7,51.0,8.3,30.698,158.77866666666668,0.0,0
2025-11-09 11:00:00,11,7,11,19.6625,43.9175,1014.95,17.8,11.7,44.0,10.8,33.27333333333333,175.39866666666668,0.0,0
2025-11-09 12:00:00,12,7,11,19.7875,43.795,1014.0333333333332,19.3,2.3,41.0,9.0,32.46933333333333,192.442,0.0,0
2025-11-09 13:00:00,13,7,11,19.865,43.855,1013.5,20.0,10.9,37.0,7.6,28.423333333333336,208.386,0.0,0
2025-11-09 14:00:00,14,7,11,19.94,43.71333333333333,1013.3333333333334,20.1,7.8,36.0,8.3,21.72533333333333,222.3853333333333,0.0,0
2025-11-09 15:00:00,15,7,11,19.93,43.650000000000006,1013.25,19.5,25.8,39.0,11.9,12.428333333333336,235.155,0.0,0
2025-11-09 16:00:00,16,7,11,20.06,43.68,1013.4,18.3,25.0,47.0,13.0,3.476428571428572,244.6346428571429,0.0,0
2025-11-09 17:00:00,17,7,11,20.03,44.05,1013.7,16.4,8.6,60.0,12.2,-6.757777777777779,253.4355555555556,0.0,0
2025-11-09 18:00:00,18,7,11,20.03,44.52,1013.9,15.3,54.7,74.0,10.4,-16.990000000000002,261.608,0.0,0
2025-11-09 19:00:00,19,7,11,19.96,45.225,1013.7,14.9,18.7,78.0,6.8,-29.56,271.7366666666667,0.0,0
2025-11-09 20:00:00,20,7,11,19.84,46.00333333333333,1013.9,14.0,21.9,78.0,6.8,-41.03,282.3566666666666,0.0,0
2025-11-09 21:00:00,21,7,11,19.545,46.745,1013.8,12.6,58.6,80.0,9.4,-51.95,296.02666666666664,0.0,0
2025-11-09 22:00:00,22,7,11,19.265,47.395,1013.5,11.6,31.2,80.0,11.2,-61.31666666666666,316.1166666666668,0.0,0
2025-11-09 23:00:00,23,7,11,19.48333333333333,47.24666666666667,1013.2333333333336,10.9,25.0,77.0,11.5,-66.89999999999999,227.14666666666668,0.0,0
2025-11-10 00:00:00,0,1,11,19.62333333333333,47.120000000000005,1012.95,10.1,100.0,76.0,10.8,-65.80333333333334,23.736666666666665,0.0,0
2025-11-10 01:00:00,1,1,11,19.630000000000003,47.18,1012.4,9.4,100.0,77.0,11.5,-58.75666666666666,51.01666666666667,0.0,0
2025-11-10 02:00:00,2,1,11,19.57,47.135,1012.0,9.1,100.0,77.0,12.6,-48.77,68.69666666666667,0.0,0
2025-11-10 03:00:00,3,1,11,19.53,47.15,1012.3,8.9,100.0,75.0,13.3,-37.61666666666667,81.18666666666667,0.0,0
2025-11-10 04:00:00,4,1,11,19.455,46.905,1011.9,8.8,100.0,73.0,13.7,-26.096666666666664,91.28333333333336,0.0,0
2025-11-10 05:00:00,5,1,11,19.385,46.17,1011.75,8.7,100.0,72.0,13.7,-13.478571428571428,101.34285714285714,0.0,0
2025-11-10 06:00:00,6,1,11,19.5,45.905,1011.95,8.6,41.4,71.0,14.0,-1.1857894736842105,111.33052631578946,0.0,1
2025-11-10 07:00:00,7,1,11,20.338,51.266,1012.18,8.5,0.0,71.0,13.7,7.270384615384614,119.42923076923076,1.0,1
2025-11-10 08:00:00,8,1,11,21.615,56.095,1012.5666666666666,10.2,18.7,64.0,13.7,17.31,131.3273333333333,1.0,0
2025-11-10 09:00:00,9,1,11,22.066666666666663,54.32666666666666,1012.4,13.2,43.7,55.0,14.4,25.05333333333333,144.248,0.0,1
2025-11-10 10:00:00,10,1,11,21.315,41.7525,1012.0,16.3,97.7,45.0,12.2,30.516666666666666,159.20666666666668,1.0,1
2025-11-10 11:00:00,11,1,11,21.35,42.3775,1011.525,18.4,91.4,38.0,9.0,33.014,175.68599999999998,1.0,1
2025-11-10 12:00:00,12,1,11,21.43,40.53,1010.75,19.7,98.4,36.0,10.1,32.193333333333335,192.3853333333333,1.0,1
2025-11-10 13:00:00,13,1,11,21.07,42.7825,1010.225,20.4,94.5,38.0,11.2,28.166666666666668,208.2666666666667,1.0,1
2025-11-10 14:00:00,14,1,11,20.765,43.55,1009.85,20.5,71.9,39.0,10.1,21.49,222.22266666666664,1.0,1
2025-11-10 15:00:00,15,1,11,21.5975,46.2525,1009.9666666666666,19.9,24.2,43.0,11.2,12.287777777777778,234.89222222222224,1.0,0
2025-11-10 16:00:00,16,1,11,22.33333333333333,47.59666666666667,1010.5,18.1,0.0,52.0,11.9,3.495357142857142,244.22964285714284,0.0,0
2025-11-10 17:00:00,17,1,11,22.42,49.82,1011.0,15.9,0.0,63.0,9.0,-7.429,253.612,0.0,0
2025-11-10 18:00:00,18,1,11,23.281666666666663,56.185,1011.48,14.7,0.0,72.0,6.5,-17.855,261.92,0.0,0
2025-11-10 19:00:00,19,1,11,22.886666666666667,53.72666666666667,1012.0,13.9,0.0,75.0,7.6,-29.55333333333333,271.3333333333333,0.0,0
2025-11-10 20:00:00,20,1,11,22.15,53.64666666666667,1012.5,12.8,14.8,80.0,9.0,-41.04,281.89,0.0,0
2025-11-10 21:00:00,21,1,11,21.485,52.66666666666666,1012.85,12.0,10.2,82.0,7.9,-51.99,295.45666666666665,0.0,0
2025-11-10 22:00:00,22,1,11,20.94,52.43,1013.1,11.5,3.1,80.0,10.1,-61.42666666666667,315.43,0.0,0
2025-11-10 23:00:00,23,1,11,20.84,51.73,1013.1,10.9,3.9,78.0,9.7,-67.13333333333333,226.68,0.0,0
2025-11-11 00:00:00,0,2,11,20.49,51.105,1012.85,10.4,7.0,78.0,9.4,-66.07,23.953333333333333,0.0,0
2025-11-11 01:00:00,1,2,11,20.3,51.09,1012.85,10.4,29.7,77.0,10.8,-58.97666666666667,51.35333333333333,0.0,0
2025-11-11 02:00:00,2,2,11,20.265,49.76166666666666,1012.5400000000002,10.3,86.7,77.0,10.1,-48.95000000000001,69.01666666666667,0.0,0
2025-11-11 03:00:00,3,2,11,20.26,48.71,1012.25,10.0,94.5,78.0,9.0,-37.79,81.46666666666668,0.0,0
2025-11-11 04:00:00,4,2,11,20.22666666666667,47.975,1012.3666666666668,9.9,46.1,79.0,8.3,-26.26333333333333,91.53333333333336,0.0,0
2025-11-11 05:00:00,5,2,11,20.146666666666665,47.392500000000005,1012.4333333333334,9.7,68.7,79.0,8.3,-13.48,101.70285714285716,0.0,0
2025-11-11 06:00:00,6,2,11,20.135,46.545,1012.8,9.5,98.4,79.0,8.6,-1.1905263157894737,111.69473684210529,0.0,1
2025-11-11 07:00:00,7,2,11,20.928,52.924,1013.225,9.7,74.2,76.0,8.6,7.151923076923075,119.69346153846152,1.0,0
2025-11-11 08:00:00,8,2,11,22.16,59.565,1013.225,11.3,55.5,70.0,9.4,16.695333333333334,130.9613333333333,0.0,0
2025-11-11 09:00:00,9,2,11,22.636666666666667,55.35666666666666,1013.3666666666668,14.0,74.2,61.0,5.4,24.499333333333333,143.75866666666667,0.0,0
2025-11-11 10:00:00,10,2,11,22.31,51.94333333333333,1013.2666666666664,16.4,65.6,52.0,3.2,30.064666666666668,158.57333333333332,0.0,0
2025-11-11 11:00:00,11,2,11,23.114,55.03,1012.325,18.1,48.4,46.0,3.6,32.693333333333335,175.40812499999998,0.0,0
2025-11-11 12:00:00,12,2,11,23.433333333333334,52.947500000000005,1011.4,19.2,35.9,44.0,5.8,31.924666666666667,192.326,0.0,0
2025-11-11 13:00:00,13,2,11,22.415000000000003,50.7,1010.8,19.6,26.6,48.0,6.5,27.911999999999995,208.14466666666664,0.0,1
2025-11-11 14:00:00,14,2,11,21.545,50.05,1010.4,19.8,18.7,49.0,7.6,21.260666666666665,222.0593333333333,1.0,0
2025-11-11 15:00:00,15,2,11,22.26,52.03666666666667,1010.35,19.2,43.7,52.0,8.6,11.936315789473683,234.87736842105264,0.0,0
2025-11-11 16:00:00,16,2,11,23.066666666666663,51.65,1010.55,17.9,41.4,57.0,9.0,3.22,244.12535714285715,0.0,0
2025-11-11 17:00:00,17,2,11,22.6625,51.1925,1010.9,16.0,52.3,71.0,7.9,-7.275454545454544,253.13090909090909,0.0,0
2025-11-11 18:00:00,18,2,11,22.69,50.975,1011.3,15.3,90.6,73.0,3.2,-17.8525,261.5575,0.0,0
2025-11-11 19:00:00,19,2,11,22.093333333333334,50.97666666666667,1011.5,14.1,96.9,81.0,6.8,-29.55,270.94,0.0,1
2025-11-11 20:00:00,20,2,11,21.454,51.322,1011.8666666666668,13.2,93.0,83.0,11.2,-41.04333333333333,281.43666666666667,1.0,0
2025-11-11 21:00:00,21,2,11,20.7375,52.0575,1011.8,12.8,94.5,83.0,10.8,-52.02666666666666,294.9066666666667,0.0,0
2025-11-11 22:00:00,22,2,11,20.360000000000003,52.21333333333333,1011.525,12.1,91.4,84.0,9.0,-61.53666666666666,314.75333333333333,0.0,0
2025-11-11 23:00:00,23,2,11,20.09,52.21333333333333,1011.4,11.3,93.0,86.0,7.2,-67.36,226.22333333333333,0.0,0
2025-11-12 00:00:00,0,3,11,19.996666666666663,52.16333333333333,1011.1333333333332,10.5,72.7,89.0,6.5,-66.32333333333334,24.176666666666662,0.0,0
2025-11-12 01:00:00,1,3,11,19.85,52.03,1011.1,10.5,63.3,87.0,7.6,-59.18333333333334,51.69333333333333,0.0,0
2025-11-12 02:00:00,2,3,11,19.785,51.925,1011.0,9.9,88.3,89.0,7.6,-49.13,69.33333333333333,0.0,0
2025-11-12 03:00:00,3,3,11,19.63,51.92,1011.0,9.7,89.1,87.0,6.8,-37.95,81.74666666666667,0.0,0
2025-11-12 04:00:00,4,3,11,19.4475,51.9525,1011.15,9.6,93.0,86.0,6.5,-26.423333333333336,91.78000000000002,0.0,0
2025-11-12 05:00:00,5,3,11,19.19,51.745000000000005,1011.55,9.6,89.1,84.0,6.8,-13.482857142857144,102.05428571428573,0.0,0
2025-11-12 06:00:00,6,3,11,19.376666666666665,51.73666666666667,1012.0333333333332,9.6,78.1,81.0,6.8,-1.4094444444444445,111.86444444444444,0.0,1
2025-11-12 07:00:00,7,3,11,19.8425,54.845,1012.6,9.5,11.7,82.0,7.6,6.964814814814814,119.89518518518516,1.0,1
2025-11-12 08:00:00,8,3,11,21.05,57.553333333333335,1012.6,11.4,0.0,75.0,7.9,16.656000000000002,131.37466666666666,1.0,0
2025-11-12 09:00:00,9,3,11,22.040000000000003,55.29333333333333,1012.75,14.9,0.0,66.0,5.4,24.401333333333337,144.18133333333333,0.0,0
2025-11-12 10:00:00,10,3,11,21.9325,54.7525,1012.5666666666668,17.5,20.3,62.0,4.0,29.89,158.986,0.0,0
2025-11-12 11:00:00,11,3,11,22.93166666666666,59.16000000000001,1012.0333333333334,18.8,79.7,62.0,7.6,32.44466666666667,175.406,0.0,0
2025-11-12 12:00:00,12,3,11,22.1525,58.6,1011.4,19.6,96.1,61.0,9.4,31.658000000000005,192.26866666666663,0.0,1
2025-11-12 13:00:00,13,3,11,21.563333333333333,58.93333333333334,1010.7333333333336,20.2,85.9,62.0,11.2,27.66333333333333,208.0253333333333,1.0,1
2025-11-12 14:00:00,14,3,11,21.25,59.905,1010.9,20.2,96.1,66.0,12.2,21.038000000000004,221.8973333333333,1.0,0
2025-11-12 15:00:00,15,3,11,22.034,62.36600000000001,1010.78,19.8,40.6,72.0,15.1,11.68894736842105,234.7436842105263,0.0,0
2025-11-12 16:00:00,16,3,11,22.78333333333333,62.615,1011.5,19.3,36.7,75.0,14.8,3.077777777777778,243.8977777777778,0.0,0
2025-11-12 17:00:00,17,3,11,22.8,63.54,1011.6,18.1,0.8,82.0,16.2,-7.270909090909091,252.7754545454545,0.0,0
2025-11-12 18:00:00,18,3,11,23.236666666666668,64.26,1012.1666666666666,17.4,0.8,85.0,15.1,-17.847499999999997,261.2025,0.0,0
2025-11-12 19:00:00,19,3,11,23.3,66.555,1012.55,16.3,1.6,85.0,13.7,-29.55,270.55333333333334,0.0,0
2025-11-12 20:00:00,20,3,11,22.222,66.88399999999999,1012.8333333333334,15.5,0.8,87.0,11.2,-41.04666666666667,280.99,0.0,0
2025-11-12 21:00:00,21,3,11,21.415,66.91,1013.3,14.5,7.8,90.0,11.9,-52.06,294.3566666666666,0.0,0
2025-11-12 22:00:00,22,3,11,21.105,66.25666666666667,1013.0333333333334,13.6,59.4,91.0,10.4,-61.63666666666666,314.08,0.0,0
2025-11-12 23:00:00,23,3,11,21.115,64.675,1012.7333333333332,13.6,90.6,90.0,13.0,-67.58333333333333,225.76,0.0,0
2025-11-13 00:00:00,0,4,11,21.045,63.900000000000006,1012.05,13.9,95.3,87.0,12.6,-66.57,24.39,0.0,0
2025-11-13 01:00:00,1,4,11,20.986666666666665,63.2,1012.0666666666666,13.1,46.9,92.0,11.2,-59.39000000000001,52.02333333333333,0.0,0
2025-11-13 02:00:00,2,4,11,20.92,62.685,1011.8,13.3,61.7,91.0,12.2,-49.303333333333335,69.64666666666666,0.0,0
2025-11-13 03:00:00,3,4,11,20.808333333333334,62.31142857142857,1011.35,13.1,46.9,91.0,10.4,-38.10999999999999,82.02,0.0,0
2025-11-13 04:00:00,4,4,11,20.77,61.92,1011.05,12.5,31.2,92.0,9.7,-26.576666666666664,92.02333333333333,0.0,0
2025-11-13 05:00:00,5,4,11,20.705,61.43333333333334,1010.9666666666666,12.1,24.2,92.0,8.6,-13.485714285714286,102.4,0.0,0
2025-11-13 06:00:00,6,4,11,20.675,61.49,1011.1,12.0,32.0,92.0,9.0,-1.4144444444444444,112.21444444444444,0.0,1
2025-11-13 07:00:00,7,4,11,21.593333333333334,65.735,1011.2,12.3,51.6,92.0,8.6,6.947407407407408,120.26,1.0,0
2025-11-13 08:00:00,8,4,11,22.07,61.970000000000006,1011.35,13.8,42.2,86.0,8.3,16.620666666666665,131.78133333333335,0.0,0
2025-11-13 09:00:00,9,4,11,22.52333333333333,63.09333333333333,1011.0333333333334,16.6,91.4,75.0,6.5,24.302,144.59733333333332,0.0,0
2025-11-13 10:00:00,10,4,11,22.886666666666667,64.67999999999999,1010.7333333333332,19.0,100.0,68.0,6.5,29.71866666666667,159.39266666666666,0.0,0
2025-11-13 11:00:00,11,4,11,23.102500000000003,63.61749999999999,1010.1333333333332,20.1,91.4,69.0,10.1,32.20133333333334,175.67266666666666,0.0,0
2025-11-13 12:00:00,12,4,11,23.5,63.3725,1009.3,21.0,31.2,68.0,13.7,31.396,192.21266666666665,0.0,0
2025-11-13 13:00:00,13,4,11,23.4725,62.1525,1008.6,21.3,44.5,69.0,16.6,27.420666666666666,207.90866666666668,0.0,0
2025-11-13 14:00:00,14,4,11,22.49,62.4875,1007.95,21.4,48.4,68.0,18.7,20.814,221.7453333333333,0.0,0
2025-11-13 15:00:00,15,4,11,22.76666666666667,66.73333333333333,1007.8666666666668,20.6,85.9,74.0,18.4,11.574736842105263,234.47578947368416,0.0,0
2025-11-13 16:00:00,16,4,11,23.162,67.018,1007.38,19.8,100.0,82.0,17.6,2.887142857142857,243.7021428571429,0.0,0
2025-11-13 17:00:00,17,4,11,23.08,67.9275,1007.8333333333334,18.6,100.0,91.0,15.5,-7.710000000000001,252.792,0.0,0
2025-11-13 18:00:00,18,4,11,23.58,67.87,1007.6,18.3,100.0,95.0,12.2,-17.8475,260.85,0.0,0
2025-11-13 19:00:00,19,4,11,23.636666666666667,68.25,1007.55,17.9,100.0,92.0,12.6,-29.540000000000003,270.17333333333335,0.0,0
2025-11-13 20:00:00,20,4,11,22.964,69.64599999999999,1007.14,17.5,100.0,91.0,13.3,-41.053333333333335,280.54999999999995,0.0,0
2025-11-13 21:00:00,21,4,11,22.44,70.545,1006.55,17.1,100.0,90.0,16.2,-52.09333333333333,293.82,0.0,0
2025-11-13 22:00:00,22,4,11,22.246666666666663,70.08,1006.075,16.5,100.0,90.0,15.5,-61.73666666666666,313.4166666666667,0.0,0
2025-11-13 23:00:00,23,4,11,22.01,69.59,1006.075,15.9,100.0,92.0,10.8,-68.0275,258.1275,0.0,0
2025-11-14 00:00:00,0,5,11,21.903333333333336,69.02,1005.35,15.4,100.0,93.0,9.4,-66.81666666666666,24.62,0.0,0
2025-11-14 01:00:00,1,5,11,21.8225,68.475,1004.75,15.6,100.0,92.0,8.3,-59.59,52.36333333333334,0.0,0
2025-11-14 02:00:00,2,5,11,21.805,68.12166666666667,1004.1333333333332,15.7,94.5,90.0,6.1,-49.47,69.95666666666666,0.0,0
2025-11-14 03:00:00,3,5,11,21.66,68.19666666666666,1003.5333333333332,15.3,100.0,91.0,9.7,-38.26333333333333,82.29,0.0,0
2025-11-14 04:00:00,4,5,11,21.5525,67.97,1002.875,14.8,100.0,92.0,6.1,-26.73,92.26666666666668,0.0,0
2025-11-14 05:00:00,5,5,11,21.55,67.675,1002.65,14.9,99.2,91.0,7.6,-14.18,102.19125,0.0,0
2025-11-14 06:00:00,6,5,11,21.346,67.5625,1003.2,14.6,94.5,90.0,7.2,-1.6382352941176477,112.3670588235294,0.0,1
2025-11-14 07:00:00,7,5,11,21.11,68.77333333333333,1004.0333333333334,15.8,100.0,86.0,10.1,6.572592592592593,120.24185185185183,1.0,0
2025-11-14 08:00:00,8,5,11,22.05,69.498,1004.3333333333334,16.5,93.7,80.0,10.4,16.014666666666663,131.39533333333333,0.0,0
2025-11-14 09:00:00,9,5,11,22.836,66.216,1004.5,17.7,85.2,75.0,9.4,23.76,144.09066666666666,0.0,0
2025-11-14 10:00:00,10,5,11,22.372,57.852,1004.48,20.6,94.5,61.0,12.6,29.276666666666667,158.74733333333333,0.0,0
2025-11-14 11:00:00,11,5,11,22.626666666666665,55.04,1004.55,21.4,100.0,55.0,14.0,31.913125,175.39062499999997,0.0,0
2025-11-14 12:00:00,12,5,11,22.56,52.46714285714286,1003.9571428571428,21.1,67.2,53.0,11.2,31.142,192.16,0.0,0
2025-11-14 13:00:00,13,5,11,22.325,51.10666666666666,1003.2333333333332,21.3,16.4,49.0,15.8,27.18133333333333,207.7986666666667,0.0,0
2025-11-14 14:00:00,14,5,11,22.325,49.92,1003.1,22.6,16.4,44.0,18.0,20.59933333333333,221.59133333333327,0.0,0
2025-11-14 15:00:00,15,5,11,22.3025,48.605,1003.2,22.7,14.8,40.0,13.7,11.261,234.4415,0.0,0
2025-11-14 16:00:00,16,5,11,22.256666666666664,48.74,1003.65,21.3,3.1,47.0,12.6,2.743333333333333,243.48851851851848,0.0,0
2025-11-14 17:00:00,17,5,11,22.14333333333333,49.14666666666667,1004.2,18.9,7.0,64.0,14.4,-7.705,252.448,0.0,0
2025-11-14 18:00:00,18,5,11,21.933333333333334,50.03,1004.6333333333332,17.8,9.4,75.0,13.3,-17.845,260.51,0.0,0
2025-11-14 19:00:00,19,5,11,21.916,50.798,1005.46,17.0,64.1,77.0,12.2,-29.540000000000003,269.80333333333334,0.0,1
2025-11-14 20:00:00,20,5,11,21.811666666666667,51.39666666666667,1006.5888888888888,16.1,85.9,79.0,11.9,-41.053333333333335,280.1233333333333,1.0,0
2025-11-14 21:00:00,21,5,11,21.57714285714286,50.64333333333335,1006.7333333333332,15.4,30.5,74.0,11.5,-52.120000000000005,293.29999999999995,0.0,0
2025-11-14 22:00:00,22,5,11,21.445,50.43,1006.74,15.6,73.4,65.0,14.0,-61.82666666666668,312.76666666666665,0.0,0
2025-11-14 23:00:00,23,5,11,21.31,49.975,1007.275,16.1,87.5,64.0,13.0,-68.24499999999999,257.64750000000004,0.0,0
2025-11-15 00:00:00,0,6,11,21.36,50.1275,1007.125,16.1,62.5,65.0,13.3,-67.05666666666667,24.843333333333334,0.0,0
2025-11-15 01:00:00,1,6,11,21.356666666666666,50.43,1007.26,15.9,37.5,63.0,13.0,-59.78333333333334,52.69333333333333,0.0,0
2025-11-15 02:00:00,2,6,11,21.46333333333333,50.76833333333333,1007.4666666666666,15.1,52.3,66.0,11.5,-49.63666666666668,70.26,0.0,0
2025-11-15 03:00:00,3,6,11,21.285,51.135000000000005,1007.3,14.8,5.5,67.0,12.6,-38.41666666666666,82.55666666666667,0.0,0
2025-11-15 04:00:00,4,6,11,21.125,51.48199999999999,1007.54,14.0,7.0,70.0,12.2,-26.87666666666667,92.5,0.0,0
2025-11-15 05:00:00,5,6,11,20.866666666666664,51.626666666666665,1008.0333333333332,13.4,2.3,72.0,10.8,-14.945714285714288,101.92,0.0,0
2025-11-15 06:00:00,6,6,11,20.81,51.68,1008.45,12.9,4.7,75.0,10.1,-2.288823529411765,112.16058823529411,0.0,0
2025-11-15 07:00:00,7,6,11,20.74,51.68666666666667,1008.75,13.6,7.0,69.0,12.2,6.3925,120.42285714285715,0.0,0
2025-11-15 08:00:00,8,6,11,20.5725,51.8025,1008.925,14.6,8.6,66.0,13.0,15.978666666666667,131.78866666666667,0.0,0
2025-11-15 09:00:00,9,6,11,20.8175,51.8125,1009.0,16.6,24.2,60.0,8.6,23.66733333333333,144.49066666666664,0.0,0
2025-11-15 10:00:00,10,6,11,21.12,51.73,1009.0,18.6,39.8,54.0,5.0,29.116666666666667,159.13933333333338,0.0,0
2025-11-15 11:00:00,11,6,11,21.15,51.798,1008.16,20.1,100.0,50.0,6.8,31.660666666666668,175.38133333333334,0.0,0
2025-11-15 12:00:00,12,6,11,21.206666666666667,51.95666666666667,1007.25,20.6,100.0,48.0,10.8,30.89133333333333,192.11,0.0,0
2025-11-15 13:00:00,13,6,11,21.25,51.946666666666665,1006.5666666666668,20.7,100.0,49.0,13.3,26.94666666666667,207.6893333333333,0.0,0
2025-11-15 14:00:00,14,6,11,21.29,51.85,1006.5,20.2,100.0,52.0,11.5,20.384666666666668,221.44600000000003,0.0,0
2025-11-15 15:00:00,15,6,11,21.343333333333334,52.026,1006.04,20.0,100.0,55.0,9.4,11.214736842105264,234.10631578947363,0.0,0
2025-11-15 16:00:00,16,6,11,21.32,52.15,1005.7,19.4,100.0,61.0,6.8,2.763703703703704,243.1177777777777,0.0,0
2025-11-15 17:00:00,17,6,11,21.36,52.735,1005.85,18.1,100.0,67.0,7.9,-7.698,252.114,0.0,0
2025-11-15 18:00:00,18,6,11,21.31,53.135,1005.4,17.4,100.0,72.0,9.7,-19.406,261.4,0.0,0
2025-11-15 19:00:00,19,6,11,21.235,53.51333333333333,1005.6666666666666,16.5,100.0,80.0,4.7,-33.38666666666667,272.67333333333335,0.0,0
2025-11-15 20:00:00,20,6,11,21.198,53.90285714285714,1005.7285714285714,15.9,100.0,85.0,4.3,-44.82666666666666,283.62666666666667,0.0,0
2025-11-15 21:00:00,21,6,11,21.055000000000003,54.76124999999999,1005.325,15.7,100.0,86.0,9.0,-55.620000000000005,298.2833333333333,0.0,0
2025-11-15 22:00:00,22,6,11,21.06,55.306,1004.8666666666668,15.2,100.0,91.0,6.8,-64.55666666666666,320.9066666666667,0.0,0
2025-11-15 23:00:00,23,6,11,21.1075,55.6375,1004.3,15.2,100.0,93.0,13.0,-68.97333333333334,232.66,0.0,0
2025-11-16 00:00:00,0,7,11,21.093333333333334,56.15,1003.85,15.4,100.0,91.0,13.7,-67.29333333333334,25.06,0.0,0
2025-11-16 01:00:00,1,7,11,21.035,56.71,1003.4,15.9,100.0,84.0,14.8,-59.97666666666667,53.02,0.0,0
2025-11-16 02:00:00,2,7,11,20.953333333333333,57.2675,1003.6,16.3,99.2,75.0,16.2,-49.79333333333333,70.55666666666667,0.0,0
2025-11-16 03:00:00,3,7,11,21.01,57.22,1003.8,16.7,89.1,70.0,19.4,-38.56,82.81666666666668,0.0,0
2025-11-16 04:00:00,4,7,11,20.59,57.575,1003.85,16.2,86.7,72.0,16.6,-27.02333333333333,92.73,0.0,0
2025-11-16 05:00:00,5,7,11,20.49,57.47,1004.35,15.8,62.5,74.0,18.7,-14.965714285714286,102.23,0.0,0
2025-11-16 06:00:00,6,7,11,20.5,57.123333333333335,1004.7666666666668,15.0,10.9,76.0,19.1,-2.293529411764706,112.49176470588236,0.0,0
2025-11-16 07:00:00,7,7,11,20.380000000000003,56.762000000000015,1005.5,14.0,6.2,79.0,19.4,6.375714285714286,120.76571428571428,0.0,0
2025-11-16 08:00:00,8,7,11,20.4275,56.405,1005.9666666666668,14.9,5.5,75.0,19.8,15.946666666666664,132.17533333333333,0.0,0
2025-11-16 09:00:00,9,7,11,20.25555555555556,53.67555555555556,1006.29,16.2,3.1,66.0,19.4,23.57733333333334,144.88666666666668,0.0,0
2025-11-16 10:00:00,10,7,11,20.270000000000003,51.87,1006.1375,17.8,2.3,59.0,20.2,28.956666666666663,159.524,0.0,0
2025-11-16 11:00:00,11,7,11,20.38142857142857,50.76714285714286,1005.7666666666668,19.6,75.8,48.0,24.5,31.41357142857143,175.634,0.0,0
2025-11-16 12:00:00,12,7,11,20.49375,50.63428571428572,1005.0666666666668,20.1,25.8,45.0,24.1,30.64733333333333,192.05333333333337,0.0,0
2025-11-16 13:00:00,13,7,11,20.495,50.29,1004.6,20.7,88.3,42.0,23.0,26.71733333333333,207.5786666666667,0.0,0
2025-11-16 14:00:00,14,7,11,20.54,50.13,1004.4,20.7,39.1,42.0,22.0,20.17666666666667,221.30000000000004,0.0,0
2025-11-16 15:00:00,15,7,11,20.57,49.835,1004.48,20.0,17.2,46.0,22.3,10.916500000000005,234.07,0.0,0
2025-11-16 16:00:00,16,7,11,20.62333333333333,49.13,1004.9333333333334,19.0,1.6,51.0,18.7,2.616923076923077,242.92115384615389,0.0,0
2025-11-16 17:00:00,17,7,11,20.5725,49.35000000000001,1005.65,17.5,7.8,55.0,18.7,-7.692,251.782,0.0,0
2025-11-16 18:00:00,18,7,11,20.525,49.754000000000005,1006.5,16.5,11.7,57.0,18.0,-19.402,261.07,0.0,0
2025-11-16 19:00:00,19,7,11,20.58,50.2,1007.2,15.2,42.2,67.0,14.8,-33.38,272.30333333333334,0.0,0
2025-11-16 20:00:00,20,7,11,20.6,50.37,1007.2,14.5,2.3,69.0,13.7,-44.830000000000005,283.18666666666667,0.0,0
2025-11-16 21:00:00,21,7,11,20.39,51.05,1007.2999999999998,13.8,1.6,72.0,12.2,-55.66333333333333,297.74333333333334,0.0,0
2025-11-16 22:00:00,22,7,11,20.39,51.16,1007.3,13.4,0.0,72.0,14.0,-64.67666666666666,320.24333333333334,0.0,0
2025-11-16 23:00:00,23,7,11,20.52,51.2575,1007.2999999999998,13.2,14.1,72.0,15.1,-69.19666666666667,232.26,0.0,0
2025-11-17 00:00:00,0,1,11,20.480000000000004,51.52666666666666,1006.9,13.0,85.9,72.0,15.5,-67.52,25.28333333333333,0.0,0
2025-11-17 01:00:00,1,1,11,20.42,51.6,1006.9,13.0,80.5,74.0,14.0,-60.16333333333333,53.34333333333333,0.0,0
2025-11-17 02:00:00,2,1,11,20.380000000000003,51.906666666666666,1006.4333333333334,13.3,21.1,73.0,13.7,-49.95333333333334,70.85666666666667,0.0,0
2025-11-17 03:00:00,3,1,11,20.285,52.0475,1006.4,13.2,46.9,74.0,15.1,-38.70666666666667,83.07333333333334,0.0,0
2025-11-17 04:00:00,4,1,11,20.23,52.33,1006.4,13.2,44.5,73.0,14.8,-27.16333333333333,92.96,0.0,0
2025-11-17 05:00:00,5,1,11,20.166666666666668,52.32333333333333,1006.3666666666668,13.2,99.2,73.0,16.9,-14.98857142857143,102.53285714285714,0.0,0
2025-11-17 06:00:00,6,1,11,20.27,52.32333333333333,1006.3666666666668,13.9,100.0,70.0,16.6,-2.544375,112.600625,0.0,1
2025-11-17 07:00:00,7,1,11,20.6775,55.316,1006.55,13.6,100.0,74.0,16.2,6.014285714285713,120.73535714285713,1.0,1
2025-11-17 08:00:00,8,1,11,21.52,54.895,1007.15,14.1,2.3,71.0,16.9,15.348666666666668,131.77333333333334,1.0,0
2025-11-17 09:00:00,9,1,11,22.08666666666667,55.7,1007.4333333333334,15.7,4.7,65.0,14.8,23.04666666666667,144.3646666666667,0.0,0
2025-11-17 10:00:00,10,1,11,22.285,54.145,1007.5,17.7,7.8,56.0,14.4,28.53133333333334,158.86933333333334,0.0,0
2025-11-17 11:00:00,11,1,11,23.17333333333333,55.06,1007.1666666666666,18.8,8.6,52.0,13.0,31.142000000000003,175.34374999999997,0.0,0
2025-11-17 12:00:00,12,1,11,23.635,51.58,1006.75,19.0,39.8,52.0,14.8,30.40866666666666,192.00866666666664,0.0,0
2025-11-17 13:00:00,13,1,11,23.043333333333333,49.09,1006.35,17.8,45.3,58.0,15.1,26.492,207.47866666666667,0.0,0
2025-11-17 14:00:00,14,1,11,22.06,50.49333333333333,1006.5,17.6,44.5,62.0,15.1,19.973333333333333,221.16,0.0,0
2025-11-17 15:00:00,15,1,11,22.39,56.4575,1006.9,17.3,46.9,62.0,15.5,10.8265,233.807,0.0,0
2025-11-17 16:00:00,16,1,11,22.863333333333333,58.315,1007.7,16.1,53.9,68.0,9.0,2.6392307692307693,242.56346153846152,0.0,0
2025-11-17 17:00:00,17,1,11,22.92333333333333,56.49666666666667,1008.6666666666666,14.8,40.6,76.0,9.4,-7.687,251.461,0.0,0
2025-11-17 18:00:00,18,1,11,23.155,58.370000000000005,1008.9,14.1,42.2,80.0,5.4,-19.396,260.746,0.0,0
2025-11-17 19:00:00,19,1,11,23.12,62.15,1009.1666666666666,13.1,32.0,88.0,6.1,-33.373333333333335,271.94,0.0,0
2025-11-17 20:00:00,20,1,11,22.3825,60.75,1009.2,12.4,22.7,89.0,9.4,-44.833333333333336,282.7633333333334,0.0,0
2025-11-17 21:00:00,21,1,11,21.97,59.015,1009.75,11.9,10.2,88.0,10.4,-55.7,297.21,0.0,0
2025-11-17 22:00:00,22,1,11,21.65,57.715,1009.95,11.3,12.5,89.0,9.4,-64.78333333333333,319.58666666666664,0.0,0
2025-11-17 23:00:00,23,1,11,21.47,56.72,1010.1,10.9,14.8,87.0,9.4,-69.41333333333334,231.85,0.0,0
2025-11-18 00:00:00,0,2,11,21.325,56.02,1009.75,10.7,18.0,84.0,9.4,-67.74333333333334,25.49666666666667,0.0,0
2025-11-18 01:00:00,1,2,11,21.01,55.115,1010.0,10.7,2.3,83.0,9.7,-60.34333333333333,53.66,0.0,0
2025-11-18 02:00:00,2,2,11,20.95,54.79,1010.1,10.4,3.9,83.0,10.1,-50.10666666666666,71.14666666666666,0.0,0
2025-11-18 03:00:00,3,2,11,20.755000000000003,54.195,1010.2,10.1,5.5,83.0,9.4,-38.84666666666667,83.32000000000001,0.0,0
2025-11-18 04:00:00,4,2,11,20.71,52.98,1010.35,10.0,1.6,82.0,9.4,-27.30666666666667,93.17333333333332,0.0,0
2025-11-18 05:00:00,5,2,11,20.34,52.69,1010.6666666666666,9.7,0.0,81.0,8.6,-15.01142857142857,102.82571428571428,0.0,0
2025-11-18 06:00:00,6,2,11,20.365,51.405,1011.0,9.3,1.6,82.0,8.3,-2.549375,112.915625,0.0,1
2025-11-18 07:00:00,7,2,11,21.19833333333333,54.89833333333333,1011.74,9.4,0.8,81.0,8.6,5.996428571428569,121.0592857142857,1.0,1
2025-11-18 08:00:00,8,2,11,21.855,55.025,1012.5,10.5,0.8,77.0,9.0,15.319333333333333,132.14333333333337,1.0,0
2025-11-18 09:00:00,9,2,11,22.126666666666665,52.09,1012.7,12.6,0.0,70.0,8.6,22.96,144.74266666666668,0.0,0
2025-11-18 10:00:00,10,2,11,22.12333333333333,49.93666666666667,1012.5333333333334,15.1,0.0,59.0,7.6,28.378666666666668,159.236,0.0,0
2025-11-18 11:00:00,11,2,11,22.680000000000003,49.8325,1011.925,16.9,0.0,51.0,4.7,30.924,175.59125,0.0,0
2025-11-18 12:00:00,12,2,11,23.0725,45.905,1011.15,17.8,0.0,47.0,6.5,30.175333333333324,191.95666666666668,0.0,0
2025-11-18 13:00:00,13,2,11,22.49,46.435,1010.4666666666668,18.6,0.0,46.0,8.6,26.274,207.37466666666663,0.0,1
2025-11-18 14:00:00,14,2,11,21.715,48.123333333333335,1010.1,18.5,0.0,48.0,11.5,19.77466666666667,221.0213333333333,1.0,0
2025-11-18 15:00:00,15,2,11,22.62,52.84,1010.25,17.6,0.0,54.0,14.4,10.554285714285715,233.7609523809524,0.0,0
2025-11-18 16:00:00,16,2,11,22.726666666666663,51.59333333333333,1010.6333333333332,16.6,0.0,63.0,15.5,2.4924,242.3844,0.0,0
2025-11-18 17:00:00,17,2,11,22.725,53.05,1011.2000000000002,15.2,0.0,75.0,13.0,-7.682,251.147,0.0,0
2025-11-18 18:00:00,18,2,11,23.295,53.55,1011.7,14.7,0.0,78.0,10.8,-19.394,260.43,0.0,0
2025-11-18 19:00:00,19,2,11,22.78,51.72,1012.05,14.1,20.3,84.0,10.1,-33.37,271.59000000000003,0.0,0
2025-11-18 20:00:00,20,2,11,22.0475,52.128,1012.2333333333332,13.6,32.8,85.0,8.3,-44.84,282.3466666666667,0.0,0
2025-11-18 21:00:00,21,2,11,21.2225,53.1925,1012.575,12.8,28.1,88.0,6.5,-55.73333333333333,296.69,0.0,0
2025-11-18 22:00:00,22,2,11,20.9,53.36,1012.5,11.8,49.2,92.0,7.9,-64.89,318.95,0.0,0
2025-11-18 23:00:00,23,2,11,20.82,53.23,1012.05,11.7,21.9,92.0,8.6,-69.62666666666667,231.4533333333333,0.0,0
2025-11-19 00:00:00,0,3,11,20.75333333333333,53.01333333333333,1011.5666666666666,11.1,12.5,92.0,7.6,-67.96333333333332,25.72,0.0,0
2025-11-19 01:00:00,1,3,11,20.665,52.885000000000005,1011.1,10.6,2.3,90.0,8.3,-60.51666666666667,53.97666666666667,0.0,0
2025-11-19 02:00:00,2,3,11,20.49,52.715,1010.6666666666666,9.9,3.9,92.0,7.9,-50.25333333333333,71.43333333333334,0.0,0
2025-11-19 03:00:00,3,3,11,20.34,52.546666666666674,1010.1666666666666,9.5,11.7,92.0,9.0,-38.98333333333333,83.57,0.0,0
2025-11-19 04:00:00,4,3,11,20.2125,52.4375,1010.1,9.3,10.2,92.0,10.4,-27.436666666666667,93.39333333333332,0.0,0
2025-11-19 05:00:00,5,3,11,20.25,51.37,1010.4,9.0,3.1,90.0,10.1,-15.034285714285714,103.11571428571428,0.0,0
2025-11-19 06:00:00,6,3,11,20.18,50.85999999999999,1010.6,8.6,0.0,88.0,10.4,-2.812,113.002,0.0,1
2025-11-19 07:00:00,7,3,11,20.345,55.81,1010.8,8.0,0.0,85.0,10.8,5.818620689655173,121.21206896551725,1.0,1
2025-11-19 08:00:00,8,3,11,20.76333333333333,58.10666666666666,1011.0,8.9,0.0,81.0,11.9,15.294,132.50533333333334,1.0,1
2025-11-19 09:00:00,9,3,11,21.58,53.0,1010.8,11.3,0.0,72.0,10.8,22.878666666666664,145.1126666666667,1.0,1
2025-11-19 10:00:00,10,3,11,21.768,48.87,1010.075,14.0,12.5,61.0,9.7,28.23133333333334,159.59733333333332,1.0,0
2025-11-19 11:00:00,11,3,11,22.854,51.678,1009.025,16.4,18.7,52.0,11.9,30.71133333333333,175.56199999999998,0.0,0
2025-11-19 12:00:00,12,3,11,22.756,46.903333333333336,1008.0800000000002,17.8,30.5,45.0,15.5,29.947333333333336,191.91066666666663,0.0,1
2025-11-19 13:00:00,13,3,11,21.186666666666664,44.12166666666667,1007.4166666666669,18.5,15.6,41.0,18.7,26.06,207.276,1.0,1
2025-11-19 14:00:00,14,3,11,20.406,43.226,1007.0800000000002,18.7,35.2,39.0,21.6,19.580666666666666,220.89,1.0,1
2025-11-19 15:00:00,15,3,11,20.49,44.73333333333333,1007.0,18.8,45.3,37.0,22.0,10.496999999999998,233.47099999999995,1.0,0
2025-11-19 16:00:00,16,3,11,21.63166666666667,45.88166666666667,1007.3333333333334,17.7,80.5,41.0,22.0,2.2819230769230767,242.24884615384616,0.0,1
2025-11-19 17:00:00,17,3,11,21.25714285714286,44.78875,1007.9714285714286,15.6,93.7,50.0,21.2,-8.136666666666668,251.22222222222223,1.0,0
2025-11-19 18:00:00,18,3,11,22.33333333333333,49.41333333333333,1008.8333333333334,13.6,100.0,71.0,17.3,-19.39,260.124,0.0,0
2025-11-19 19:00:00,19,3,11,22.2,49.318,1009.42,13.2,96.9,70.0,14.4,-33.36,271.24,0.0,1
2025-11-19 20:00:00,20,3,11,20.80333333333333,49.443333333333335,1009.8,12.8,50.0,49.0,15.5,-44.84333333333333,281.94,1.0,0
2025-11-19 21:00:00,21,3,11,20.57,47.81,1009.8,11.4,84.4,48.0,14.0,-55.76333333333334,296.1766666666667,0.0,0
2025-11-19 22:00:00,22,3,11,20.47,46.62,1009.8,9.8,47.7,59.0,12.2,-64.99,318.31333333333333,0.0,0
2025-11-19 23:00:00,23,3,11,19.7925,46.19749999999999,1009.7333333333332,8.9,85.9,65.0,12.6,-69.83,231.0533333333333,0.0,0
2025-11-20 00:00:00,0,4,11,18.93,45.845,1009.45,8.3,100.0,64.0,13.0,-68.17333333333333,25.93,0.0,0
2025-11-20 01:00:00,1,4,11,18.365,44.85999999999999,1009.3,8.6,40.6,62.0,12.2,-60.68666666666667,54.28333333333333,0.0,0
2025-11-20 02:00:00,2,4,11,18.16,44.275,1009.0,8.0,7.8,64.0,12.6,-50.39666666666667,71.71333333333332,0.0,0
2025-11-20 03:00:00,3,4,11,18.55333333333333,43.6,1008.8,7.4,1.6,66.0,12.6,-39.11333333333334,83.81,0.0,0
2025-11-20 04:00:00,4,4,11,18.93,43.13,1009.1,7.1,2.3,68.0,13.0,-27.570000000000004,93.60333333333334,0.0,0
2025-11-20 05:00:00,5,4,11,19.1825,42.0175,1009.1,6.9,0.8,70.0,13.0,-15.052857142857144,103.39714285714284,0.0,0
2025-11-20 06:00:00,6,4,11,19.075,41.74,1009.7,6.6,35.2,72.0,10.8,-2.814666666666666,113.304,0.0,1
2025-11-20 07:00:00,7,4,11,18.662,44.154,1010.15,6.7,94.5,72.0,10.4,5.779655172413793,121.49586206896554,1.0,1
2025-11-20 08:00:00,8,4,11,19.88,47.06,1010.7666666666668,7.9,99.2,68.0,10.1,14.700666666666669,132.08466666666666,1.0,1
2025-11-20 09:00:00,9,4,11,20.23,43.61333333333334,1011.15,9.8,77.3,63.0,10.1,22.36,144.57399999999998,1.0,1
2025-11-20 10:00:00,10,4,11,19.82,44.3525,1010.9,12.9,11.7,50.0,8.6,27.818666666666665,158.92999999999998,1.0,1
2025-11-20 11:00:00,11,4,11,19.88875,37.665,1010.6166666666668,14.6,21.9,42.0,6.8,30.436666666666667,175.25874999999996,1.0,1
2025-11-20 12:00:00,12,4,11,20.015,39.440000000000005,1009.72,15.6,28.1,40.0,6.8,29.725333333333328,191.8653333333333,1.0,1
2025-11-20 13:00:00,13,4,11,19.995,39.41333333333333,1009.2000000000002,16.1,0.0,32.0,8.3,25.85266666666667,207.1806666666667,1.0,1
2025-11-20 14:00:00,14,4,11,19.27,38.385,1009.25,16.2,3.1,32.0,9.0,19.392,220.75866666666667,1.0,1
2025-11-20 15:00:00,15,4,11,20.19,42.55,1009.4666666666668,16.2,10.2,31.0,11.9,10.423,233.215,1.0,1
2025-11-20 16:00:00,16,4,11,21.066666666666663,44.63,1010.0666666666666,15.6,0.0,32.0,15.1,2.2081481481481484,242.01259259259257,1.0,1
2025-11-20 17:00:00,17,4,11,20.716666666666665,41.3925,1010.725,13.5,10.2,33.0,23.0,-8.132222222222222,250.9233333333333,1.0,1
2025-11-20 18:00:00,18,4,11,21.4625,44.6075,1011.4333333333334,12.6,35.9,35.0,21.2,-19.386000000000003,259.824,1.0,1
2025-11-20 19:00:00,19,4,11,21.49,45.92,1012.1,12.1,4.7,39.0,21.2,-33.35,270.90666666666664,1.0,1
2025-11-20 20:00:00,20,4,11,20.43,43.2225,1012.5666666666666,10.9,0.0,45.0,19.1,-44.84,281.5433333333333,1.0,0
2025-11-20 21:00:00,21,4,11,19.30333333333333,42.28,1012.8,9.5,0.0,52.0,13.0,-55.79333333333333,295.6833333333334,0.0,0
2025-11-20 22:00:00,22,4,11,18.7825,40.9675,1012.7,8.7,0.0,55.0,13.3,-65.08666666666666,317.69,0.0,0
2025-11-20 23:00:00,23,4,11,18.864,39.914,1012.45,9.6,0.0,49.0,17.3,-70.03000000000002,230.6533333333333,0.0,0
2025-11-21 00:00:00,0,5,11,18.166666666666668,40.16666666666666,1012.5,9.6,0.8,47.0,22.7,-68.38,26.14333333333333,0.0,0
2025-11-21 01:00:00,1,5,11,17.374000000000002,38.726,1012.45,9.5,0.0,47.0,26.6,-60.85666666666666,54.59,0.0,0
2025-11-21 02:00:00,2,5,11,16.82,38.31,1012.45,9.1,0.0,48.0,25.6,-50.53666666666666,71.98666666666668,0.0,0
2025-11-21 03:00:00,3,5,11,17.02,38.185,1012.75,8.7,0.8,49.0,24.5,-39.24333333333333,84.04333333333334,0.0,0
2025-11-21 04:00:00,4,5,11,17.46,37.955,1013.0,8.5,14.1,49.0,25.6,-27.69666666666667,93.81,0.0,0
2025-11-21 05:00:00,5,5,11,17.84,37.0625,1013.4,8.4,13.3,50.0,24.5,-15.072857142857142,103.67,0.0,0
2025-11-21 06:00:00,6,5,11,18.124,36.702000000000005,1014.425,8.1,3.9,52.0,22.7,-3.093571428571429,113.36428571428574,0.0,1
2025-11-21 07:00:00,7,5,11,18.742,44.080000000000005,1015.3166666666666,8.2,8.6,52.0,24.1,5.602333333333332,121.63133333333336,1.0,1
2025-11-21 08:00:00,8,5,11,19.5925,48.09,1016.35,9.3,4.7,48.0,24.8,14.675333333333333,132.4306666666667,1.0,1
2025-11-21 09:00:00,9,5,11,19.11846153846154,39.95384615384615,1017.0384615384615,11.0,0.0,42.0,26.6,22.282666666666668,144.92666666666665,1.0,1
2025-11-21 10:00:00,10,5,11,18.508750000000003,31.508750000000003,1017.6,12.2,0.0,34.0,25.6,27.68133333333333,159.27266666666665,1.0,1
2025-11-21 11:00:00,11,5,11,18.148571428571422,32.067499999999995,1017.7,13.1,0.0,28.0,24.8,30.23333333333333,175.491875,1.0,1
2025-11-21 12:00:00,12,5,11,18.712,32.848,1017.6666666666666,13.8,6.2,26.0,24.8,29.508,191.8213333333333,1.0,1
2025-11-21 13:00:00,13,5,11,17.76,30.551666666666662,1017.6,14.0,7.8,23.0,24.8,25.64933333333333,207.08866666666663,1.0,1
2025-11-21 14:00:00,14,5,11,17.62,29.73,1018.0333333333334,14.1,1.6,22.0,24.8,19.209333333333333,220.634,1.0,1
2025-11-21 15:00:00,15,5,11,17.365000000000002,29.0875,1018.5333333333332,13.7,0.0,20.0,25.9,10.169523809523806,233.1738095238095,1.0,1
2025-11-21 16:00:00,16,5,11,17.2025,28.508000000000003,1019.36,12.6,0.0,24.0,27.7,2.0630769230769226,241.85461538461536,1.0,1
2025-11-21 17:00:00,17,5,11,17.224999999999998,27.558333333333334,1020.4333333333332,11.1,0.0,28.0,29.2,-8.127777777777778,250.63333333333333,1.0,1
2025-11-21 18:00:00,18,5,11,18.24,27.09,1021.275,10.0,0.0,31.0,29.5,-19.384,259.534,1.0,1
2025-11-21 19:00:00,19,5,11,18.656,27.112,1021.625,9.1,0.0,32.0,27.7,-33.35,270.58,1.0,1
2025-11-21 20:00:00,20,5,11,17.043333333333333,27.751666666666665,1021.94,8.4,0.0,34.0,27.4,-44.84333333333333,281.16333333333336,1.0,0
2025-11-21 21:00:00,21,5,11,15.983333333333334,27.97,1022.15,7.6,0.0,35.0,26.3,-55.82333333333333,295.2033333333334,0.0,0
2025-11-21 22:00:00,22,5,11,15.287499999999998,28.27125,1022.5285714285716,7.1,0.0,38.0,26.3,-65.17999999999999,317.08666666666664,0.0,0
2025-11-21 23:00:00,23,5,11,15.3,28.076666666666668,1022.6333333333332,7.1,0.8,39.0,27.7,-70.22333333333333,230.2733333333333,0.0,0
2025-11-22 00:00:00,0,6,11,15.222,28.258000000000003,1022.22,7.2,0.8,39.0,27.7,-68.58333333333333,26.360000000000003,0.0,0
2025-11-22 01:00:00,1,6,11,16.095,28.64,1022.22,7.0,7.0,39.0,28.8,-61.01333333333334,54.89333333333334,0.0,0
2025-11-22 02:00:00,2,6,11,15.793333333333337,29.25,1022.0833333333331,6.8,1.6,41.0,27.7,-50.67,72.25333333333333,0.0,0
2025-11-22 03:00:00,3,6,11,14.949999999999998,30.063333333333333,1021.95,6.5,1.6,43.0,26.6,-39.370000000000005,84.27333333333333,0.0,0
2025-11-22 04:00:00,4,6,11,14.766,30.772,1021.74,6.4,9.4,45.0,24.8,-27.82333333333333,94.01,0.0,0
2025-11-22 05:00:00,5,6,11,15.1,30.925,1021.475,6.4,6.2,46.0,24.1,-15.092857142857142,103.93714285714285,0.0,0
2025-11-22 06:00:00,6,6,11,15.48,31.040000000000003,1021.5333333333332,6.3,12.5,47.0,24.1,-3.097142857142857,113.64785714285716,0.0,0
2025-11-22 07:00:00,7,6,11,14.761666666666668,32.00333333333333,1021.9166666666666,6.2,13.3,48.0,23.4,5.586333333333332,121.92466666666668,0.0,0
2025-11-22 08:00:00,8,6,11,15.176666666666668,32.025000000000006,1022.2,7.1,10.9,45.0,21.6,14.652666666666669,132.76533333333336,0.0,0
2025-11-22 09:00:00,9,6,11,15.8025,32.2475,1022.0,9.2,4.7,40.0,17.6,22.206,145.2673333333333,0.0,0
2025-11-22 10:00:00,10,6,11,15.541666666666666,32.43333333333334,1021.74,11.0,20.3,36.0,15.1,27.54466666666667,159.604,0.0,0
2025-11-22 11:00:00,11,6,11,15.476,32.044,1021.08,12.3,3.9,34.0,10.8,30.040666666666667,175.44866666666667,0.0,0
2025-11-22 12:00:00,12,6,11,15.643333333333333,31.52,1020.2999999999998,13.4,13.3,32.0,8.6,29.296666666666667,191.776,0.0,0
2025-11-22 13:00:00,13,6,11,15.829999999999998,31.64333333333333,1019.7333333333332,14.4,83.6,26.0,9.0,25.45266666666667,206.9953333333333,0.0,0
2025-11-22 14:00:00,14,6,11,15.96,31.61,1019.3,14.7,14.8,25.0,10.4,19.030000000000005,220.50933333333333,0.0,0
2025-11-22 15:00:00,15,6,11,15.94,31.555,1019.1,14.8,7.0,25.0,10.4,10.1035,232.9225,0.0,0
2025-11-22 16:00:00,16,6,11,16.17,32.333333333333336,1019.1,13.9,6.2,34.0,7.2,2.085769230769231,241.5380769230769,0.0,0
2025-11-22 17:00:00,17,6,11,16.21,32.75,1019.1,11.9,27.3,38.0,12.2,-8.122222222222224,250.35111111111115,0.0,0
2025-11-22 18:00:00,18,6,11,16.244999999999997,33.59,1019.15,10.9,32.0,43.0,13.7,-19.38,259.24999999999994,0.0,0
2025-11-22 19:00:00,19,6,11,16.245,34.185,1019.45,9.5,83.6,48.0,14.0,-33.34,270.2666666666667,0.0,0
2025-11-22 20:00:00,20,6,11,16.08,34.7725,1019.7,8.2,86.7,53.0,15.5,-44.84,280.79,0.0,0
2025-11-22 21:00:00,21,6,11,15.76,35.52,1019.7,7.3,80.5,59.0,14.8,-55.85,294.7333333333333,0.0,0
2025-11-22 22:00:00,22,6,11,15.670000000000002,35.88666666666666,1019.9,7.3,81.2,56.0,15.5,-65.26666666666667,316.49666666666667,0.0,0
2025-11-22 23:00:00,23,6,11,15.935,36.045,1019.5,7.6,25.8,53.0,16.9,-70.40666666666668,229.88666666666668,0.0,0
2025-11-23 00:00:00,0,7,11,16.073333333333334,36.11666666666667,1019.2666666666668,7.6,24.2,51.0,16.9,-68.77666666666666,26.57,0.0,0
2025-11-23 01:00:00,1,7,11,16.066666666666666,36.28,1018.8666666666668,7.6,55.5,46.0,16.2,-61.17,55.19,0.0,0
2025-11-23 02:00:00,2,7,11,15.86,36.53,1018.3666666666668,7.8,79.7,44.0,16.9,-50.79999999999999,72.51666666666667,0.0,0
2025-11-23 03:00:00,3,7,11,15.413333333333334,37.02333333333334,1017.95,8.0,53.1,43.0,18.4,-39.48666666666667,84.50333333333333,0.0,0
2025-11-23 04:00:00,4,7,11,15.683333333333332,36.94,1017.7666666666668,8.6,70.3,44.0,20.2,-27.94,94.21,0.0,0
2025-11-23 05:00:00,5,7,11,15.56,36.95,1018.0,8.6,64.8,47.0,22.7,-15.876666666666663,103.59000000000002,0.0,0
2025-11-23 06:00:00,6,7,11,15.376666666666669,37.373333333333335,1017.9666666666668,8.7,93.7,48.0,23.4,-3.902142857142857,113.26357142857144,0.0,0
2025-11-23 07:00:00,7,7,11,15.105,37.605,1018.0,8.6,5.5,52.0,23.0,5.260666666666666,121.87766666666668,0.0,0
2025-11-23 08:00:00,8,7,11,15.13,37.720000000000006,1018.05,9.9,10.2,50.0,22.3,14.067333333333332,132.32199999999995,0.0,0
2025-11-23 09:00:00,9,7,11,15.336000000000002,37.932,1018.0,12.2,8.6,48.0,17.6,21.697333333333333,144.70933333333332,0.0,0
2025-11-23 10:00:00,10,7,11,15.363333333333337,38.453333333333326,1017.4666666666666,14.6,76.6,46.0,16.2,27.14333333333333,158.9226666666667,0.0,0
2025-11-23 11:00:00,11,7,11,15.476000000000004,38.75,1016.56,16.9,42.2,43.0,15.1,29.799375,175.13062499999998,0.0,0
2025-11-23 12:00:00,12,7,11,16.096666666666668,41.556666666666665,1015.3166666666666,18.5,97.7,40.0,15.5,29.094,191.73266666666672,0.0,0
2025-11-23 13:00:00,13,7,11,16.545,41.6575,1014.175,19.5,100.0,37.0,18.4,25.26333333333333,206.90866666666668,0.0,0
2025-11-23 14:00:00,14,7,11,16.8075,41.82,1013.725,19.7,20.3,36.0,18.7,18.858,220.39066666666668,0.0,0
2025-11-23 15:00:00,15,7,11,16.825000000000003,42.25666666666667,1013.3333333333334,19.4,87.5,38.0,19.4,9.862380952380954,232.8838095238096,0.0,0
2025-11-23 16:00:00,16,7,11,16.706666666666667,43.68666666666667,1013.3666666666668,18.1,100.0,41.0,21.2,1.9404,241.3988,0.0,0
2025-11-23 17:00:00,17,7,11,16.619999999999997,43.42,1013.7666666666664,16.5,99.2,42.0,22.7,-8.802,250.626,0.0,0
2025-11-23 18:00:00,18,7,11,16.3575,42.47,1013.925,15.7,96.9,41.0,24.1,-20.475,259.825,0.0,0
2025-11-23 19:00:00,19,7,11,16.15,42.04,1013.8,15.6,97.7,46.0,24.8,-33.33,269.9566666666667,0.0,0
2025-11-23 20:00:00,20,7,11,16.12,42.435,1013.6,14.9,100.0,49.0,25.2,-44.84333333333333,280.4266666666667,0.0,0
2025-11-23 21:00:00,21,7,11,16.0925,42.342,1013.38,14.9,100.0,49.0,24.8,-55.870000000000005,294.2733333333333,0.0,0
2025-11-23 22:00:00,22,7,11,16.066666666666666,42.53333333333333,1013.65,14.9,100.0,47.0,23.4,-65.35000000000001,315.91333333333336,0.0,0
2025-11-23 23:00:00,23,7,11,16.042499999999997,43.336,1012.9,14.6,100.0,47.0,22.0,-70.58999999999999,229.50666666666663,0.0,0
2025-11-24 00:00:00,0,1,11,15.96,44.2,1012.5333333333332,13.8,100.0,50.0,21.6,-68.96333333333332,26.77333333333333,0.0,0
2025-11-24 01:00:00,1,1,11,15.905,45.47666666666667,1011.75,13.6,100.0,52.0,21.2,-61.32,55.47666666666667,0.0,0
2025-11-24 02:00:00,2,1,11,15.883333333333336,46.365,1011.2666666666664,13.6,100.0,54.0,22.3,-50.92666666666667,72.77333333333333,0.0,0
2025-11-24 03:00:00,3,1,11,15.888,46.472,1010.25,13.5,100.0,57.0,25.2,-39.60333333333333,84.72,0.0,0
2025-11-24 04:00:00,4,1,11,15.781428571428572,47.846875,1009.9062499999998,14.0,100.0,57.0,25.2,-28.05333333333333,94.40000000000002,0.0,0
2025-11-24 05:00:00,5,1,11,15.686153846153845,48.92666666666667,1010.4857142857144,14.1,100.0,56.0,23.0,-15.898333333333332,103.84000000000002,0.0,0
2025-11-24 06:00:00,6,1,11,15.651666666666664,50.385238095238094,1010.41,13.9,99.2,58.0,27.4,-3.9057142857142857,113.5292857142857,0.0,1
2025-11-24 07:00:00,7,1,11,16.96,53.626,1010.58,13.6,98.4,58.0,31.0,5.244,122.15266666666666,1.0,1
2025-11-24 08:00:00,8,1,11,18.915000000000003,55.575,1010.64,13.9,91.4,58.0,31.7,14.046,132.63933333333335,1.0,1
2025-11-24 09:00:00,9,1,11,19.4647619047619,52.71434782608696,1009.8272727272724,14.6,87.5,58.0,33.1,21.628000000000004,145.032,1.0,1
2025-11-24 10:00:00,10,1,11,19.57333333333333,51.19916666666668,1009.0458333333332,15.8,80.5,55.0,36.7,27.018666666666665,159.23733333333337,1.0,1
2025-11-24 11:00:00,11,1,11,18.900256410256407,49.90545454545455,1008.0000000000005,16.8,99.2,52.0,39.6,29.602,174.822,1.0,1
2025-11-24 12:00:00,12,1,11,19.285625,50.42875,1006.829411764706,17.2,98.4,52.0,39.6,29.046,190.6453333333333,1.0,1
2025-11-24 13:00:00,13,1,11,18.83954545454545,50.73964285714287,1005.3866666666668,17.8,100.0,49.0,37.8,25.416,205.86533333333333,1.0,1
2025-11-24 14:00:00,14,1,11,18.758,51.639375,1005.2125,17.6,100.0,51.0,42.5,19.17933333333333,219.4393333333333,1.0,1
2025-11-24 15:00:00,15,1,11,19.50592592592593,55.214137931034486,1004.7387096774193,17.7,96.9,51.0,38.5,10.047272727272723,232.3427272727273,1.0,1
2025-11-24 16:00:00,16,1,11,19.99833333333333,55.63944444444444,1004.6888888888888,17.1,99.2,55.0,33.5,1.9596000000000005,241.1004,1.0,1
2025-11-24 17:00:00,17,1,11,19.745384615384616,55.5375,1004.3076923076924,17.0,89.8,55.0,29.2,-8.797,250.362,1.0,1
2025-11-24 18:00:00,18,1,11,20.322,57.54285714285714,1004.3846153846156,17.2,92.2,56.0,24.8,-20.47,259.5575,1.0,1
2025-11-24 19:00:00,19,1,11,20.57,58.89666666666667,1004.2272727272727,16.9,89.8,59.0,30.6,-33.32,269.66,1.0,1
2025-11-24 20:00:00,20,1,11,19.8075,58.14875,1004.1875,16.8,99.2,59.0,31.7,-44.836666666666666,280.07666666666665,1.0,0
2025-11-24 21:00:00,21,1,11,19.048571428571428,56.99999999999999,1003.7714285714286,16.9,97.7,58.0,29.5,-55.89333333333334,293.83,0.0,0
2025-11-24 22:00:00,22,1,11,18.633636363636366,56.46692307692307,1003.425,16.8,99.2,59.0,27.7,-65.42666666666666,315.3533333333333,0.0,0
2025-11-24 23:00:00,23,1,11,18.49,56.48,1003.5,17.0,83.6,61.0,26.6,-70.75999999999999,229.13666666666663,0.0,0
2025-11-25 00:00:00,0,2,11,18.38,56.36,1003.5,16.8,58.6,63.0,27.7,-69.14666666666666,26.98333333333333,0.0,0
2025-11-25 01:00:00,1,2,11,18.42,56.19499999999999,1003.75,17.1,50.8,62.0,23.4,-61.46333333333333,55.76333333333333,0.0,0
2025-11-25 02:00:00,2,2,11,18.405,55.6275,1004.3333333333334,15.4,53.1,74.0,15.1,-51.04666666666666,73.02666666666666,0.0,0
2025-11-25 03:00:00,3,2,11,18.32333333333333,55.56999999999999,1005.1333333333332,13.6,91.4,81.0,15.5,-39.71333333333333,84.93333333333334,0.0,0
2025-11-25 04:00:00,4,2,11,17.97,52.75,1005.75,14.3,7.8,63.0,15.1,-28.16333333333333,94.58333333333331,0.0,0
2025-11-25 05:00:00,5,2,11,17.732,48.902,1006.1,13.0,7.0,57.0,17.3,-15.920000000000002,104.08166666666666,0.0,0
2025-11-25 06:00:00,6,2,11,17.71166666666667,47.03,1006.5666666666668,12.2,0.0,62.0,16.6,-4.242307692307692,113.51692307692308,0.0,1
2025-11-25 07:00:00,7,2,11,19.20625,49.29875,1007.4625,11.1,0.0,69.0,16.2,4.918333333333334,122.08566666666664,1.0,1
2025-11-25 08:00:00,8,2,11,21.008,50.562,1007.725,11.5,0.0,55.0,16.6,13.7625,132.603125,1.0,1
2025-11-25 09:00:00,9,2,11,20.26363636363636,37.71090909090909,1008.2714285714284,13.3,2.3,47.0,18.0,21.562666666666665,145.34799999999998,1.0,1
2025-11-25 10:00:00,10,2,11,20.05181818181818,36.02153846153846,1008.1181818181816,15.2,9.4,39.0,16.9,26.898000000000003,159.54666666666665,1.0,1
2025-11-25 11:00:00,11,2,11,20.293333333333333,35.193333333333335,1008.25,16.4,3.9,35.0,15.5,29.403571428571432,175.04733333333337,1.0,1
2025-11-25 12:00:00,12,2,11,20.71857142857143,35.753750000000004,1008.0125,17.1,6.2,33.0,14.4,28.85333333333334,190.6033333333333,1.0,1
2025-11-25 13:00:00,13,2,11,19.865,33.8775,1008.1,17.9,3.1,30.0,18.0,25.235333333333333,205.784,1.0,1
2025-11-25 14:00:00,14,2,11,19.0725,33.472,1008.575,18.2,3.1,30.0,18.4,19.01533333333333,219.32533333333333,1.0,1
2025-11-25 15:00:00,15,2,11,19.62,38.474,1008.94,18.5,3.1,27.0,19.8,9.990454545454543,232.1118181818181,1.0,1
2025-11-25 16:00:00,16,2,11,20.635,43.1625,1009.6333333333332,17.2,7.0,30.0,21.6,1.9808000000000003,240.8084,1.0,1
2025-11-25 17:00:00,17,2,11,20.654000000000003,42.078,1010.525,15.8,2.3,34.0,20.5,-8.792,250.102,1.0,1
2025-11-25 18:00:00,18,2,11,19.95,39.824,1011.46,14.7,1.6,36.0,19.1,-20.4675,259.3,1.0,1
2025-11-25 19:00:00,19,2,11,18.541111111111107,36.7325,1012.07,14.1,1.6,37.0,23.0,-33.31333333333333,269.3733333333333,1.0,1
2025-11-25 20:00:00,20,2,11,18.36421052631579,36.3008695652174,1012.4545454545452,13.7,4.7,38.0,30.2,-44.833333333333336,279.7366666666666,1.0,0
2025-11-25 21:00:00,21,2,11,17.84692307692308,36.21933333333334,1012.84375,13.1,12.5,39.0,29.5,-55.91,293.40333333333336,0.0,0
2025-11-25 22:00:00,22,2,11,17.47375,35.667,1013.09375,12.4,7.0,41.0,28.1,-65.5,314.80333333333334,0.0,0
2025-11-25 23:00:00,23,2,11,16.968,35.995714285714286,1013.1142857142858,11.8,17.2,43.0,28.4,-70.92333333333333,228.7733333333333,0.0,0
2025-11-26 00:00:00,0,3,11,16.735,36.725,1013.1,11.4,8.6,44.0,27.7,-69.32,27.186666666666667,0.0,0
2025-11-26 01:00:00,1,3,11,17.09,36.67,1013.1,11.1,12.5,45.0,24.1,-61.60333333333333,56.04,0.0,0
2025-11-26 02:00:00,2,3,11,17.09,35.873333333333335,1013.3833333333332,10.8,20.3,46.0,25.2,-51.16333333333333,73.26666666666667,0.0,0
2025-11-26 03:00:00,3,3,11,16.69333333333333,35.85833333333334,1013.4636363636364,10.5,9.4,46.0,26.3,-39.82333333333333,85.14,0.0,0
2025-11-26 04:00:00,4,3,11,16.405454545454546,35.71642857142857,1013.6615384615384,10.5,10.2,45.0,27.7,-28.27333333333333,94.76333333333334,0.0,0
2025-11-26 05:00:00,5,3,11,16.153333333333332,35.4455,1013.5571428571428,10.4,14.1,45.0,29.5,-15.938333333333333,104.315,0.0,0
2025-11-26 06:00:00,6,3,11,16.31388888888889,34.77583333333334,1013.9615384615388,10.3,15.6,45.0,33.1,-4.6075,113.4775,0.0,1
2025-11-26 07:00:00,7,3,11,17.52,38.07611111111111,1015.0,10.4,7.0,44.0,33.1,4.592,122.00766666666668,1.0,1
2025-11-26 08:00:00,8,3,11,18.32513513513513,41.07487804878049,1015.2463414634146,10.9,4.7,43.0,35.3,13.48941176470588,132.57117647058823,1.0,1
2025-11-26 09:00:00,9,3,11,18.98119047619048,40.20208333333332,1016.044680851064,12.3,4.7,39.0,34.6,21.49866666666667,145.656,1.0,1
2025-11-26 10:00:00,10,3,11,18.909,36.80589743589744,1015.872972972973,13.4,2.3,36.0,29.9,26.780666666666665,159.84599999999998,1.0,1
2025-11-26 11:00:00,11,3,11,19.30913043478261,36.05411764705883,1015.2666666666664,14.6,2.3,29.0,31.0,29.211538461538467,174.94785714285717,1.0,1
2025-11-26 12:00:00,12,3,11,18.70106382978724,32.93392156862745,1014.6938775510204,15.6,0.8,24.0,27.0,28.66733333333333,190.572,1.0,1
2025-11-26 13:00:00,13,3,11,17.092972972972973,28.547435897435896,1014.0729729729728,16.3,0.0,20.0,23.0,25.061333333333337,205.7086666666667,1.0,1
2025-11-26 14:00:00,14,3,11,17.850526315789473,29.075,1014.0625,16.2,0.0,19.0,21.2,18.856666666666666,219.2213333333333,1.0,1
2025-11-26 15:00:00,15,3,11,18.6,33.155454545454546,1014.4,15.8,0.0,20.0,19.4,9.762608695652174,232.08913043478265,1.0,1
2025-11-26 16:00:00,16,3,11,19.34125,35.09,1014.7875,14.7,0.0,24.0,16.9,1.5924,240.9136,1.0,1
2025-11-26 17:00:00,17,3,11,19.03,35.975,1015.3,12.6,0.0,29.0,14.0,-9.29888888888889,250.2755555555556,1.0,1
2025-11-26 18:00:00,18,3,11,19.8125,38.82375,1015.5833333333334,11.7,0.0,32.0,14.8,-20.465,259.0475,1.0,1
2025-11-26 19:00:00,19,3,11,20.67333333333333,37.81,1015.85,10.7,0.0,36.0,13.3,-33.31,269.09666666666664,1.0,1
2025-11-26 20:00:00,20,3,11,19.84,35.93333333333333,1015.95,10.0,4.7,39.0,13.0,-44.833333333333336,279.4066666666667,1.0,0
2025-11-26 21:00:00,21,3,11,18.7725,35.724999999999994,1015.85,9.4,2.3,42.0,10.4,-55.92666666666667,292.9866666666667,0.0,0
2025-11-26 22:00:00,22,3,11,18.248,34.82,1015.98,9.0,7.0,45.0,10.8,-65.57,314.27,0.0,0
2025-11-26 23:00:00,23,3,11,18.26,34.61,1016.2,8.2,7.8,48.0,10.1,-71.08333333333333,228.41333333333333,0.0,0
2025-11-27 00:00:00,0,4,11,17.865000000000002,34.629999999999995,1016.0,7.6,0.8,50.0,11.2,-69.49333333333333,27.376666666666665,0.0,0
2025-11-27 01:00:00,1,4,11,17.432,34.042,1015.925,7.1,2.3,52.0,10.1,-61.74000000000001,56.303333333333335,0.0,0
2025-11-27 02:00:00,2,4,11,17.04,34.138,1016.08,6.2,7.8,55.0,10.1,-51.28,73.50333333333333,0.0,0
2025-11-27 03:00:00,3,4,11,17.71,33.96,1016.08,5.5,4.7,58.0,10.1,-39.93,85.33666666666666,0.0,0
2025-11-27 04:00:00,4,4,11,17.415,34.28,1016.3,4.8,0.0,60.0,10.8,-28.383333333333336,94.93666666666668,0.0,0
2025-11-27 05:00:00,5,4,11,17.415,34.44,1016.4,4.2,11.7,63.0,11.9,-15.96,104.54,0.0,0
2025-11-27 06:00:00,6,4,11,18.0425,33.1725,1016.3666666666668,3.9,0.0,65.0,12.2,-4.611666666666666,113.71750000000002,0.0,1
2025-11-27 07:00:00,7,4,11,19.298,37.316,1016.7999999999998,3.8,0.0,67.0,12.2,4.579,122.25766666666668,1.0,1
2025-11-27 08:00:00,8,4,11,20.732,42.84400000000001,1016.7000000000002,4.7,0.0,64.0,13.3,13.20125,132.47,1.0,1
2025-11-27 09:00:00,9,4,11,21.11,38.0,1016.8,7.4,0.0,53.0,12.6,21.000666666666667,145.064,1.0,1
2025-11-27 10:00:00,10,4,11,20.74,38.72,1016.4,10.6,0.0,41.0,11.5,26.39733333333333,159.13333333333333,1.0,1
2025-11-27 11:00:00,11,4,11,21.458,38.43599999999999,1015.66,13.3,0.8,33.0,10.8,29.01533333333333,174.62133333333335,1.0,0
2025-11-27 12:00:00,12,4,11,22.075000000000003,43.870000000000005,1015.15,15.0,0.0,25.0,9.4,28.488666666666663,190.5366666666666,0.0,0
2025-11-27 13:00:00,13,4,11,21.91333333333333,39.205,1014.58,15.6,0.0,21.0,9.4,24.892,205.634,0.0,1
2025-11-27 14:00:00,14,4,11,20.316666666666663,31.899999999999995,1014.55,15.9,29.7,20.0,10.1,18.703333333333333,219.11866666666668,1.0,1
2025-11-27 15:00:00,15,4,11,20.64,36.32333333333333,1014.7666666666668,15.7,83.6,20.0,9.4,9.700454545454546,231.88318181818173,1.0,1
2025-11-27 16:00:00,16,4,11,21.55,40.352500000000006,1015.3,14.9,0.0,22.0,7.2,1.6096,240.64239999999995,1.0,0
2025-11-27 17:00:00,17,4,11,21.61,40.10333333333333,1015.7333333333336,12.8,0.0,24.0,7.6,-9.293333333333331,250.0355555555556,0.0,0
2025-11-27 18:00:00,18,4,11,22.093333333333334,41.06,1016.3,12.1,0.8,27.0,7.9,-20.46,258.8075,0.0,0
2025-11-27 19:00:00,19,4,11,22.2,40.45333333333333,1016.7,11.5,0.8,36.0,9.4,-33.3,268.82666666666665,0.0,1
2025-11-27 20:00:00,20,4,11,21.136666666666667,37.15333333333333,1016.95,10.2,0.0,41.0,6.8,-44.82666666666666,279.08666666666664,1.0,0
2025-11-27 21:00:00,21,4,11,20.19333333333333,36.56333333333333,1017.4,9.5,1.6,43.0,6.1,-55.94,292.5833333333333,0.0,0
2025-11-27 22:00:00,22,4,11,19.52,35.620000000000005,1017.65,8.3,18.7,48.0,7.2,-65.63333333333333,313.74666666666667,0.0,0
2025-11-27 23:00:00,23,4,11,18.585,35.306666666666665,1017.64,6.8,36.7,55.0,9.0,-71.23333333333333,228.06,0.0,0
2025-11-28 00:00:00,0,5,11,18.165,35.08,1017.25,6.4,47.7,59.0,9.7,-69.65333333333332,27.57333333333333,0.0,0
2025-11-28 01:00:00,1,5,11,17.775,34.97,1017.15,5.4,69.5,67.0,9.0,-61.86333333333334,56.57,0.0,0
2025-11-28 02:00:00,2,5,11,17.645,35.0425,1016.925,5.3,46.1,66.0,9.4,-51.38333333333333,73.73333333333333,0.0,0
2025-11-28 03:00:00,3,5,11,17.314999999999998,35.230000000000004,1016.7,5.2,49.2,65.0,9.4,-40.02666666666667,85.53000000000002,0.0,0
2025-11-28 04:00:00,4,5,11,16.689999999999998,35.61,1016.65,4.8,35.2,66.0,9.4,-28.47666666666667,95.10333333333334,0.0,0
2025-11-28 05:00:00,5,5,11,17.040000000000003,35.800000000000004,1016.55,4.7,49.2,66.0,10.1,-15.976666666666668,104.75666666666666,0.0,0
2025-11-28 06:00:00,6,5,11,17.88,35.42666666666667,1016.8,4.6,9.4,66.0,10.8,-5.003636363636364,113.63545454545456,0.0,1
2025-11-28 07:00:00,7,5,11,18.872,39.984,1016.6666666666666,4.2,14.8,66.0,11.2,4.254,122.16633333333334,1.0,1
2025-11-28 08:00:00,8,5,11,20.7,44.396,1017.0333333333334,5.1,14.8,63.0,11.5,12.939999999999998,132.4335294117647,1.0,1
2025-11-28 09:00:00,9,5,11,21.020000000000003,40.16666666666666,1017.2666666666664,7.8,5.5,54.0,10.8,20.942666666666664,145.35066666666668,1.0,1
2025-11-28 10:00:00,10,5,11,20.561666666666667,38.32666666666668,1016.8,11.2,0.0,45.0,8.3,26.28933333333333,159.41266666666667,1.0,1
2025-11-28 11:00:00,11,5,11,20.792,40.792,1015.85,13.9,0.0,37.0,5.8,28.81153846153846,174.82466666666667,1.0,1
2025-11-28 12:00:00,12,5,11,20.15,39.6625,1015.025,15.2,0.0,34.0,4.7,28.315999999999995,190.5053333333333,1.0,1
2025-11-28 13:00:00,13,5,11,19.896666666666665,38.96666666666667,1014.45,15.8,3.9,37.0,6.1,24.730666666666664,205.5633333333334,1.0,1
2025-11-28 14:00:00,14,5,11,19.71,38.3,1014.2000000000002,15.9,3.9,38.0,7.2,18.556,219.0213333333333,1.0,1
2025-11-28 15:00:00,15,5,11,19.57,38.73,1014.4,15.5,2.3,41.0,7.9,9.654545454545454,231.6704545454545,1.0,1
2025-11-28 16:00:00,16,5,11,19.21,40.28,1014.55,14.3,1.6,51.0,9.4,1.6272000000000002,240.3824,1.0,1
2025-11-28 17:00:00,17,5,11,19.25,41.196666666666665,1015.0,12.5,1.6,56.0,8.6,-9.291111111111112,249.80444444444447,1.0,1
2025-11-28 18:00:00,18,5,11,19.37,41.84333333333333,1015.5,11.7,3.1,60.0,8.3,-20.455,258.575,1.0,1
2025-11-28 19:00:00,19,5,11,19.31,42.35,1015.7,11.0,14.8,66.0,4.0,-33.29,268.56666666666666,1.0,1
2025-11-28 20:00:00,20,5,11,19.086666666666662,42.45,1015.5666666666668,9.9,24.2,71.0,6.1,-44.82,278.7833333333333,1.0,0
2025-11-28 21:00:00,21,5,11,18.52,42.925,1015.3,9.3,35.9,72.0,7.2,-55.95333333333334,292.20000000000005,0.0,0
2025-11-28 22:00:00,22,5,11,18.36,42.72,1015.0,8.9,28.9,71.0,7.6,-65.69333333333333,313.24666666666667,0.0,0
2025-11-28 23:00:00,23,5,11,18.285,42.4975,1014.9,8.2,76.6,71.0,7.9,-71.38333333333333,227.72333333333333,0.0,0
2025-11-29 00:00:00,0,6,11,18.115,42.38333333333333,1014.3666666666668,7.5,89.1,73.0,7.9,-69.81333333333333,27.76,0.0,0
2025-11-29 01:00:00,1,6,11,18.13,41.92,1014.3,7.0,94.5,72.0,8.6,-61.99,56.82666666666666,0.0,0
2025-11-29 02:00:00,2,6,11,18.165,41.70666666666667,1013.8666666666668,6.7,0.0,73.0,9.4,-51.49,73.95666666666666,0.0,0
2025-11-29 03:00:00,3,6,11,18.115,41.575,1013.4,6.4,0.0,73.0,9.7,-40.126666666666665,85.71666666666668,0.0,0
2025-11-29 04:00:00,4,6,11,18.035,41.525000000000006,1013.15,6.3,0.0,73.0,10.1,-28.576666666666668,95.26666666666668,0.0,0
2025-11-29 05:00:00,5,6,11,17.97,41.44,1013.15,6.3,9.4,74.0,10.8,-15.995,104.96666666666664,0.0,0
2025-11-29 06:00:00,6,6,11,17.87,41.36,1013.1,6.1,17.2,75.0,10.4,-5.009090909090909,113.85818181818182,0.0,0
2025-11-29 07:00:00,7,6,11,17.77,41.36,1012.9,5.6,44.5,78.0,10.4,4.2413333333333325,122.39833333333333,0.0,0
2025-11-29 08:00:00,8,6,11,17.62,41.465,1012.9,6.6,72.7,74.0,11.9,12.924117647058823,132.6982352941176,0.0,0
2025-11-29 09:00:00,9,6,11,17.36,42.255,1012.65,9.1,89.1,66.0,11.2,20.888,145.62399999999997,0.0,0
2025-11-29 10:00:00,10,6,11,17.3675,42.42,1012.025,11.9,100.0,58.0,10.1,26.185333333333336,159.6813333333333,0.0,0
2025-11-29 11:00:00,11,6,11,17.3125,42.754,1011.06,14.5,87.5,51.0,9.7,28.70533333333333,175.02066666666664,0.0,0
2025-11-29 12:00:00,12,6,11,17.328,43.04,1009.7,16.1,90.6,47.0,10.4,28.14866666666667,190.47666666666663,0.0,0
2025-11-29 13:00:00,13,6,11,17.4,43.212,1008.325,16.9,73.4,47.0,10.8,24.57333333333333,205.4973333333333,0.0,0
2025-11-29 14:00:00,14,6,11,17.486666666666665,42.88666666666666,1007.5333333333334,17.9,14.8,44.0,12.6,18.412666666666667,218.92733333333328,0.0,0
2025-11-29 15:00:00,15,6,11,17.73,42.19,1007.5333333333334,18.2,19.5,42.0,14.4,9.611363636363638,231.46318181818188,0.0,0
2025-11-29 16:00:00,16,6,11,17.615000000000002,42.58,1007.5,16.7,68.7,49.0,15.1,1.6448000000000005,240.1304,0.0,0
2025-11-29 17:00:00,17,6,11,17.57,42.845,1007.8,15.0,93.7,52.0,14.8,-9.286666666666669,249.5833333333333,0.0,0
2025-11-29 18:00:00,18,6,11,17.57,44.370000000000005,1008.0,13.7,88.3,55.0,15.1,-20.455,258.3525,0.0,0
2025-11-29 19:00:00,19,6,11,17.57,45.32,1008.3,13.2,94.5,51.0,19.1,-33.28333333333333,268.32,0.0,0
2025-11-29 20:00:00,20,6,11,17.52,46.205,1008.1,12.3,41.4,53.0,19.1,-44.81666666666666,278.49333333333334,0.0,0
2025-11-29 21:00:00,21,6,11,17.46,46.23,1008.0,11.6,78.1,56.0,17.3,-55.96666666666667,291.83,0.0,0
2025-11-29 22:00:00,22,6,11,17.362000000000002,45.522,1008.2333333333332,11.4,50.0,57.0,18.0,-65.75333333333333,312.76666666666665,0.0,0
2025-11-29 23:00:00,23,6,11,17.169999999999998,45.14,1008.075,11.5,41.4,57.0,19.1,-71.52,227.3933333333333,0.0,0
2025-11-30 00:00:00,0,7,11,16.956666666666667,45.0,1007.45,11.5,78.9,58.0,20.2,-69.96333333333332,27.94666666666667,0.0,0
2025-11-30 01:00:00,1,7,11,16.93,45.0,1007.1,11.3,99.2,60.0,20.5,-62.10666666666666,57.07333333333333,0.0,0
2025-11-30 02:00:00,2,7,11,16.83,44.96,1007.1,11.1,100.0,61.0,20.9,-51.583333333333336,74.17,0.0,0
2025-11-30 03:00:00,3,7,11,16.92,44.855,1006.8,10.8,100.0,62.0,20.5,-40.21666666666667,85.89666666666666,0.0,0
2025-11-30 04:00:00,4,7,11,16.9625,44.804,1006.84,10.4,100.0,65.0,19.8,-28.666666666666668,95.42333333333332,0.0,0
2025-11-30 05:00:00,5,7,11,16.866666666666664,45.053333333333335,1007.0333333333334,10.2,100.0,66.0,19.8,-16.011666666666667,105.16833333333336,0.0,0
2025-11-30 06:00:00,6,7,11,16.935000000000002,45.165,1007.4,9.7,100.0,69.0,18.7,-5.014545454545455,114.07090909090908,0.0,0
2025-11-30 07:00:00,7,7,11,16.990000000000002,45.1225,1007.9,9.2,100.0,71.0,15.8,4.076206896551724,122.45241379310345,0.0,0
2025-11-30 08:00:00,8,7,11,16.972,45.338,1008.875,9.2,99.2,69.0,10.4,12.27,132.08888888888885,0.0,0
2025-11-30 09:00:00,9,7,11,16.900000000000002,45.5475,1009.7666666666668,11.1,95.3,60.0,9.4,20.396666666666665,145.01200000000003,0.0,0
2025-11-30 10:00:00,10,7,11,16.89,45.48,1010.1666666666666,13.5,96.9,47.0,8.6,25.817333333333337,158.94866666666664,0.0,0
2025-11-30 11:00:00,11,7,11,16.855,45.66,1009.95,14.9,92.2,50.0,13.7,28.46142857142857,174.691875,0.0,0
2025-11-30 12:00:00,12,7,11,16.75333333333333,46.30666666666667,1009.7,15.5,83.6,51.0,17.6,27.98933333333333,190.45,0.0,0
2025-11-30 13:00:00,13,7,11,16.84,46.44,1009.7,15.7,100.0,50.0,17.3,24.421333333333333,205.43266666666665,0.0,0
2025-11-30 14:00:00,14,7,11,16.895,46.725,1009.7,15.4,73.4,52.0,17.6,18.276,218.8406666666667,0.0,0
2025-11-30 15:00:00,15,7,11,16.91,47.03333333333334,1010.15,15.2,21.9,55.0,15.8,9.402173913043478,231.46217391304344,0.0,0
2025-11-30 16:00:00,16,7,11,16.877499999999998,47.6175,1010.825,14.3,45.3,63.0,14.0,1.4220000000000002,240.1372,0.0,0
2025-11-30 17:00:00,17,7,11,16.903333333333332,48.30666666666667,1011.55,13.1,41.4,71.0,13.7,-9.28111111111111,249.3655555555556,0.0,0
2025-11-30 18:00:00,18,7,11,16.942,48.90599999999999,1012.26,12.6,21.1,75.0,15.5,-20.4475,258.1375,0.0,0
2025-11-30 19:00:00,19,7,11,16.92,49.105,1012.9666666666666,13.1,0.8,72.0,20.2,-33.27333333333334,268.0833333333333,0.0,0
2025-11-30 20:00:00,20,7,11,16.843333333333334,48.545,1013.55,12.0,3.1,72.0,20.2,-44.81333333333333,278.2133333333333,0.0,0
2025-11-30 21:00:00,21,7,11,16.81,48.67,1014.05,10.9,0.8,77.0,17.3,-55.98,291.47666666666663,0.0,0
2025-11-30 22:00:00,22,7,11,16.73,49.31333333333333,1014.3666666666668,10.0,0.8,82.0,12.2,-65.80666666666666,312.30333333333334,0.0,0
2025-11-30 23:00:00,23,7,11,16.743333333333336,49.61666666666667,1014.6,9.0,0.8,83.0,9.7,-71.65666666666667,227.07,0.0,0
2025-12-01 00:00:00,0,1,12,16.63,49.83,1014.6,8.1,2.3,81.0,9.7,-70.11,28.12333333333333,0.0,0
2025-12-01 01:00:00,1,1,12,16.555,49.695,1014.75,8.0,42.2,81.0,9.7,-62.22,57.30666666666667,0.0,0
2025-12-01 02:00:00,2,1,12,16.49666666666667,49.52,1014.65,8.3,98.4,76.0,10.4,-51.68333333333334,74.37,0.0,0
2025-12-01 03:00:00,3,1,12,16.49666666666667,49.71,1014.65,9.5,100.0,68.0,12.2,-40.30666666666667,86.06666666666666,0.0,0
2025-12-01 04:00:00,4,1,12,16.01,50.44333333333333,1014.7,10.1,100.0,66.0,12.6,-28.75666666666667,95.57333333333334,0.0,0
2025-12-01 05:00:00,5,1,12,15.866666666666664,50.44333333333333,1015.2000000000002,10.4,100.0,66.0,14.8,-16.03,105.35666666666664,0.0,0
2025-12-01 06:00:00,6,1,12,15.46,52.08,1015.7333333333332,10.3,100.0,70.0,15.8,-5.427,113.931,0.0,1
2025-12-01 07:00:00,7,1,12,16.892,58.188,1015.75,10.7,100.0,69.0,15.5,3.901333333333333,122.50133333333332,1.0,1
2025-12-01 08:00:00,8,1,12,18.73333333333333,61.36,1015.9666666666668,10.8,100.0,70.0,12.2,12.255555555555553,132.33277777777778,1.0,1
2025-12-01 09:00:00,9,1,12,19.626666666666665,59.28,1016.2666666666668,11.7,89.8,68.0,12.6,20.34933333333333,145.26733333333334,1.0,1
2025-12-01 10:00:00,10,1,12,19.675,57.05,1016.1,13.6,71.1,63.0,10.4,25.724000000000004,159.2013333333333,1.0,1
2025-12-01 11:00:00,11,1,12,19.476000000000003,55.762,1015.55,14.7,98.4,62.0,9.0,28.346000000000004,174.55133333333333,1.0,1
2025-12-01 12:00:00,12,1,12,18.723333333333333,52.45333333333334,1014.8333333333334,15.0,99.2,63.0,7.2,27.836,190.4206666666668,1.0,1
2025-12-01 13:00:00,13,1,12,18.593333333333334,52.44,1014.1,15.1,100.0,63.0,7.6,24.27866666666666,205.372,1.0,1
2025-12-01 14:00:00,14,1,12,18.705,52.965,1013.7,15.0,100.0,63.0,6.8,18.145333333333333,218.754,1.0,1
2025-12-01 15:00:00,15,1,12,19.23,56.52,1013.7,14.5,100.0,65.0,8.3,9.33090909090909,231.30590909090904,1.0,1
2025-12-01 16:00:00,16,1,12,20.2775,60.087500000000006,1013.3666666666668,14.2,91.4,66.0,7.6,1.4395999999999998,239.9048,1.0,1
2025-12-01 17:00:00,17,1,12,20.58,56.73666666666667,1013.55,13.7,43.7,69.0,8.6,-9.276666666666667,249.16444444444448,1.0,1
2025-12-01 18:00:00,18,1,12,21.02,59.43,1013.55,12.3,84.4,76.0,7.9,-20.4475,257.9325,1.0,1
2025-12-01 19:00:00,19,1,12,21.163333333333338,59.49,1013.4,11.3,100.0,84.0,10.4,-33.26333333333333,267.8533333333333,1.0,1
2025-12-01 20:00:00,20,1,12,20.245,58.84,1013.2999999999998,10.2,100.0,89.0,11.9,-44.806666666666665,277.9433333333333,1.0,0
2025-12-01 21:00:00,21,1,12,19.415,58.235,1012.9,9.3,100.0,91.0,11.2,-55.99,291.13666666666666,0.0,0
2025-12-01 22:00:00,22,1,12,18.96,56.98,1012.6,8.6,87.5,90.0,10.8,-65.85666666666667,311.85,0.0,0
2025-12-01 23:00:00,23,1,12,18.570000000000004,55.923333333333325,1012.3333333333334,8.1,98.4,87.0,10.8,-71.78,226.75666666666663,0.0,0
2025-12-02 00:00:00,0,2,12,18.324,55.05,1011.5,8.0,100.0,81.0,11.9,-70.24666666666667,28.293333333333333,0.0,0
2025-12-02 01:00:00,1,2,12,18.146666666666665,54.13666666666666,1010.8666666666668,8.4,99.2,78.0,13.7,-62.32666666666668,57.53333333333333,0.0,0
2025-12-02 02:00:00,2,2,12,18.013333333333332,53.38666666666668,1010.2666666666668,8.8,96.9,75.0,15.1,-51.77,74.57000000000001,0.0,0
2025-12-02 03:00:00,3,2,12,17.883333333333336,52.974,1009.78,9.1,92.2,73.0,16.9,-40.38666666666666,86.23333333333333,0.0,0
2025-12-02 04:00:00,4,2,12,17.67,52.545,1009.25,9.4,97.7,72.0,19.1,-28.840000000000003,95.71333333333332,0.0,0
2025-12-02 05:00:00,5,2,12,17.77,50.58,1009.25,9.8,93.0,70.0,19.8,-16.856,104.912,0.0,0
2025-12-02 06:00:00,6,2,12,18.11,50.63,1009.2,9.9,75.8,69.0,20.5,-6.028181818181818,113.63454545454546,0.0,1
2025-12-02 07:00:00,7,2,12,19.01,53.352,1009.5,10.1,56.2,70.0,20.9,3.736206896551724,122.53724137931036,1.0,1
2025-12-02 08:00:00,8,2,12,20.715,50.925,1009.75,10.6,35.2,68.0,22.0,12.037368421052632,132.30052631578943,1.0,1
2025-12-02 09:00:00,9,2,12,20.98,50.59,1009.7,13.0,14.8,58.0,22.7,20.30133333333333,145.50933333333336,1.0,1
2025-12-02 10:00:00,10,2,12,19.69142857142857,46.376250000000006,1009.4214285714286,14.9,5.5,53.0,21.2,25.634,159.43800000000002,1.0,1
2025-12-02 11:00:00,11,2,12,20.186,47.013,1008.4100000000002,16.1,3.1,47.0,24.1,28.212666666666667,174.72266666666667,1.0,1
2025-12-02 12:00:00,12,2,12,19.44,42.326,1007.5333333333334,16.7,2.3,42.0,24.5,27.69133333333333,190.39399999999995,1.0,1
2025-12-02 13:00:00,13,2,12,18.92333333333333,42.02,1007.1,17.2,92.2,40.0,24.5,24.140666666666668,205.31333333333336,1.0,1
2025-12-02 14:00:00,14,2,12,18.81,42.845,1007.4,15.7,96.9,44.0,29.9,18.02133333333333,218.6733333333333,1.0,1
2025-12-02 15:00:00,15,2,12,19.1825,46.260000000000005,1007.4,12.9,76.6,58.0,29.5,9.297727272727274,231.1190909090909,1.0,1
2025-12-02 16:00:00,16,2,12,19.465,45.67,1007.35,13.2,97.7,60.0,20.9,1.4564,239.6828,1.0,1
2025-12-02 17:00:00,17,2,12,19.885,45.755,1007.55,13.4,89.8,58.0,17.3,-9.276666666666667,248.96888888888893,1.0,1
2025-12-02 18:00:00,18,2,12,20.28,48.81,1007.75,13.1,4.7,58.0,17.6,-20.442500000000003,257.73749999999995,1.0,1
2025-12-02 19:00:00,19,2,12,20.03,49.09666666666667,1008.1,12.1,0.0,60.0,20.5,-33.26333333333333,267.63666666666666,1.0,1
2025-12-02 20:00:00,20,2,12,19.146666666666665,48.836666666666666,1008.1666666666666,11.1,22.7,63.0,20.9,-44.8,277.68666666666667,1.0,0
2025-12-02 21:00:00,21,2,12,18.58333333333333,48.5025,1008.1666666666666,10.6,19.5,64.0,19.8,-55.99666666666667,290.81,0.0,0
2025-12-02 22:00:00,22,2,12,18.545,47.39,1008.6,10.1,3.9,64.0,19.1,-65.90666666666668,311.4266666666667,0.0,0
2025-12-02 23:00:00,23,2,12,17.6275,46.945,1008.3,9.6,0.0,64.0,19.8,-71.90333333333334,226.46,0.0,0
2025-12-03 00:00:00,0,3,12,17.68,45.625,1007.675,9.3,0.0,65.0,20.5,-70.37666666666667,28.46333333333333,0.0,0
2025-12-03 01:00:00,1,3,12,17.235,45.285,1007.1,9.0,0.0,63.0,20.2,-62.43,57.75666666666667,0.0,0
2025-12-03 02:00:00,2,3,12,16.877499999999998,45.2675,1006.6666666666666,8.5,0.0,64.0,15.8,-51.85333333333333,74.75666666666667,0.0,0
2025-12-03 03:00:00,3,3,12,16.493333333333336,45.30666666666667,1006.3666666666668,7.8,9.4,67.0,14.0,-40.46666666666667,86.39333333333333,0.0,0
2025-12-03 04:00:00,4,3,12,16.72,44.955,1006.8,7.4,20.3,70.0,13.7,-28.92,95.85333333333334,0.0,0
2025-12-03 05:00:00,5,3,12,17.293333333333333,44.66333333333333,1007.0666666666666,6.7,1.6,73.0,11.2,-16.872,105.08200000000002,0.0,0
2025-12-03 06:00:00,6,3,12,18.01,43.86333333333334,1007.7,6.0,68.0,76.0,11.2,-6.031818181818181,113.82,0.0,1
2025-12-03 07:00:00,7,3,12,18.592,46.152,1008.24,6.1,9.4,74.0,14.4,3.727931034482759,122.73275862068964,1.0,1
2025-12-03 08:00:00,8,3,12,18.6925,47.9125,1008.8333333333334,7.3,3.9,69.0,15.8,11.768333333333333,132.16111111111113,1.0,1
2025-12-03 09:00:00,9,3,12,18.03,41.83142857142857,1009.7142857142856,9.7,37.5,61.0,13.3,19.82,144.874,1.0,1
2025-12-03 10:00:00,10,3,12,18.12666666666667,38.57142857142857,1009.8714285714286,12.5,65.6,49.0,11.2,25.27533333333333,158.68466666666666,1.0,1
2025-12-03 11:00:00,11,3,12,19.0075,42.5475,1009.45,14.2,43.0,41.0,8.3,28.031875000000003,174.375,1.0,1
2025-12-03 12:00:00,12,3,12,19.62,42.7025,1009.2666666666668,15.3,3.1,38.0,7.2,27.55133333333333,190.368,1.0,1
2025-12-03 13:00:00,13,3,12,18.790000000000003,37.21714285714285,1009.2333333333336,16.2,4.7,36.0,9.7,24.01,205.25466666666668,1.0,1
2025-12-03 14:00:00,14,3,12,18.55,36.68,1009.4,16.7,3.1,33.0,9.4,17.902,218.59333333333336,1.0,1
2025-12-03 15:00:00,15,3,12,19.395,38.66,1009.75,16.8,3.1,30.0,13.7,9.26818181818182,230.9390909090909,1.0,1
2025-12-03 16:00:00,16,3,12,19.71,39.155,1010.5,15.5,0.0,35.0,13.3,1.4731999999999996,239.47080000000008,1.0,1
2025-12-03 17:00:00,17,3,12,19.9475,41.182500000000005,1011.1666666666666,13.8,0.0,38.0,15.5,-9.27111111111111,248.78333333333336,1.0,1
2025-12-03 18:00:00,18,3,12,20.62,44.5675,1011.9,12.4,7.8,41.0,13.3,-20.44,257.5525,1.0,1
2025-12-03 19:00:00,19,3,12,20.81,45.51,1012.35,11.2,19.5,46.0,13.3,-33.25333333333333,267.43,1.0,1
2025-12-03 20:00:00,20,3,12,19.635,46.07833333333334,1012.7333333333332,10.2,37.5,48.0,16.2,-44.79,277.4433333333333,1.0,0
2025-12-03 21:00:00,21,3,12,18.54,45.44333333333333,1013.4666666666668,10.5,75.8,44.0,19.4,-56.00333333333333,290.5,0.0,0
2025-12-03 22:00:00,22,3,12,18.336666666666662,43.87,1013.6333333333332,10.6,39.8,45.0,21.6,-65.95,311.01666666666665,0.0,0
2025-12-03 23:00:00,23,3,12,18.165,43.46249999999999,1013.225,10.5,60.9,46.0,20.9,-72.02,226.17,0.0,0
2025-12-04 00:00:00,0,4,12,17.75,43.26333333333333,1012.5333333333334,10.6,92.2,46.0,19.8,-70.5,28.62,0.0,0
2025-12-04 01:00:00,1,4,12,17.583333333333332,43.038,1012.157142857143,11.0,73.4,47.0,22.0,-62.52666666666667,57.96666666666666,0.0,0
2025-12-04 02:00:00,2,4,12,17.463333333333335,42.71666666666666,1011.85,10.8,21.1,47.0,23.0,-51.93666666666667,74.93666666666667,0.0,0
2025-12-04 03:00:00,3,4,12,17.095,42.495000000000005,1011.65,10.6,28.1,49.0,21.2,-40.54333333333333,86.54333333333334,0.0,0
2025-12-04 04:00:00,4,4,12,17.266666666666666,42.38,1011.4333333333332,10.4,72.7,50.0,22.7,-28.996666666666663,95.98333333333336,0.0,0
2025-12-04 05:00:00,5,4,12,17.755,41.095,1011.2666666666668,10.3,73.4,51.0,23.8,-16.892000000000003,105.246,0.0,0
2025-12-04 06:00:00,6,4,12,18.175,41.02166666666667,1010.98,10.2,96.1,55.0,27.0,-6.033636363636362,113.99818181818183,0.0,1
2025-12-04 07:00:00,7,4,12,18.056,41.49,1011.2833333333332,10.1,100.0,58.0,28.4,3.562857142857144,122.7467857142857,1.0,1
2025-12-04 08:00:00,8,4,12,17.676000000000002,42.586,1011.0166666666664,10.3,100.0,62.0,31.0,11.557368421052631,132.11736842105265,1.0,1
2025-12-04 09:00:00,9,4,12,17.97,43.38,1011.5166666666668,10.1,99.2,71.0,22.3,19.779333333333334,145.094,1.0,1
2025-12-04 10:00:00,10,4,12,18.0525,44.5875,1010.875,12.1,100.0,62.0,24.1,25.196,158.89933333333337,1.0,1
2025-12-04 11:00:00,11,4,12,18.10625,45.20375,1009.9714285714286,13.2,100.0,59.0,19.4,27.86428571428571,174.531875,1.0,1
2025-12-04 12:00:00,12,4,12,18.14333333333333,46.25333333333334,1008.86,13.8,99.2,60.0,25.2,27.41866666666667,190.3453333333333,1.0,1
2025-12-04 13:00:00,13,4,12,18.3725,46.9525,1007.9333333333334,14.9,100.0,56.0,27.7,23.88733333333333,205.20266666666663,1.0,1
2025-12-04 14:00:00,14,4,12,18.56,46.615,1007.4,16.3,99.2,49.0,27.4,17.788,218.52,1.0,1
2025-12-04 15:00:00,15,4,12,19.3625,50.2325,1007.75,16.6,100.0,46.0,25.9,9.239999999999998,230.7695454545455,1.0,1
2025-12-04 16:00:00,16,4,12,20.14333333333333,51.51333333333334,1007.9666666666668,16.0,99.2,48.0,23.8,1.4888,239.2712,1.0,1
2025-12-04 17:00:00,17,4,12,20.236666666666668,52.31333333333333,1008.35,15.2,100.0,50.0,23.0,-9.266666666666667,248.60888888888883,1.0,1
2025-12-04 18:00:00,18,4,12,20.425,54.0,1008.1,14.9,100.0,48.0,22.3,-20.435,257.3775,1.0,1
2025-12-04 19:00:00,19,4,12,20.296666666666667,54.21666666666667,1008.25,14.4,100.0,52.0,22.7,-33.24333333333333,267.23,1.0,1
2025-12-04 20:00:00,20,4,12,19.3175,52.975,1008.1,14.3,100.0,52.0,22.0,-44.78666666666667,277.21333333333337,1.0,0
2025-12-04 21:00:00,21,4,12,18.69125,51.02000000000001,1008.0714285714284,14.1,100.0,53.0,24.8,-56.00999999999999,290.2033333333333,0.0,0
2025-12-04 22:00:00,22,4,12,18.35,49.68,1008.5,14.0,100.0,54.0,26.6,-65.99000000000001,310.6266666666666,0.0,0
2025-12-04 23:00:00,23,4,12,18.3125,48.21333333333333,1008.5333333333334,14.0,100.0,53.0,29.5,-72.12666666666667,225.89666666666668,0.0,0
2025-12-05 00:00:00,0,5,12,18.035,47.52,1008.2,13.9,98.4,53.0,29.5,-70.62,28.776666666666667,0.0,0
2025-12-05 01:00:00,1,5,12,17.83888888888889,46.53625,1008.5625,13.8,100.0,51.0,26.6,-62.616666666666674,58.17,0.0,0
2025-12-05 02:00:00,2,5,12,17.55,45.81,1009.05,13.7,99.2,49.0,25.6,-52.01666666666666,75.11000000000001,0.0,0
2025-12-05 03:00:00,3,5,12,17.22555555555556,45.06888888888889,1008.775,13.5,97.7,49.0,24.5,-40.61333333333334,86.68666666666667,0.0,0
2025-12-05 04:00:00,4,5,12,16.963333333333335,44.494,1008.94,13.1,99.2,50.0,25.2,-29.07,96.10333333333334,0.0,0
2025-12-05 05:00:00,5,5,12,16.86,43.578,1009.62,13.0,99.2,49.0,27.4,-16.906,105.402,0.0,0
2025-12-05 06:00:00,6,5,12,16.8075,43.38909090909092,1010.21,13.0,100.0,49.0,27.7,-6.468000000000001,113.8,0.0,1
2025-12-05 07:00:00,7,5,12,17.377777777777776,46.013,1011.0000000000002,13.0,90.6,45.0,25.6,3.37551724137931,122.74758620689654,1.0,1
2025-12-05 08:00:00,8,5,12,19.045,52.4775,1012.0,13.1,93.7,45.0,25.9,11.54421052631579,132.31315789473686,1.0,1
2025-12-05 09:00:00,9,5,12,19.79833333333333,54.06,1012.1833333333332,13.8,92.2,44.0,24.8,19.740666666666662,145.3033333333333,1.0,1
2025-12-05 10:00:00,10,5,12,19.78,52.06,1012.1833333333332,15.3,99.2,41.0,23.0,25.12,159.10533333333333,1.0,1
2025-12-05 11:00:00,11,5,12,20.473333333333333,46.626666666666665,1012.0833333333334,15.7,96.9,41.0,20.9,27.754285714285714,174.19399999999996,1.0,1
2025-12-05 12:00:00,12,5,12,21.16375,44.85125000000001,1011.1833333333332,16.8,99.2,38.0,21.2,27.42666666666667,189.292,1.0,1
2025-12-05 13:00:00,13,5,12,20.2,42.16666666666666,1011.0333333333332,18.1,87.5,34.0,22.0,24.09066666666666,204.2053333333333,1.0,1
2025-12-05 14:00:00,14,5,12,19.7275,42.57625,1011.0571428571428,19.1,93.0,30.0,23.8,18.156666666666663,217.61466666666664,1.0,1
2025-12-05 15:00:00,15,5,12,19.53,43.15,1011.4,19.2,90.6,29.0,21.6,9.429565217391303,230.3260869565217,1.0,1
2025-12-05 16:00:00,16,5,12,19.30666666666667,43.21333333333333,1011.8666666666668,18.5,73.4,31.0,19.1,1.5027999999999997,239.08,1.0,1
2025-12-05 17:00:00,17,5,12,19.166666666666668,43.5325,1012.55,17.7,22.7,35.0,20.2,-9.263333333333334,248.44,1.0,1
2025-12-05 18:00:00,18,5,12,19.06,44.36333333333334,1013.1666666666666,16.9,76.6,42.0,20.9,-20.435,257.21000000000004,1.0,1
2025-12-05 19:00:00,19,5,12,18.94666666666667,45.67666666666667,1013.75,16.1,60.2,48.0,18.7,-33.23666666666667,267.05,1.0,1
2025-12-05 20:00:00,20,5,12,18.886666666666667,46.89000000000001,1014.2333333333336,15.6,94.5,54.0,19.8,-44.78333333333334,276.99333333333334,1.0,0
2025-12-05 21:00:00,21,5,12,18.9375,47.195,1014.2666666666668,15.9,84.4,57.0,21.6,-56.01666666666667,289.93,0.0,0
2025-12-05 22:00:00,22,5,12,18.98,47.52,1014.0,15.9,43.7,60.0,19.8,-66.03,310.26000000000005,0.0,0
2025-12-05 23:00:00,23,5,12,18.87,48.23,1013.6,15.9,68.0,62.0,18.4,-72.22666666666667,225.63,0.0,0
2025-12-06 00:00:00,0,6,12,18.76,49.120000000000005,1013.8666666666668,15.9,50.8,63.0,16.9,-70.73,28.923333333333336,0.0,0
2025-12-06 01:00:00,1,6,12,18.785,49.59,1013.8,14.9,43.0,70.0,19.1,-62.70666666666667,58.35999999999999,0.0,0
2025-12-06 02:00:00,2,6,12,18.77,49.995,1013.85,15.5,62.5,68.0,22.0,-52.086666666666666,75.27,0.0,0
2025-12-06 03:00:00,3,6,12,18.82,50.223333333333336,1013.7999999999998,15.8,49.2,67.0,23.4,-40.68333333333333,86.81666666666668,0.0,0
2025-12-06 04:00:00,4,6,12,18.768,50.9,1013.5666666666666,15.9,55.5,67.0,22.3,-29.136666666666667,96.22,0.0,0
2025-12-06 05:00:00,5,6,12,18.755000000000003,51.465,1013.675,16.4,65.6,66.0,20.5,-16.922000000000004,105.548,0.0,0
2025-12-06 06:00:00,6,6,12,18.73,52.16,1014.25,16.8,62.5,64.0,19.1,-6.471000000000001,113.957,0.0,0
2025-12-06 07:00:00,7,6,12,18.73333333333333,52.35666666666666,1014.55,17.0,81.2,62.0,20.2,3.3675862068965525,122.91344827586208,0.0,0
2025-12-06 08:00:00,8,6,12,18.79,52.66,1014.8,17.6,92.2,59.0,22.3,11.530526315789473,132.49789473684206,0.0,0
2025-12-06 09:00:00,9,6,12,18.905,53.515,1015.0,18.7,50.8,55.0,20.5,19.701999999999995,145.49733333333333,0.0,0
2025-12-06 10:00:00,10,6,12,19.17375,53.53875,1014.9,20.0,46.9,51.0,19.4,25.048,159.29599999999996,0.0,0
2025-12-06 11:00:00,11,6,12,19.43142857142857,52.90166666666666,1014.4,21.2,12.5,46.0,20.9,27.647142857142857,174.34666666666666,0.0,0
2025-12-06 12:00:00,12,6,12,19.61,52.41333333333333,1013.95,22.2,11.7,41.0,21.2,27.308666666666667,189.27466666666663,0.0,0
2025-12-06 13:00:00,13,6,12,19.7775,52.24714285714286,1013.4666666666668,22.8,24.2,42.0,24.5,23.980000000000004,204.15733333333336,0.0,0
2025-12-06 14:00:00,14,6,12,19.85,52.44333333333333,1013.4666666666668,22.8,0.0,41.0,24.8,18.054666666666662,217.5493333333333,0.0,0
2025-12-06 15:00:00,15,6,12,19.79,52.7325,1013.5333333333332,22.4,0.0,42.0,24.8,9.238333333333332,230.3695833333333,0.0,0
2025-12-06 16:00:00,16,6,12,19.64333333333333,52.785,1014.04,21.3,0.0,46.0,22.7,1.3516666666666668,239.07125000000005,0.0,0
2025-12-06 17:00:00,17,6,12,19.43428571428572,52.8075,1014.725,19.9,0.8,50.0,23.0,-9.261111111111113,248.28444444444443,0.0,0
2025-12-06 18:00:00,18,6,12,19.335714285714285,52.89153846153845,1015.22,19.2,3.9,52.0,24.1,-20.4325,257.055,0.0,0
2025-12-06 19:00:00,19,6,12,19.16,53.150000000000006,1015.4,18.5,3.9,55.0,24.8,-33.23,266.8766666666666,0.0,0
2025-12-06 20:00:00,20,6,12,18.995,53.425,1015.75,18.1,22.7,56.0,24.8,-44.77666666666666,276.79,0.0,0
2025-12-06 21:00:00,21,6,12,18.94,53.795,1016.1,17.8,3.1,57.0,23.4,-56.02,289.6666666666667,0.0,0
2025-12-06 22:00:00,22,6,12,18.82,54.24,1016.2666666666664,17.4,14.8,59.0,23.0,-66.06333333333333,309.91,0.0,0
2025-12-06 23:00:00,23,6,12,18.76,54.6,1016.2,16.9,75.8,61.0,18.4,-72.32,225.38333333333333,0.0,0
2025-12-07 00:00:00,0,7,12,18.71,54.56,1016.2,16.2,90.6,64.0,14.4,-70.83666666666667,29.063333333333333,0.0,0
2025-12-07 01:00:00,1,7,12,18.635,54.95,1015.95,15.7,76.6,66.0,16.6,-62.78333333333333,58.54,0.0,0
2025-12-07 02:00:00,2,7,12,18.51,55.15,1015.95,15.2,39.1,68.0,18.0,-52.15333333333333,75.42333333333333,0.0,0
2025-12-07 03:00:00,3,7,12,18.42,55.54,1015.4666666666668,14.6,75.0,70.0,17.3,-40.74333333333333,86.94999999999999,0.0,0
2025-12-07 04:00:00,4,7,12,18.315,55.675,1015.25,14.1,38.3,72.0,16.9,-29.2,96.32666666666668,0.0,0
2025-12-07 05:00:00,5,7,12,18.115,56.175,1015.3,13.6,31.2,74.0,17.3,-16.936,105.686,0.0,0
2025-12-07 06:00:00,6,7,12,18.155,55.92,1015.5,13.3,30.5,75.0,16.2,-6.473000000000001,114.106,0.0,0
2025-12-07 07:00:00,7,7,12,18.243333333333336,55.682500000000005,1015.5666666666666,13.6,10.2,73.0,18.4,3.2053571428571423,122.89857142857146,0.0,0
2025-12-07 08:00:00,8,7,12,18.38,55.295,1016.1,14.1,13.3,71.0,18.0,11.08263157894737,132.08263157894737,0.0,0
2025-12-07 09:00:00,9,7,12,18.37333333333333,55.465,1016.4,16.0,8.6,63.0,17.3,19.232666666666667,144.826,0.0,0
2025-12-07 10:00:00,10,7,12,18.605,55.446666666666665,1016.4,18.7,3.9,53.0,16.9,24.706666666666667,158.51133333333334,0.0,0
2025-12-07 11:00:00,11,7,12,18.82428571428571,55.16875,1015.5875,20.7,1.6,47.0,17.3,27.492,173.59599999999998,0.0,0
2025-12-07 12:00:00,12,7,12,19.08,54.866666666666674,1014.4666666666666,22.1,10.2,41.0,15.5,27.196666666666665,189.2573333333333,0.0,0
2025-12-07 13:00:00,13,7,12,19.21,54.60166666666667,1013.8333333333334,23.3,0.0,36.0,14.8,23.874,204.11666666666665,0.0,0
2025-12-07 14:00:00,14,7,12,19.36,54.67,1013.5,23.6,0.0,35.0,15.1,17.959333333333333,217.49133333333333,0.0,0
2025-12-07 15:00:00,15,7,12,19.38,54.36,1013.7,23.4,0.0,35.0,15.8,9.172608695652173,230.27304347826083,0.0,0
2025-12-07 16:00:00,16,7,12,19.3,54.403333333333336,1014.0,21.8,0.0,43.0,15.8,1.3633333333333333,238.90166666666667,0.0,0
2025-12-07 17:00:00,17,7,12,19.115,54.51,1014.55,18.9,0.0,52.0,14.8,-9.25777777777778,248.13777777777776,0.0,0
2025-12-07 18:00:00,18,7,12,19.02,54.7,1015.05,17.0,0.0,61.0,13.0,-20.4275,256.9075,0.0,0
2025-12-07 19:00:00,19,7,12,18.98,54.635000000000005,1015.2,15.2,0.0,75.0,14.4,-33.223333333333336,266.71000000000004,0.0,0
2025-12-07 20:00:00,20,7,12,18.95,54.495,1015.5,14.6,0.0,78.0,14.8,-44.77,276.59666666666664,0.0,0
2025-12-07 21:00:00,21,7,12,18.85,54.425,1015.85,14.0,0.0,79.0,14.0,-56.02333333333333,289.4266666666667,0.0,0
2025-12-07 22:00:00,22,7,12,18.813333333333333,54.196666666666665,1016.2000000000002,13.3,0.0,79.0,13.0,-66.09666666666668,309.58666666666664,0.0,0
2025-12-07 23:00:00,23,7,12,18.78666666666667,53.88333333333333,1016.45,12.6,0.0,78.0,12.2,-72.40333333333335,225.1433333333333,0.0,0
2025-12-08 00:00:00,0,1,12,18.6,53.665,1016.5,12.0,0.0,76.0,12.2,-70.93333333333334,29.19333333333333,0.0,0
2025-12-08 01:00:00,1,1,12,18.51666666666667,53.45333333333334,1016.45,11.4,0.0,75.0,12.2,-62.86000000000001,58.70666666666667,0.0,0
2025-12-08 02:00:00,2,1,12,18.51,53.07,1016.45,10.8,0.0,76.0,12.6,-52.21666666666667,75.56666666666668,0.0,0
2025-12-08 03:00:00,3,1,12,18.33,52.93,1016.7,10.3,0.0,78.0,12.6,-40.803333333333335,87.06666666666666,0.0,0
2025-12-08 04:00:00,4,1,12,18.225,52.6,1016.45,9.8,0.0,78.0,12.6,-29.26,96.43333333333334,0.0,0
2025-12-08 05:00:00,5,1,12,18.14,52.245000000000005,1016.5,9.5,0.0,78.0,11.9,-16.951999999999998,105.814,0.0,0
2025-12-08 06:00:00,6,1,12,18.235000000000003,51.5475,1016.95,9.0,0.0,78.0,11.2,-6.475,114.247,0.0,1
2025-12-08 07:00:00,7,1,12,18.16333333333333,51.156666666666666,1017.5666666666666,8.4,0.0,76.0,10.8,3.198928571428571,123.04535714285714,1.0,1
2025-12-08 08:00:00,8,1,12,17.886666666666667,51.25666666666667,1018.0,9.0,0.0,72.0,11.5,11.07,132.24210526315792,1.0,1
2025-12-08 09:00:00,9,1,12,17.776000000000003,51.274,1018.32,11.9,0.0,59.0,10.1,19.198666666666664,144.996,1.0,1
2025-12-08 10:00:00,10,1,12,17.86,51.3,1018.05,15.1,0.0,48.0,7.9,24.646000000000004,158.68,1.0,1
2025-12-08 11:00:00,11,1,12,17.975,51.245000000000005,1017.3,17.2,0.0,41.0,7.2,27.371428571428567,173.73333333333332,1.0,1
2025-12-08 12:00:00,12,1,12,18.045,51.3,1016.5,18.4,0.0,41.0,4.7,27.094,189.24000000000007,1.0,1
2025-12-08 13:00:00,13,1,12,18.135,51.4175,1015.6,19.0,0.0,38.0,6.1,23.776,204.076,1.0,1
2025-12-08 14:00:00,14,1,12,18.2,51.48,1015.4,19.1,0.0,37.0,8.3,17.87066666666666,217.43466666666663,1.0,1
2025-12-08 15:00:00,15,1,12,18.26,51.63,1015.3,18.5,0.0,42.0,9.7,9.153478260869566,230.1382608695652,1.0,1
2025-12-08 16:00:00,16,1,12,18.246666666666663,51.91333333333333,1015.6,16.9,0.0,54.0,10.8,1.3758333333333337,238.74375,1.0,1
2025-12-08 17:00:00,17,1,12,18.26333333333333,52.42,1016.0666666666666,14.5,0.0,69.0,10.4,-9.256666666666668,247.99888888888887,1.0,1
2025-12-08 18:00:00,18,1,12,18.3,52.96666666666666,1016.5666666666666,13.3,43.0,76.0,9.7,-20.425,256.7675,1.0,1
2025-12-08 19:00:00,19,1,12,18.255,53.51,1016.95,12.6,7.8,85.0,5.0,-33.21666666666667,266.56,1.0,1
2025-12-08 20:00:00,20,1,12,18.105,54.115,1016.75,11.8,0.8,89.0,7.2,-44.77,276.4166666666667,1.0,0
2025-12-08 21:00:00,21,1,12,18.04,54.52,1016.75,11.0,0.0,89.0,7.2,-56.03,289.19666666666666,0.0,0
2025-12-08 22:00:00,22,1,12,17.98,54.805,1016.95,10.4,0.0,87.0,7.9,-66.12333333333333,309.28333333333336,0.0,0
2025-12-08 23:00:00,23,1,12,17.82,54.86,1016.9,9.9,0.0,78.0,10.4,-72.48666666666666,224.92666666666665,0.0,0
2025-12-09 00:00:00,0,2,12,17.733333333333334,54.46333333333333,1016.5333333333334,9.5,0.0,69.0,12.2,-71.02333333333333,29.320000000000004,0.0,0
2025-12-09 01:00:00,1,2,12,17.86,53.93,1016.4,9.8,0.0,62.0,13.7,-62.93,58.870000000000005,0.0,0
2025-12-09 02:00:00,2,2,12,17.75,53.14,1016.2,10.1,0.0,61.0,13.7,-52.27666666666666,75.70333333333333,0.0,0
2025-12-09 03:00:00,3,2,12,17.65,52.55,1015.8,10.2,0.0,62.0,16.2,-40.85666666666666,87.17666666666668,0.0,0
2025-12-09 04:00:00,4,2,12,17.61,52.06,1015.8,10.4,38.3,62.0,17.3,-29.316666666666663,96.52666666666666,0.0,0
2025-12-09 05:00:00,5,2,12,17.705,51.05,1016.05,10.4,11.7,62.0,17.6,-16.964,105.934,0.0,0
2025-12-09 06:00:00,6,2,12,18.28,48.82,1016.05,10.4,0.0,63.0,18.4,-6.477000000000001,114.374,0.0,1
2025-12-09 07:00:00,7,2,12,19.87833333333333,51.568,1016.45,10.3,0.0,65.0,20.5,3.0388888888888888,123.01185185185184,1.0,1
2025-12-09 08:00:00,8,2,12,21.565,58.53,1016.6333333333332,10.8,0.0,64.0,20.9,10.8755,132.1605,1.0,1
2025-12-09 09:00:00,9,2,12,21.508000000000003,51.44,1016.85,12.7,3.1,58.0,19.1,19.174,145.16133333333337,1.0,1
2025-12-09 10:00:00,10,2,12,20.776666666666667,50.72,1016.65,15.2,4.7,51.0,18.4,24.59,158.84133333333335,1.0,1
2025-12-09 11:00:00,11,2,12,21.183333333333334,51.62333333333333,1016.1,17.5,32.0,45.0,17.3,27.25615384615384,173.85933333333335,1.0,1
2025-12-09 12:00:00,12,2,12,21.865,49.34333333333333,1015.5666666666666,19.2,71.9,42.0,15.8,26.998,189.22800000000004,1.0,1
2025-12-09 13:00:00,13,2,12,21.025,51.2475,1014.95,19.6,100.0,42.0,14.0,23.68533333333333,204.042,1.0,1
2025-12-09 14:00:00,14,2,12,20.225,52.685,1014.95,19.9,100.0,40.0,13.0,17.788,217.38333333333333,1.0,1
2025-12-09 15:00:00,15,2,12,20.8,56.54333333333333,1015.2000000000002,19.1,93.7,44.0,13.0,9.130434782608695,230.01565217391308,1.0,1
2025-12-09 16:00:00,16,2,12,21.19,58.99,1015.2000000000002,17.1,68.7,53.0,10.4,1.3850000000000005,238.59916666666672,1.0,1
2025-12-09 17:00:00,17,2,12,21.07333333333333,58.42,1015.7000000000002,14.2,95.3,68.0,9.4,-9.253333333333334,247.8733333333333,1.0,1
2025-12-09 18:00:00,18,2,12,21.355,60.91,1016.0,13.1,96.1,74.0,8.3,-20.425,256.645,1.0,1
2025-12-09 19:00:00,19,2,12,21.67,60.83,1016.0,12.0,92.2,80.0,10.4,-33.21,266.4166666666667,1.0,1
2025-12-09 20:00:00,20,2,12,20.790000000000003,58.43000000000001,1016.05,11.3,75.0,79.0,10.1,-44.76,276.24999999999994,1.0,0
2025-12-09 21:00:00,21,2,12,20.015,58.14,1015.9,11.4,18.0,67.0,8.6,-56.03333333333333,288.9833333333333,0.0,0
2025-12-09 22:00:00,22,2,12,19.60666666666667,57.35,1015.7666666666668,11.2,1.6,58.0,9.7,-66.14999999999999,308.99666666666667,0.0,0
2025-12-09 23:00:00,23,2,12,19.3,56.33,1015.45,10.9,21.9,58.0,10.8,-72.56333333333333,224.72000000000003,0.0,0
2025-12-10 00:00:00,0,3,12,19.19,55.87,1015.1,10.7,96.9,58.0,11.2,-71.10666666666667,29.433333333333334,0.0,0
2025-12-10 01:00:00,1,3,12,18.89,55.425,1014.9,10.7,97.7,58.0,11.5,-62.99666666666667,59.01666666666667,0.0,0
2025-12-10 02:00:00,2,3,12,18.69,54.69,1014.9,10.6,79.7,60.0,11.2,-52.330000000000005,75.82333333333334,0.0,0
2025-12-10 03:00:00,3,3,12,18.65,53.87,1014.9,10.1,85.9,63.0,11.9,-40.91,87.28000000000002,0.0,0
2025-12-10 04:00:00,4,3,12,18.41,53.355,1014.8,9.7,68.7,65.0,11.9,-29.366666666666664,96.61666666666667,0.0,0
2025-12-10 05:00:00,5,3,12,18.39,51.375,1015.0,9.5,52.3,64.0,11.2,-16.976,106.046,0.0,0
2025-12-10 06:00:00,6,3,12,19.18,49.43666666666667,1015.0,8.9,55.5,66.0,10.8,-6.923333333333334,114.11666666666666,0.0,1
2025-12-10 07:00:00,7,3,12,20.584,51.552,1015.5,9.1,29.7,68.0,10.1,2.8389285714285712,122.95142857142856,1.0,0
2025-12-10 08:00:00,8,3,12,22.29,54.61749999999999,1016.4,9.0,19.5,69.0,10.8,10.865999999999996,132.2975,0.0,0
2025-12-10 09:00:00,9,3,12,23.288,51.63,1016.9666666666668,11.7,76.6,57.0,8.3,19.146666666666665,145.30933333333334,0.0,0
2025-12-10 10:00:00,10,3,12,22.69,48.84333333333333,1017.05,14.0,63.3,49.0,3.2,24.538666666666668,158.98666666666668,0.0,0
2025-12-10 11:00:00,11,3,12,22.83333333333333,50.60333333333333,1016.6,15.8,96.9,44.0,4.3,27.17615384615385,173.97466666666668,0.0,0
2025-12-10 12:00:00,12,3,12,22.936666666666667,53.35,1016.0333333333332,16.5,64.8,44.0,6.5,26.909333333333333,189.21266666666668,0.0,1
2025-12-10 13:00:00,13,3,12,21.8475,55.125,1015.8666666666668,16.6,16.4,51.0,8.3,23.602666666666664,204.008,1.0,1
2025-12-10 14:00:00,14,3,12,20.75333333333333,56.833333333333336,1016.15,16.5,14.1,62.0,10.4,17.711333333333332,217.33533333333327,1.0,1
2025-12-10 15:00:00,15,3,12,21.07,59.17,1016.6333333333332,15.9,67.2,68.0,11.9,9.11391304347826,229.8978260869565,1.0,1
2025-12-10 16:00:00,16,3,12,21.431999999999995,58.422,1017.075,15.0,91.4,79.0,13.7,1.3975000000000002,238.46166666666667,1.0,1
2025-12-10 17:00:00,17,3,12,21.24,57.51333333333333,1017.6333333333332,14.0,100.0,86.0,12.6,-9.252222222222224,247.75444444444443,1.0,1
2025-12-10 18:00:00,18,3,12,21.75,61.955,1018.3666666666668,13.8,100.0,87.0,12.2,-20.4225,256.525,1.0,1
2025-12-10 19:00:00,19,3,12,21.88333333333333,63.09333333333334,1018.9,13.3,100.0,88.0,12.2,-33.20666666666667,266.2866666666667,1.0,1
2025-12-10 20:00:00,20,3,12,21.105,59.115,1019.2,13.0,100.0,86.0,11.5,-44.75666666666667,276.09666666666664,1.0,0
2025-12-10 21:00:00,21,3,12,20.386666666666667,59.115,1019.1,12.7,100.0,85.0,11.9,-56.03333333333334,288.78666666666663,0.0,0
2025-12-10 22:00:00,22,3,12,19.945,58.955,1019.5,12.4,100.0,83.0,12.2,-66.17666666666666,308.7333333333333,0.0,0
2025-12-10 23:00:00,23,3,12,19.576666666666664,58.69,1019.5333333333332,12.3,100.0,82.0,12.2,-72.63333333333333,224.5233333333333,0.0,0
2025-12-11 00:00:00,0,4,12,19.3,58.42,1019.15,12.3,100.0,82.0,14.0,-71.18666666666667,29.546666666666667,0.0,0
2025-12-11 01:00:00,1,4,12,19.25,57.95,1018.95,11.3,99.2,85.0,14.0,-63.05,59.156666666666666,0.0,0
2025-12-11 02:00:00,2,4,12,18.99,57.555,1018.6,11.2,100.0,85.0,13.0,-52.38,75.94,0.0,0
2025-12-11 03:00:00,3,4,12,18.79,57.365,1018.45,10.9,100.0,85.0,12.6,-40.95333333333333,87.37666666666667,0.0,0
2025-12-11 04:00:00,4,4,12,18.45,57.26,1018.45,10.9,97.7,84.0,10.8,-29.406666666666663,96.7,0.0,0
2025-12-11 05:00:00,5,4,12,18.435,56.44,1018.6,9.9,100.0,86.0,9.0,-16.985999999999997,106.146,0.0,0
2025-12-11 06:00:00,6,4,12,18.9525,55.0225,1018.925,9.4,100.0,86.0,9.0,-6.924444444444443,114.22666666666666,0.0,1
2025-12-11 07:00:00,7,4,12,20.325,55.32,1019.075,9.1,96.9,84.0,9.7,2.677777777777777,122.89777777777778,1.0,1
2025-12-11 08:00:00,8,4,12,21.386666666666667,52.923333333333325,1019.5666666666666,10.1,96.1,80.0,11.9,10.438,131.86700000000002,1.0,1
2025-12-11 09:00:00,9,4,12,21.976000000000003,52.472,1019.9666666666668,12.0,96.9,72.0,14.0,18.682,144.5926666666667,1.0,1
2025-12-11 10:00:00,10,4,12,21.83,51.833333333333336,1019.45,14.6,36.7,64.0,14.0,24.209333333333333,158.15933333333334,1.0,0
2025-12-11 11:00:00,11,4,12,22.006666666666664,53.07,1018.9333333333334,16.1,18.0,60.0,12.2,27.042142857142856,173.57375,0.0,0
2025-12-11 12:00:00,12,4,12,22.3325,54.06,1018.2,16.8,17.2,60.0,9.4,26.82866666666667,189.1986666666667,0.0,1
2025-12-11 13:00:00,13,4,12,21.73,52.66799999999999,1017.4,17.2,24.2,59.0,8.6,23.525333333333336,203.97600000000003,1.0,1
2025-12-11 14:00:00,14,4,12,20.626666666666665,53.11333333333334,1016.8666666666668,17.3,15.6,59.0,7.2,17.641333333333332,217.29,1.0,1
2025-12-11 15:00:00,15,4,12,20.825000000000003,56.705,1016.85,16.6,19.5,64.0,8.3,9.09782608695652,229.7917391304348,1.0,1
2025-12-11 16:00:00,16,4,12,21.04,56.54,1016.55,15.5,87.5,73.0,7.2,1.4054166666666674,238.33958333333337,1.0,1
2025-12-11 17:00:00,17,4,12,20.972,57.69199999999999,1016.95,13.8,44.5,85.0,6.5,-9.25,247.64666666666668,1.0,1
2025-12-11 18:00:00,18,4,12,21.445,60.3,1017.2,12.9,48.4,91.0,4.7,-20.42,256.4175,1.0,1
2025-12-11 19:00:00,19,4,12,21.345,56.575,1017.2333333333332,12.2,44.5,90.0,4.3,-33.2,266.1666666666667,1.0,1
2025-12-11 20:00:00,20,4,12,20.26,56.35,1017.2333333333332,11.3,28.9,94.0,4.3,-44.75,275.95666666666665,1.0,0
2025-12-11 21:00:00,21,4,12,19.863333333333333,56.51666666666667,1017.0666666666666,10.7,18.0,95.0,5.0,-56.03333333333334,288.6133333333333,0.0,0
2025-12-11 22:00:00,22,4,12,19.53333333333333,56.30666666666667,1016.8,9.9,24.2,97.0,7.2,-66.2,308.4966666666666,0.0,0
2025-12-11 23:00:00,23,4,12,19.015,56.39999999999999,1016.6333333333332,9.7,11.7,96.0,7.2,-72.69333333333334,224.35333333333327,0.0,0
2025-12-12 00:00:00,0,5,12,18.77,56.373333333333335,1016.2,9.4,13.3,95.0,8.3,-71.25333333333333,29.646666666666665,0.0,0
2025-12-12 01:00:00,1,5,12,18.75,55.84,1016.2,9.2,33.6,96.0,8.3,-63.10666666666666,59.28333333333334,0.0,0
2025-12-12 02:00:00,2,5,12,18.66,55.72666666666667,1016.0333333333332,8.8,28.9,95.0,8.6,-52.42333333333334,76.04666666666667,0.0,0
2025-12-12 03:00:00,3,5,12,18.73333333333333,55.580000000000005,1015.4666666666668,8.5,4.7,93.0,7.2,-40.99666666666666,87.46333333333332,0.0,0
2025-12-12 04:00:00,4,5,12,18.74,55.46,1015.3,8.0,7.8,91.0,6.1,-29.453333333333333,96.77333333333333,0.0,0
2025-12-12 05:00:00,5,5,12,18.79,55.2,1015.3,7.6,21.9,91.0,5.8,-17.85,105.5775,0.0,0
2025-12-12 06:00:00,6,5,12,19.39,53.883333333333326,1015.05,7.1,17.2,90.0,6.8,-7.590999999999998,113.781,0.0,1
2025-12-12 07:00:00,7,5,12,20.7875,56.91400000000001,1015.4,7.1,8.6,91.0,6.1,2.6725925925925926,123.00111111111111,1.0,0
2025-12-12 08:00:00,8,5,12,22.2625,60.6675,1015.7000000000002,7.9,18.0,87.0,7.9,10.428499999999998,131.98,0.0,1
2025-12-12 09:00:00,9,5,12,21.52,53.62,1015.975,10.1,29.7,82.0,7.9,18.66,144.71733333333333,1.0,0
2025-12-12 10:00:00,10,5,12,22.03,52.53,1015.9666666666666,12.4,24.2,75.0,7.2,24.16733333333333,158.28066666666666,0.0,0
2025-12-12 11:00:00,11,5,12,22.515,52.04,1015.55,14.1,35.9,72.0,5.4,27.035625000000003,173.67000000000002,0.0,0
2025-12-12 12:00:00,12,5,12,22.97333333333333,52.17666666666667,1015.1333333333332,15.1,55.5,70.0,6.5,26.756000000000004,189.1866666666667,0.0,0
2025-12-12 13:00:00,13,5,12,22.363333333333333,51.59,1014.65,15.8,78.1,69.0,9.7,23.45533333333334,203.94866666666664,0.0,0
2025-12-12 14:00:00,14,5,12,22.07,51.67,1014.6,15.7,37.5,70.0,10.1,17.578666666666667,217.2513333333333,0.0,0
2025-12-12 15:00:00,15,5,12,21.98,52.21,1014.6,15.8,34.4,71.0,11.9,9.082608695652176,229.69608695652173,0.0,0
2025-12-12 16:00:00,16,5,12,21.8,52.84,1014.75,15.1,46.9,77.0,15.5,1.4154166666666663,238.2270833333333,0.0,0
2025-12-12 17:00:00,17,5,12,21.765,53.553333333333335,1015.1666666666666,14.0,53.9,85.0,17.3,-9.245555555555557,247.5511111111111,0.0,1
2025-12-12 18:00:00,18,5,12,21.8,54.403333333333336,1015.75,13.6,74.2,88.0,16.2,-20.4175,256.3225,1.0,1
2025-12-12 19:00:00,19,5,12,21.78,54.785,1016.1,13.8,99.2,90.0,17.6,-33.196666666666665,266.06333333333333,1.0,1
2025-12-12 20:00:00,20,5,12,21.4375,55.595,1016.2000000000002,13.8,88.3,88.0,19.4,-44.75,275.8333333333333,1.0,0
2025-12-12 21:00:00,21,5,12,20.683333333333334,57.45666666666667,1016.7,13.4,52.3,88.0,20.2,-56.03666666666667,288.4533333333333,0.0,0
2025-12-12 22:00:00,22,5,12,20.42,57.98666666666666,1017.2666666666668,13.2,25.8,89.0,21.2,-66.21666666666667,308.28000000000003,0.0,0
2025-12-12 23:00:00,23,5,12,20.27,58.25,1017.4,12.9,31.2,89.0,21.6,-72.75,224.19000000000003,0.0,0
2025-12-13 00:00:00,0,6,12,20.155,58.28,1017.6,12.7,35.9,87.0,22.7,-71.31666666666666,29.73333333333333,0.0,0
2025-12-13 01:00:00,1,6,12,20.12,58.24,1017.7,12.8,14.8,85.0,22.0,-63.16,59.39333333333334,0.0,0
2025-12-13 02:00:00,2,6,12,19.945,58.22,1017.3,12.3,23.4,84.0,22.7,-52.46666666666667,76.14,0.0,0
2025-12-13 03:00:00,3,6,12,19.793333333333333,58.175,1017.4666666666666,12.0,90.6,84.0,21.6,-41.03666666666667,87.54333333333334,0.0,0
2025-12-13 04:00:00,4,6,12,19.67,57.85333333333333,1017.75,12.4,100.0,81.0,22.0,-29.493333333333336,96.83666666666666,0.0,0
2025-12-13 05:00:00,5,6,12,19.65,57.485,1018.3666666666668,13.0,100.0,78.0,24.5,-17.86,105.66,0.0,0
2025-12-13 06:00:00,6,6,12,19.57,57.34666666666666,1018.9666666666666,13.0,97.7,84.0,23.8,-7.592,113.871,0.0,0
2025-12-13 07:00:00,7,6,12,19.49,57.43333333333333,1019.5666666666666,12.8,100.0,85.0,24.5,2.668888888888889,123.09370370370372,0.0,0
2025-12-13 08:00:00,8,6,12,19.436666666666667,57.82,1020.0666666666666,13.3,97.7,84.0,25.6,10.421,132.08200000000002,0.0,0
2025-12-13 09:00:00,9,6,12,19.296666666666667,58.34333333333333,1020.6333333333332,13.8,84.4,77.0,25.9,18.642666666666667,144.82933333333332,0.0,0
2025-12-13 10:00:00,10,6,12,19.2,58.52666666666667,1021.1,14.4,73.4,74.0,25.9,24.128000000000004,158.39066666666668,0.0,0
2025-12-13 11:00:00,11,6,12,19.17,58.72666666666667,1020.7,14.6,74.2,74.0,25.6,26.95066666666667,173.75874999999996,0.0,0
2025-12-13 12:00:00,12,6,12,19.15,59.045,1020.35,14.9,84.4,76.0,26.3,26.686666666666667,189.176,0.0,0
2025-12-13 13:00:00,13,6,12,19.125,59.195,1020.0,15.0,93.7,77.0,23.0,23.394000000000005,203.924,0.0,0
2025-12-13 14:00:00,14,6,12,19.04,59.15,1019.6666666666666,14.9,85.2,78.0,22.7,17.52266666666667,217.21466666666663,0.0,0
2025-12-13 15:00:00,15,6,12,18.950000000000003,59.19,1019.6333333333332,14.7,50.8,80.0,23.0,9.070000000000002,229.608695652174,0.0,0
2025-12-13 16:00:00,16,6,12,18.915,59.2,1019.8,14.3,71.1,78.0,25.2,1.4237500000000007,238.125,0.0,0
2025-12-13 17:00:00,17,6,12,18.99,59.015,1020.05,14.0,47.7,84.0,22.0,-9.244444444444444,247.4611111111111,0.0,0
2025-12-13 18:00:00,18,6,12,18.99,58.88666666666666,1020.4,13.5,39.1,83.0,23.0,-20.415,256.235,0.0,0
2025-12-13 19:00:00,19,6,12,18.92,59.12,1020.7,13.0,93.0,83.0,25.2,-33.193333333333335,265.9666666666667,0.0,0
2025-12-13 20:00:00,20,6,12,18.82,59.54,1020.95,13.1,52.3,84.0,25.6,-44.74333333333334,275.71666666666664,0.0,0
2025-12-13 21:00:00,21,6,12,18.76,59.51,1021.1,12.8,31.2,84.0,22.7,-56.03666666666666,288.3066666666667,0.0,0
2025-12-13 22:00:00,22,6,12,18.73,59.29,1021.2,12.4,77.3,84.0,22.0,-66.23,308.08666666666664,0.0,0
2025-12-13 23:00:00,23,6,12,18.78,58.75,1020.7,12.5,75.0,81.0,22.3,-72.80333333333334,224.05,0.0,0
2025-12-14 00:00:00,0,7,12,18.715,58.3,1020.2,12.2,99.2,81.0,22.3,-71.37333333333333,29.82,0.0,0
2025-12-14 01:00:00,1,7,12,18.53,58.085,1019.8,12.1,100.0,78.0,21.6,-63.19666666666666,59.49666666666667,0.0,0
2025-12-14 02:00:00,2,7,12,18.326666666666668,57.93,1019.4333333333334,11.8,99.2,80.0,21.2,-52.49666666666667,76.22666666666667,0.0,0
2025-12-14 03:00:00,3,7,12,18.30333333333333,57.625,1018.875,11.9,98.4,80.0,22.3,-41.06666666666667,87.61000000000001,0.0,0
2025-12-14 04:00:00,4,7,12,18.405,57.03333333333333,1018.25,11.6,100.0,84.0,22.3,-29.526666666666667,96.9,0.0,0
2025-12-14 05:00:00,5,7,12,18.34,56.7,1018.2333333333336,11.8,100.0,87.0,24.1,-17.8675,105.735,0.0,0
2025-12-14 06:00:00,6,7,12,18.22,56.74,1018.2,11.7,98.4,88.0,22.7,-7.595000000000001,113.95100000000002,0.0,0
2025-12-14 07:00:00,7,7,12,17.994999999999997,57.105,1018.4,11.9,100.0,83.0,22.0,2.51076923076923,123.01115384615386,0.0,0
2025-12-14 08:00:00,8,7,12,17.903333333333332,57.41,1018.7333333333336,12.4,100.0,82.0,24.8,10.237619047619049,131.9542857142857,0.0,0
2025-12-14 09:00:00,9,7,12,17.900000000000002,57.696666666666665,1019.2333333333336,12.8,97.7,80.0,25.9,18.624,144.92866666666666,0.0,0
2025-12-14 10:00:00,10,7,12,17.883333333333336,58.38999999999999,1019.0333333333334,13.7,100.0,78.0,24.5,24.09466666666667,158.49000000000004,0.0,0
2025-12-14 11:00:00,11,7,12,17.977999999999998,58.45,1018.2,14.0,100.0,78.0,24.1,26.87,173.366,0.0,0
2025-12-14 12:00:00,12,7,12,18.0375,58.665,1017.1666666666666,13.6,100.0,82.0,20.5,26.74666666666667,188.14666666666665,0.0,0
2025-12-14 13:00:00,13,7,12,18.03333333333333,59.13,1016.5,14.1,99.2,82.0,24.5,23.646,202.95666666666668,0.0,0
2025-12-14 14:00:00,14,7,12,17.979999999999997,59.735,1016.15,14.0,100.0,83.0,24.1,17.932666666666666,216.348,0.0,0
2025-12-14 15:00:00,15,7,12,17.99,60.25,1015.8,13.7,81.2,84.0,23.8,9.429565217391303,229.06086956521744,0.0,0
2025-12-14 16:00:00,16,7,12,17.99,60.445,1015.8,13.3,100.0,86.0,24.8,1.5956000000000004,237.86399999999995,0.0,0
2025-12-14 17:00:00,17,7,12,17.993333333333336,60.6,1015.25,12.6,100.0,88.0,27.0,-9.243333333333332,247.38666666666663,0.0,0
2025-12-14 18:00:00,18,7,12,17.94,60.84333333333333,1015.3333333333334,12.4,98.4,89.0,24.5,-20.4125,256.16,0.0,0
2025-12-14 19:00:00,19,7,12,17.8975,60.9675,1015.4,12.8,93.0,87.0,24.1,-33.18666666666667,265.8833333333333,0.0,0
2025-12-14 20:00:00,20,7,12,17.883333333333333,61.092000000000006,1014.975,12.4,76.6,86.0,25.2,-44.73333333333333,275.6166666666667,0.0,0
2025-12-14 21:00:00,21,7,12,17.78,61.18714285714286,1014.6285714285716,12.1,57.0,86.0,25.2,-56.03666666666667,288.18,0.0,0
2025-12-14 22:00:00,22,7,12,17.78,61.38,1014.7333333333332,12.0,100.0,87.0,23.4,-66.24333333333334,307.91,0.0,0
2025-12-14 23:00:00,23,7,12,17.68111111111111,61.46777777777778,1014.4333333333336,12.4,100.0,86.0,23.0,-72.84333333333333,223.91,0.0,0
2025-12-15 00:00:00,0,1,12,17.677142857142858,61.43666666666666,1013.6,12.2,100.0,89.0,24.1,-71.42666666666668,29.883333333333336,0.0,0
2025-12-15 01:00:00,1,1,12,17.55,61.594,1013.28,11.6,100.0,94.0,27.4,-63.23666666666666,59.583333333333336,0.0,0
2025-12-15 02:00:00,2,1,12,17.549999999999997,61.580000000000005,1012.55,11.7,100.0,91.0,27.0,-52.53333333333334,76.29666666666667,0.0,0
2025-12-15 03:00:00,3,1,12,17.497500000000002,61.54,1011.6,11.8,100.0,90.0,24.8,-41.09666666666667,87.67,0.0,0
2025-12-15 04:00:00,4,1,12,17.493333333333332,61.45,1011.0666666666666,12.0,100.0,89.0,23.0,-29.55666666666667,96.95,0.0,0
2025-12-15 05:00:00,5,1,12,17.485,61.423333333333325,1010.45,12.2,100.0,89.0,22.7,-17.8775,105.7975,0.0,0
2025-12-15 06:00:00,6,1,12,18.036,60.61,1010.95,12.2,97.7,90.0,19.8,-8.084444444444445,113.60777777777778,0.0,1
2025-12-15 07:00:00,7,1,12,19.57,69.53375000000001,1009.8875,12.3,100.0,94.0,17.6,2.296296296296296,122.88481481481485,1.0,1
2025-12-15 08:00:00,8,1,12,21.3925,74.07249999999999,1009.4333333333334,12.3,100.0,92.0,17.6,10.233809523809525,132.03428571428572,1.0,1
2025-12-15 09:00:00,9,1,12,21.6775,67.4175,1009.1666666666666,13.0,98.4,89.0,18.4,18.610666666666663,145.01533333333333,1.0,1
2025-12-15 10:00:00,10,1,12,21.17,62.67,1008.85,13.6,83.6,87.0,18.0,24.06533333333333,158.5746666666667,1.0,1
2025-12-15 11:00:00,11,1,12,20.59,62.27199999999999,1008.44,14.1,100.0,85.0,15.5,26.825000000000006,173.4346666666667,1.0,1
2025-12-15 12:00:00,12,1,12,20.86,61.06999999999999,1007.7666666666668,14.6,62.5,82.0,13.7,26.695333333333338,188.14066666666665,1.0,1
2025-12-15 13:00:00,13,1,12,20.875,59.9575,1006.9333333333334,14.7,68.0,82.0,6.8,23.598000000000003,202.93866666666665,1.0,1
2025-12-15 14:00:00,14,1,12,20.85,59.16666666666666,1006.8,14.8,61.7,82.0,6.5,17.887999999999998,216.32333333333327,1.0,1
2025-12-15 15:00:00,15,1,12,21.0675,60.86,1006.575,13.9,95.3,85.0,6.1,9.415652173913044,228.99782608695656,1.0,1
2025-12-15 16:00:00,16,1,12,20.94,63.0825,1006.6333333333332,12.9,87.5,89.0,7.9,1.5992000000000002,237.7872,1.0,1
2025-12-15 17:00:00,17,1,12,21.29,63.055,1006.35,12.3,31.2,93.0,7.2,-9.241111111111111,247.3188888888889,1.0,0
2025-12-15 18:00:00,18,1,12,22.14,64.07333333333332,1006.35,11.5,25.0,94.0,6.1,-20.4125,256.09250000000003,0.0,0
2025-12-15 19:00:00,19,1,12,22.385,60.48,1006.1,9.8,9.4,98.0,4.0,-33.18333333333334,265.8066666666666,0.0,1
2025-12-15 20:00:00,20,1,12,21.5,60.63333333333333,1005.9,9.5,7.8,97.0,3.2,-44.73333333333333,275.5333333333333,1.0,0
2025-12-15 21:00:00,21,1,12,20.686666666666667,60.97666666666667,1005.6,9.2,49.2,97.0,4.3,-56.04,288.07,0.0,0
2025-12-15 22:00:00,22,1,12,20.085,61.505,1005.25,9.2,61.7,97.0,6.5,-66.26,307.7666666666667,0.0,0
2025-12-15 23:00:00,23,1,12,19.684000000000005,61.41833333333333,1004.58,8.6,28.1,97.0,7.9,-72.88,223.8066666666667,0.0,0
2025-12-16 00:00:00,0,2,12,19.53333333333333,60.9125,1003.8,8.5,23.4,96.0,6.8,-71.46666666666667,29.94333333333333,0.0,0
2025-12-16 01:00:00,1,2,12,19.37333333333333,60.60333333333333,1003.3,8.3,100.0,95.0,7.6,-63.27,59.66,0.0,0
2025-12-16 02:00:00,2,2,12,19.215,60.45,1002.95,8.2,100.0,96.0,6.8,-52.556666666666665,76.36,0.0,0
2025-12-16 03:00:00,3,2,12,19.02,60.34666666666666,1002.325,7.9,100.0,95.0,7.9,-41.126666666666665,87.72333333333334,0.0,0
2025-12-16 04:00:00,4,2,12,18.925,59.17,1002.45,7.8,93.7,95.0,5.8,-29.58,96.99666666666668,0.0,0
2025-12-16 05:00:00,5,2,12,18.9775,58.06999999999999,1002.2,7.4,77.3,94.0,5.8,-17.8825,105.8525,0.0,0
2025-12-16 06:00:00,6,2,12,19.57,55.955,1002.425,7.6,51.6,95.0,7.9,-8.084444444444445,113.6677777777778,0.0,1
2025-12-16 07:00:00,7,2,12,20.8525,62.540000000000006,1002.7,8.5,97.7,95.0,10.1,2.2944444444444443,122.94703703703702,1.0,0
2025-12-16 08:00:00,8,2,12,22.2925,66.19,1003.0666666666668,9.4,96.9,94.0,10.4,9.996,131.783,0.0,0
2025-12-16 09:00:00,9,2,12,21.99333333333333,59.46333333333334,1003.55,10.4,100.0,93.0,13.0,18.15533333333333,144.246,0.0,1
2025-12-16 10:00:00,10,2,12,21.66,61.64,1003.7,10.8,100.0,93.0,16.2,23.75466666666667,157.69733333333332,1.0,1
2025-12-16 11:00:00,11,2,12,21.652500000000003,60.157500000000006,1003.0666666666666,11.9,100.0,92.0,21.2,26.722,172.54866666666666,1.0,1
2025-12-16 12:00:00,12,2,12,21.436666666666667,59.41333333333333,1002.45,12.8,100.0,89.0,20.2,26.651333333333334,188.1353333333333,1.0,1
2025-12-16 13:00:00,13,2,12,20.585,59.807500000000005,1002.525,12.5,100.0,95.0,16.6,23.556,202.922,1.0,1
2025-12-16 14:00:00,14,2,12,19.97,60.78333333333333,1002.9,12.4,100.0,93.0,15.8,17.850666666666665,216.2993333333333,1.0,1
2025-12-16 15:00:00,15,2,12,20.23,63.52,1003.45,12.4,100.0,94.0,19.4,9.404782608695651,228.9434782608696,1.0,1
2025-12-16 16:00:00,16,2,12,20.62,64.29750000000001,1004.1333333333332,12.5,100.0,94.0,20.9,1.6044000000000005,237.7212,1.0,1
2025-12-16 17:00:00,17,2,12,20.543333333333333,64.30666666666666,1004.7333333333336,12.3,100.0,92.0,25.2,-9.241111111111111,247.26222222222225,1.0,1
2025-12-16 18:00:00,18,2,12,20.912,65.174,1005.5,12.2,100.0,94.0,22.3,-20.4125,256.035,1.0,1
2025-12-16 19:00:00,19,2,12,20.37,61.49,1006.425,11.8,100.0,92.0,22.0,-33.18333333333334,265.74666666666667,1.0,1
2025-12-16 20:00:00,20,2,12,19.78333333333333,61.76,1007.1,11.7,100.0,89.0,22.7,-44.73333333333334,275.46333333333337,1.0,0
2025-12-16 21:00:00,21,2,12,19.1,62.11600000000001,1007.78,11.8,100.0,90.0,24.8,-56.03666666666667,287.98,0.0,0
2025-12-16 22:00:00,22,2,12,18.9525,62.17,1008.2333333333332,11.9,100.0,91.0,25.6,-66.27,307.64,0.0,0
2025-12-16 23:00:00,23,2,12,18.96,61.88999999999999,1008.9666666666668,12.2,100.0,92.0,18.7,-72.91333333333334,223.71333333333337,0.0,0
2025-12-17 00:00:00,0,3,12,18.896666666666665,61.745000000000005,1009.4,11.9,100.0,94.0,17.3,-71.50333333333333,30.00333333333333,0.0,0
2025-12-17 01:00:00,1,3,12,18.78,61.79,1009.9,11.7,98.4,94.0,14.0,-63.29333333333333,59.72666666666667,0.0,0
2025-12-17 02:00:00,2,3,12,18.626666666666665,62.04666666666666,1010.4333333333332,11.8,98.4,94.0,14.8,-52.580000000000005,76.41333333333334,0.0,0
2025-12-17 03:00:00,3,3,12,18.365,62.755,1010.85,12.1,100.0,94.0,14.8,-41.14333333333334,87.77,0.0,0
2025-12-17 04:00:00,4,3,12,18.2575,62.8975,1011.25,12.0,98.4,94.0,18.4,-29.6,97.03666666666668,0.0,0
2025-12-17 05:00:00,5,3,12,18.28,62.673333333333325,1011.8666666666668,12.2,89.8,94.0,22.7,-17.889999999999997,105.9,0.0,0
2025-12-17 06:00:00,6,3,12,18.71,62.2575,1012.74,12.2,100.0,92.0,23.8,-8.085555555555556,113.71222222222222,0.0,1
2025-12-17 07:00:00,7,3,12,19.862,63.626,1013.76,12.4,99.2,91.0,23.8,2.1361538461538454,122.8307692307692,1.0,1
2025-12-17 08:00:00,8,3,12,20.9375,65.435,1014.675,12.5,100.0,91.0,24.1,9.826363636363636,131.6286363636364,1.0,1
2025-12-17 09:00:00,9,3,12,21.5225,68.846,1015.62,12.8,100.0,90.0,28.4,18.144,144.306,1.0,1
2025-12-17 10:00:00,10,3,12,20.9775,66.19,1016.3,13.5,96.9,86.0,29.9,23.734,157.75733333333332,1.0,1
2025-12-17 11:00:00,11,3,12,20.755000000000003,67.645,1016.05,13.8,85.2,84.0,28.1,26.691333333333333,172.59933333333336,1.0,1
2025-12-17 12:00:00,12,3,12,20.42,66.05666666666667,1015.7999999999998,14.3,97.7,83.0,25.9,26.616666666666667,188.1293333333333,1.0,1
2025-12-17 13:00:00,13,3,12,19.51,63.745000000000005,1015.55,14.1,98.4,86.0,21.6,23.524,202.90866666666668,1.0,1
2025-12-17 14:00:00,14,3,12,19.22,64.07,1015.86,13.8,66.4,88.0,19.1,17.820666666666668,216.2793333333333,1.0,1
2025-12-17 15:00:00,15,3,12,19.883333333333336,66.56,1016.5,14.1,67.2,86.0,19.1,9.398260869565217,228.9008695652174,1.0,1
2025-12-17 16:00:00,16,3,12,20.53,67.4725,1017.1666666666666,13.7,28.9,89.0,18.0,1.538076923076924,237.74769230769223,1.0,1
2025-12-17 17:00:00,17,3,12,20.585,66.755,1017.8,13.0,18.0,90.0,15.5,-9.24,247.21666666666664,1.0,1
2025-12-17 18:00:00,18,3,12,21.22,67.4525,1018.2,12.6,53.1,91.0,15.8,-20.4125,255.9925,1.0,1
2025-12-17 19:00:00,19,3,12,21.355,67.975,1018.5,12.2,48.4,90.0,15.1,-33.18,265.6966666666667,1.0,1
2025-12-17 20:00:00,20,3,12,20.6025,65.77000000000001,1018.9,12.0,52.3,90.0,16.2,-44.73333333333334,275.40000000000003,1.0,0
2025-12-17 21:00:00,21,3,12,19.97666666666667,65.85666666666667,1019.55,11.4,47.7,91.0,13.7,-56.03666666666667,287.9066666666667,0.0,0
2025-12-17 22:00:00,22,3,12,19.633333333333333,65.42333333333333,1019.75,10.8,30.5,93.0,11.9,-66.27666666666667,307.54,0.0,0
2025-12-17 23:00:00,23,3,12,19.305,64.78999999999999,1019.7,10.0,83.6,95.0,8.3,-72.93666666666668,223.64,0.0,0
2025-12-18 00:00:00,0,4,12,19.235,64.2475,1019.6666666666666,9.5,38.3,95.0,8.6,-71.53333333333333,30.040000000000003,0.0,0
2025-12-18 01:00:00,1,4,12,18.92333333333333,64.38,1020.3666666666668,9.1,43.0,97.0,9.7,-63.31999999999999,59.77666666666667,0.0,0
2025-12-18 02:00:00,2,4,12,18.756666666666664,64.185,1020.5,8.8,50.0,96.0,12.2,-52.6,76.45666666666666,0.0,0
2025-12-18 03:00:00,3,4,12,18.86,63.34,1020.3,8.3,17.2,96.0,10.8,-41.16,87.8,0.0,0
2025-12-18 04:00:00,4,4,12,18.665,63.31,1020.0,8.0,28.1,95.0,9.7,-29.616666666666664,97.06333333333332,0.0,0
2025-12-18 05:00:00,5,4,12,18.59,62.42,1020.35,7.6,86.7,95.0,8.6,-17.895,105.9375,0.0,0
2025-12-18 06:00:00,6,4,12,19.1,60.695,1020.6,7.3,58.6,95.0,7.9,-8.085555555555556,113.75333333333332,0.0,1
2025-12-18 07:00:00,7,4,12,19.862,60.912,1020.3333333333334,7.8,17.2,92.0,9.0,2.133076923076924,122.87,1.0,1
2025-12-18 08:00:00,8,4,12,21.3225,60.002500000000005,1020.2,8.2,14.1,91.0,9.7,9.820454545454544,131.67090909090908,1.0,0
2025-12-18 09:00:00,9,4,12,22.016666666666666,58.21333333333334,1020.5,10.3,15.6,88.0,10.1,18.13733333333333,144.35466666666665,0.0,1
2025-12-18 10:00:00,10,4,12,21.39,56.542,1020.42,12.7,10.2,82.0,7.6,23.718666666666664,157.8046666666667,1.0,1
2025-12-18 11:00:00,11,4,12,21.813333333333333,57.43666666666667,1019.6333333333332,14.4,0.8,76.0,4.7,26.66733333333333,172.64133333333334,1.0,1
2025-12-18 12:00:00,12,4,12,21.2825,57.375,1019.0,15.3,6.2,70.0,5.8,26.588666666666665,188.12266666666667,1.0,1
2025-12-18 13:00:00,13,4,12,20.6275,57.120000000000005,1018.175,15.7,3.9,68.0,5.8,23.495999999999995,202.8973333333333,1.0,1
2025-12-18 14:00:00,14,4,12,19.91333333333333,57.32333333333333,1017.75,16.0,3.9,68.0,5.0,17.79733333333333,216.264,1.0,1
2025-12-18 15:00:00,15,4,12,20.465,58.955,1017.65,15.9,6.2,68.0,6.1,9.358181818181816,228.90090909090907,1.0,1
2025-12-18 16:00:00,16,4,12,20.915,58.425,1017.65,14.8,5.5,79.0,6.8,1.5434615384615389,237.705,1.0,1
2025-12-18 17:00:00,17,4,12,20.880000000000003,60.46,1017.9,13.0,3.1,85.0,5.4,-8.528749999999999,246.60875,1.0,1
2025-12-18 18:00:00,18,4,12,21.3025,59.99399999999999,1018.06,12.3,0.0,88.0,9.0,-19.312,255.116,1.0,1
2025-12-18 19:00:00,19,4,12,21.38,59.41,1018.6,12.0,0.0,88.0,7.6,-33.17333333333334,265.6566666666667,1.0,1
2025-12-18 20:00:00,20,4,12,20.542,59.35,1018.625,11.2,0.0,90.0,4.3,-44.723333333333336,275.3566666666666,1.0,0
2025-12-18 21:00:00,21,4,12,19.665,59.805,1018.5,10.0,0.0,94.0,8.6,-56.03666666666666,287.8433333333333,0.0,0
2025-12-18 22:00:00,22,4,12,19.54,59.435,1018.3,9.4,0.0,93.0,9.7,-66.28333333333335,307.4633333333333,0.0,0
2025-12-18 23:00:00,23,4,12,19.1775,58.7175,1017.6666666666666,9.2,0.0,91.0,7.6,-72.95666666666666,223.58,0.0,0
2025-12-19 00:00:00,0,5,12,18.925,58.35,1017.1,8.5,0.0,90.0,5.0,-71.55666666666667,30.076666666666668,0.0,0
2025-12-19 01:00:00,1,5,12,18.745,58.32,1017.1,8.3,0.0,91.0,6.5,-63.333333333333336,59.81666666666666,0.0,0
2025-12-19 02:00:00,2,5,12,18.685,57.27,1016.95,7.7,0.0,91.0,6.5,-52.61000000000001,76.49000000000001,0.0,0
2025-12-19 03:00:00,3,5,12,18.710000000000004,56.70000000000001,1016.8,7.3,0.0,91.0,6.5,-41.17000000000001,87.83,0.0,0
2025-12-19 04:00:00,4,5,12,18.445,56.23,1016.35,7.1,2.3,90.0,7.2,-29.63,97.08666666666666,0.0,0
2025-12-19 05:00:00,5,5,12,18.35,54.424,1016.425,6.7,0.0,90.0,7.2,-17.897499999999997,105.965,0.0,0
2025-12-19 06:00:00,6,5,12,18.34,53.43,1016.425,6.9,0.0,88.0,8.3,-8.085555555555555,113.78222222222222,0.0,1
2025-12-19 07:00:00,7,5,12,18.565,56.425,1016.5,6.9,0.0,89.0,7.2,2.131923076923077,122.90038461538462,1.0,1
2025-12-19 08:00:00,8,5,12,19.24,57.136,1016.325,7.3,2.3,87.0,10.4,9.82,131.7031818181818,1.0,1
2025-12-19 09:00:00,9,5,12,19.0,55.525000000000006,1016.575,9.4,23.4,84.0,9.4,18.13133333333333,144.39266666666666,1.0,1
2025-12-19 10:00:00,10,5,12,18.855,55.375,1016.2,12.1,41.4,79.0,5.8,23.708,157.83933333333337,1.0,1
2025-12-19 11:00:00,11,5,12,18.6475,55.8375,1015.58,13.9,100.0,73.0,4.7,26.64933333333333,172.67066666666668,1.0,1
2025-12-19 12:00:00,12,5,12,18.69,55.95333333333334,1014.7,15.0,100.0,71.0,5.8,26.568,188.124,1.0,1
2025-12-19 13:00:00,13,5,12,18.73,56.572500000000005,1014.15,15.3,100.0,69.0,7.9,23.476000000000003,202.892,1.0,1
2025-12-19 14:00:00,14,5,12,18.765,56.985,1013.5,15.2,100.0,71.0,7.2,17.779333333333334,216.256,1.0,1
2025-12-19 15:00:00,15,5,12,18.805,57.56999999999999,1013.65,15.1,100.0,74.0,6.1,9.351363636363637,228.87727272727275,1.0,1
2025-12-19 16:00:00,16,5,12,18.856666666666666,58.303333333333335,1013.9333333333334,14.2,100.0,82.0,5.8,1.7695999999999998,237.47,1.0,1
2025-12-19 17:00:00,17,5,12,18.86,59.16,1014.2,12.8,100.0,85.0,5.0,-8.035555555555556,246.16666666666663,1.0,1
2025-12-19 18:00:00,18,5,12,18.795,59.33,1014.35,12.3,100.0,87.0,5.0,-19.312,255.09,1.0,1
2025-12-19 19:00:00,19,5,12,19.17,58.455,1014.65,11.9,100.0,88.0,5.8,-33.17333333333333,265.6333333333334,1.0,1
2025-12-19 20:00:00,20,5,12,18.84,58.685,1014.4,11.3,100.0,91.0,6.1,-44.723333333333336,275.3233333333333,1.0,0
2025-12-19 21:00:00,21,5,12,18.605,58.855,1014.1,10.8,100.0,93.0,6.1,-56.03666666666666,287.8066666666667,0.0,0
2025-12-19 22:00:00,22,5,12,18.39,59.10333333333333,1013.8,10.4,100.0,94.0,5.8,-66.28333333333335,307.41,0.0,0
2025-12-19 23:00:00,23,5,12,18.36,58.96,1013.4,10.0,100.0,94.0,5.8,-72.97000000000001,223.5333333333333,0.0,0
2025-12-20 00:00:00,0,6,12,18.3475,58.8325,1012.7666666666668,9.9,100.0,94.0,7.2,-71.57,30.090000000000003,0.0,0
2025-12-20 01:00:00,1,6,12,18.29,58.735,1012.3,9.6,100.0,94.0,7.2,-63.34666666666666,59.84,0.0,0
2025-12-20 02:00:00,2,6,12,18.18,58.59,1011.8,9.5,100.0,93.0,9.0,-52.620000000000005,76.51,0.0,0
2025-12-20 03:00:00,3,6,12,18.0,58.6375,1011.3,9.7,100.0,91.0,6.5,-41.18,87.84666666666668,0.0,0
2025-12-20 04:00:00,4,6,12,17.9,58.375,1011.0,9.6,97.7,91.0,6.5,-29.64,97.1,0.0,0
2025-12-20 05:00:00,5,6,12,17.895,57.88,1010.65,8.7,25.8,92.0,7.9,-17.9,105.9775,0.0,0
2025-12-20 06:00:00,6,6,12,17.755000000000003,57.83,1010.85,8.0,37.5,91.0,8.6,-8.085555555555556,113.80222222222224,0.0,0
2025-12-20 07:00:00,7,6,12,17.62,57.35,1011.0,8.3,96.9,90.0,8.3,1.972,122.75,0.0,0
2025-12-20 08:00:00,8,6,12,17.352500000000003,57.197500000000005,1011.0,8.9,83.6,89.0,7.2,9.656521739130437,131.52478260869563,0.0,0
2025-12-20 09:00:00,9,6,12,17.366666666666667,56.77333333333333,1011.3,10.4,93.0,87.0,7.2,18.128666666666668,144.41466666666665,0.0,0
2025-12-20 10:00:00,10,6,12,17.26,56.883333333333326,1011.2,12.2,95.3,83.0,6.5,23.700666666666667,157.8613333333333,0.0,0
2025-12-20 11:00:00,11,6,12,17.256666666666664,57.06166666666667,1010.1833333333334,14.1,35.2,74.0,4.7,26.638,172.69,0.0,0
2025-12-20 12:00:00,12,6,12,17.34,56.6825,1008.9666666666668,15.4,65.6,68.0,4.0,26.556,188.118,0.0,0
2025-12-20 13:00:00,13,6,12,17.4575,56.538,1008.25,16.1,96.9,64.0,4.7,23.466,202.884,0.0,0
2025-12-20 14:00:00,14,6,12,17.4575,56.538,1008.25,15.9,100.0,65.0,9.4,17.771333333333335,216.24733333333336,0.0,0
2025-12-20 15:00:00,15,6,12,17.543333333333333,56.52,1007.7,15.3,100.0,69.0,10.1,9.350454545454546,228.86090909090908,0.0,0
2025-12-20 16:00:00,16,6,12,17.46,56.9,1007.7,14.3,98.4,77.0,9.4,1.7732000000000006,237.45,0.0,0
2025-12-20 17:00:00,17,6,12,17.545,56.92,1007.4,12.8,85.9,81.0,10.4,-8.035555555555554,246.1533333333333,0.0,0
2025-12-20 18:00:00,18,6,12,17.545,57.26,1007.3,12.5,100.0,83.0,12.6,-19.314,255.08,0.0,0
2025-12-20 19:00:00,19,6,12,17.585,57.43,1007.1,11.8,27.3,84.0,9.7,-33.17333333333334,265.61333333333334,0.0,0
2025-12-20 20:00:00,20,6,12,17.564999999999998,57.53333333333333,1007.2,11.1,49.2,86.0,10.1,-44.72333333333333,275.3033333333333,0.0,0
2025-12-20 21:00:00,21,6,12,17.28,58.58,1007.1,10.2,100.0,89.0,12.2,-56.03666666666667,287.7866666666667,0.0,0
2025-12-20 22:00:00,22,6,12,17.23,58.805,1006.9,10.2,100.0,85.0,13.0,-66.28666666666666,307.38,0.0,0
2025-12-20 23:00:00,23,6,12,17.223333333333333,58.72333333333333,1006.4333333333334,11.6,100.0,74.0,17.3,-72.97333333333334,223.51666666666665,0.0,0
2025-12-21 00:00:00,0,7,12,16.793333333333333,58.125,1005.9333333333334,11.8,94.5,72.0,18.7,-71.57666666666667,30.10666666666667,0.0,0
2025-12-21 01:00:00,1,7,12,16.66,57.73,1005.9333333333334,10.8,3.1,73.0,19.4,-63.35333333333333,59.85666666666666,0.0,0
2025-12-21 02:00:00,2,7,12,16.49,56.81333333333333,1005.3666666666668,10.3,10.2,73.0,17.6,-52.623333333333335,76.52,0.0,0
2025-12-21 03:00:00,3,7,12,16.483333333333334,55.84333333333333,1004.85,9.8,38.3,72.0,18.7,-41.18666666666666,87.85666666666667,0.0,0
2025-12-21 04:00:00,4,7,12,16.525,55.325,1004.25,9.6,57.8,70.0,18.4,-29.646666666666665,97.10666666666668,0.0,0
2025-12-21 05:00:00,5,7,12,16.48,55.14,1003.8,9.1,85.9,72.0,19.4,-17.9025,105.9875,0.0,0
2025-12-21 06:00:00,6,7,12,16.245,54.33,1003.5,8.5,87.5,74.0,19.8,-8.085555555555556,113.81222222222222,0.0,0
2025-12-21 07:00:00,7,7,12,16.212,53.618,1002.86,8.4,99.2,76.0,17.6,1.9744,122.7612,0.0,0
2025-12-21 08:00:00,8,7,12,16.435000000000002,53.43666666666667,1003.0,8.8,100.0,77.0,15.1,9.656521739130437,131.53565217391304,0.0,0
2025-12-21 09:00:00,9,7,12,16.5275,53.307500000000005,1002.9,9.4,100.0,78.0,12.2,18.128666666666668,144.42533333333333,0.0,0
2025-12-21 10:00:00,10,7,12,16.592000000000002,53.333333333333336,1002.25,9.8,100.0,80.0,12.2,23.698,157.87333333333336,0.0,0
2025-12-21 11:00:00,11,7,12,16.495,53.61,1001.28,10.1,93.0,80.0,13.7,26.632666666666672,172.69933333333333,0.0,0
2025-12-21 12:00:00,12,7,12,16.281818181818185,52.27454545454545,1000.825,13.2,69.5,68.0,13.0,26.51142857142857,188.118,0.0,0
2025-12-21 13:00:00,13,7,12,16.187,50.67076923076922,1000.5857142857142,14.5,100.0,65.0,16.2,23.464,202.884,0.0,0
2025-12-21 14:00:00,14,7,12,15.995714285714286,48.275000000000006,1000.4,14.7,99.2,55.0,20.2,17.766000000000005,216.2466666666667,0.0,0
2025-12-21 15:00:00,15,7,12,15.927142857142858,47.74999999999999,1000.55,13.9,100.0,59.0,23.0,9.513809523809524,228.6561904761905,0.0,0
2025-12-21 16:00:00,16,7,12,15.826666666666668,47.900000000000006,1000.4,12.9,100.0,62.0,19.8,1.9311538461538464,237.2776923076923,0.0,0
2025-12-21 17:00:00,17,7,12,15.845,48.425,1000.225,12.0,100.0,64.0,16.9,-8.035555555555554,246.15,0.0,0
2025-12-21 18:00:00,18,7,12,15.853333333333332,48.98666666666666,999.9333333333334,11.3,100.0,65.0,18.4,-19.314,255.076,0.0,0
2025-12-21 19:00:00,19,7,12,16.04,49.78,1000.125,10.2,100.0,66.0,18.0,-33.17333333333334,265.61333333333334,0.0,0
2025-12-21 20:00:00,20,7,12,16.1525,50.2025,1000.275,10.0,100.0,67.0,18.7,-44.723333333333336,275.30333333333334,0.0,0
2025-12-21 21:00:00,21,7,12,16.0625,50.7825,999.775,9.6,100.0,70.0,16.9,-56.03666666666666,287.77666666666664,0.0,0
2025-12-21 22:00:00,22,7,12,16.066000000000003,50.59714285714285,999.842857142857,9.1,100.0,70.0,18.7,-66.28666666666668,307.37333333333333,0.0,0
2025-12-21 23:00:00,23,7,12,15.748333333333337,50.1,999.5,8.7,100.0,73.0,18.0,-72.485,335.155,0.0,0
2025-12-22 00:00:00,0,1,12,15.672,49.104,999.0,8.3,99.2,74.0,16.2,-73.06,15.86,0.0,0
2025-12-22 01:00:00,1,1,12,15.393333333333336,47.68333333333334,999.4166666666666,8.2,100.0,69.0,18.7,-66.53,51.92666666666667,0.0,0
2025-12-22 02:00:00,2,1,12,15.236666666666666,46.29857142857143,999.785714285714,7.6,100.0,67.0,21.6,-56.333333333333336,71.81666666666666,0.0,0
2025-12-22 03:00:00,3,1,12,15.065,45.486,1000.2,6.9,100.0,67.0,23.0,-45.03333333333333,84.41000000000001,0.0,0
2025-12-22 04:00:00,4,1,12,14.995,45.4125,1000.625,6.6,76.6,65.0,23.0,-33.483333333333334,94.14666666666666,0.0,0
2025-12-22 05:00:00,5,1,12,15.3125,44.8825,1000.525,5.7,0.0,66.0,22.7,-19.486,104.78799999999998,0.0,0
2025-12-22 06:00:00,6,1,12,15.32,44.71,1001.125,5.4,0.0,65.0,22.0,-8.61,113.37125,0.0,1
2025-12-22 07:00:00,7,1,12,16.466250000000002,44.26500000000001,1001.9,5.9,18.7,63.0,20.9,1.746923076923077,122.54923076923076,1.0,1
2025-12-22 08:00:00,8,1,12,18.678571428571427,43.370000000000005,1002.66,6.1,26.6,63.0,23.8,9.656521739130437,131.5313043478261,1.0,1
2025-12-22 09:00:00,9,1,12,19.766666666666666,41.59666666666666,1003.15,7.5,0.8,58.0,22.3,18.12866666666667,144.4226666666667,1.0,1
2025-12-22 10:00:00,10,1,12,20.17,37.95333333333333,1003.3333333333334,9.0,0.0,58.0,21.6,23.698666666666668,157.86866666666668,1.0,1
2025-12-22 11:00:00,11,1,12,19.818,34.70399999999999,1002.6666666666666,10.2,0.8,55.0,23.8,26.60214285714285,172.1807142857143,1.0,1
2025-12-22 12:00:00,12,1,12,17.906875,36.028,1002.435,11.6,0.0,47.0,23.0,26.65666666666667,187.10333333333327,1.0,1
2025-12-22 13:00:00,13,1,12,17.8147619047619,34.807826086956524,1002.018181818182,12.4,19.5,44.0,22.0,23.758,201.938,1.0,1
2025-12-22 14:00:00,14,1,12,17.77142857142857,34.626,1002.0714285714286,12.6,1.6,42.0,24.1,18.21933333333333,215.40866666666668,1.0,1
2025-12-22 15:00:00,15,1,12,17.389999999999997,35.85916666666667,1002.4833333333336,12.4,7.8,44.0,23.8,9.739090909090908,228.35772727272723,1.0,1
2025-12-22 16:00:00,16,1,12,17.89,37.785,1003.2999999999998,11.3,15.6,48.0,24.5,1.9311538461538469,237.28461538461536,1.0,1
2025-12-22 17:00:00,17,1,12,17.176,37.5,1004.15,10.1,1.6,50.0,24.1,-8.035555555555556,246.15444444444444,1.0,1
2025-12-22 18:00:00,18,1,12,17.244999999999997,37.45,1004.7,9.4,0.8,51.0,26.3,-19.314,255.08,1.0,1
2025-12-22 19:00:00,19,1,12,16.849999999999998,36.0625,1004.9333333333334,8.4,0.8,55.0,28.4,-33.17333333333333,265.62333333333333,1.0,1
2025-12-22 20:00:00,20,1,12,16.433333333333334,36.17,1005.35,8.1,0.8,56.0,24.5,-44.72333333333333,275.31333333333333,1.0,0
2025-12-22 21:00:00,21,1,12,15.825,36.555,1005.1,7.9,21.1,57.0,23.0,-56.03666666666667,287.7933333333333,0.0,0
2025-12-22 22:00:00,22,1,12,15.590000000000002,37.046,1004.84,7.9,7.8,57.0,23.4,-66.28333333333333,307.39,0.0,0
2025-12-22 23:00:00,23,1,12,15.476666666666668,38.06,1004.6,7.9,41.4,59.0,24.1,-72.485,335.17999999999995,0.0,0
2025-12-23 00:00:00,0,2,12,15.465,38.99,1004.35,8.0,21.9,61.0,23.4,-73.05666666666667,15.843333333333334,0.0,0
2025-12-23 01:00:00,1,2,12,15.255,40.055,1004.05,7.9,50.8,63.0,25.2,-66.53000000000002,51.91,0.0,0
2025-12-23 02:00:00,2,2,12,15.19,40.845,1003.85,7.9,14.8,63.0,23.8,-56.330000000000005,71.80333333333334,0.0,0
2025-12-23 03:00:00,3,2,12,15.055,41.275,1003.5,7.6,4.7,63.0,23.4,-45.03,84.39666666666666,0.0,0
2025-12-23 04:00:00,4,2,12,14.920000000000002,41.5725,1002.9333333333334,7.2,9.4,63.0,23.0,-33.48333333333333,94.13666666666668,0.0,0
2025-12-23 05:00:00,5,2,12,14.78,41.655,1002.9,7.0,26.6,63.0,22.7,-19.486,104.778,0.0,0
2025-12-23 06:00:00,6,2,12,15.715,40.5275,1002.9666666666666,7.0,16.4,62.0,22.0,-8.60875,113.36,0.0,1
2025-12-23 07:00:00,7,2,12,15.665,40.2,1002.7666666666668,7.9,48.4,61.0,23.8,1.7492307692307694,122.5369230769231,1.0,1
2025-12-23 08:00:00,8,2,12,14.926666666666668,41.193333333333335,1003.05,8.1,20.3,60.0,24.1,9.444545454545455,131.23090909090908,1.0,1
2025-12-23 09:00:00,9,2,12,14.845,41.63,1003.2,9.0,37.5,59.0,23.0,17.68,143.56866666666667,1.0,1
2025-12-23 10:00:00,10,2,12,14.973333333333334,40.50750000000001,1002.575,10.4,50.0,59.0,21.2,23.41,156.90933333333334,1.0,1
2025-12-23 11:00:00,11,2,12,15.0375,39.96941176470588,1001.64375,11.7,51.6,57.0,20.5,26.54133333333333,171.66333333333336,1.0,1
2025-12-23 12:00:00,12,2,12,15.20818181818182,39.74333333333333,1000.3333333333334,13.0,82.8,52.0,22.0,26.668,187.10666666666663,1.0,1
2025-12-23 13:00:00,13,2,12,15.435000000000002,39.71545454545455,999.8545454545456,13.9,24.2,47.0,23.8,23.768,201.944,1.0,1
2025-12-23 14:00:00,14,2,12,15.631666666666668,39.628,999.51,14.0,99.2,48.0,23.4,18.22866666666668,215.41666666666669,1.0,1
2025-12-23 15:00:00,15,2,12,15.64,40.09,999.7,13.4,93.7,51.0,22.0,9.742272727272727,228.37318181818185,1.0,1
2025-12-23 16:00:00,16,2,12,15.536666666666669,40.95,1000.1,12.6,87.5,52.0,22.0,1.9288461538461537,237.3042307692308,1.0,1
2025-12-23 17:00:00,17,2,12,15.28,41.795,1000.45,11.6,57.0,53.0,21.6,-8.035555555555554,246.1722222222222,1.0,1
2025-12-23 18:00:00,18,2,12,15.09,42.365,1000.75,10.8,14.8,55.0,21.6,-19.314,255.1,1.0,1
2025-12-23 19:00:00,19,2,12,15.033333333333331,42.62,1001.15,10.7,12.5,56.0,21.6,-33.17333333333334,265.63666666666666,1.0,1
2025-12-23 20:00:00,20,2,12,14.993333333333332,43.04666666666666,1001.7333333333336,9.8,11.7,59.0,20.9,-44.723333333333336,275.3333333333333,1.0,0
2025-12-23 21:00:00,21,2,12,14.97,43.24,1001.7333333333336,9.1,7.0,62.0,19.4,-56.03666666666666,287.82,0.0,0
2025-12-23 22:00:00,22,2,12,14.986666666666666,43.6075,1002.325,8.6,70.3,65.0,16.6,-66.28333333333335,307.43,0.0,0
2025-12-23 23:00:00,23,2,12,14.986666666666666,43.62,1002.325,8.2,51.6,68.0,13.7,-72.47,335.225,0.0,0
2025-12-24 00:00:00,0,3,12,14.806666666666668,44.150000000000006,1002.95,7.7,68.7,72.0,12.2,-73.04,15.839999999999998,0.0,0
2025-12-24 01:00:00,1,3,12,14.77,44.6,1002.95,9.0,100.0,73.0,13.0,-66.51333333333334,51.88333333333333,0.0,0
2025-12-24 02:00:00,2,3,12,14.823333333333332,44.72666666666667,1003.0333333333332,8.3,98.4,79.0,9.0,-56.32,71.78,0.0,0
2025-12-24 03:00:00,3,3,12,14.71,45.51,1002.9,8.0,96.9,79.0,9.4,-45.02333333333333,84.38333333333334,0.0,0
2025-12-24 04:00:00,4,3,12,14.756666666666668,45.84666666666666,1002.8,7.8,86.7,77.0,9.4,-33.47333333333333,94.12,0.0,0
2025-12-24 05:00:00,5,3,12,14.775,46.15,1003.2,7.5,38.3,78.0,10.1,-19.482,104.762,0.0,0
2025-12-24 06:00:00,6,3,12,14.753333333333336,46.45666666666667,1003.6,7.0,21.1,82.0,10.4,-8.6075,113.3375,0.0,1
2025-12-24 07:00:00,7,3,12,14.62,46.705,1004.0,7.1,45.3,82.0,10.1,1.5872,122.34240000000004,1.0,1
2025-12-24 08:00:00,8,3,12,14.286666666666669,47.55,1004.4,7.1,57.0,81.0,11.5,9.28608695652174,131.01217391304343,1.0,1
2025-12-24 09:00:00,9,3,12,14.12,48.303333333333335,1004.9,8.6,41.4,77.0,10.8,17.684666666666665,143.54066666666668,1.0,1
2025-12-24 10:00:00,10,3,12,14.12,49.18,1004.7,10.7,45.3,74.0,11.2,23.421333333333333,156.882,1.0,1
2025-12-24 11:00:00,11,3,12,14.272,48.92999999999999,1003.82,12.7,100.0,62.0,10.1,26.556,171.636,1.0,1
2025-12-24 12:00:00,12,3,12,14.55,47.95,1002.95,13.5,99.2,55.0,8.3,26.616153846153846,187.10333333333327,1.0,1
2025-12-24 13:00:00,13,3,12,14.635000000000002,47.42666666666667,1002.1333333333332,14.2,7.0,51.0,7.2,23.788,201.948,1.0,1
2025-12-24 14:00:00,14,3,12,14.756666666666666,47.11333333333334,1001.55,14.3,0.8,51.0,7.6,18.24533333333333,215.424,1.0,1
2025-12-24 15:00:00,15,3,12,14.795,47.005,1001.35,14.0,6.2,53.0,9.0,9.918571428571427,228.18761904761905,1.0,1
2025-12-24 16:00:00,16,3,12,14.88,47.27,1001.35,12.9,1.6,62.0,9.7,2.084444444444444,237.1655555555556,1.0,1
2025-12-24 17:00:00,17,3,12,14.89,47.54,1001.65,11.2,0.0,68.0,10.8,-8.035555555555554,246.1988888888889,1.0,1
2025-12-24 18:00:00,18,3,12,14.81,47.975,1001.85,10.4,9.4,71.0,11.5,-19.314,255.12600000000003,1.0,1
2025-12-24 19:00:00,19,3,12,14.71,48.48,1001.9666666666668,9.6,18.0,75.0,11.2,-33.17666666666667,265.67,1.0,1
2025-12-24 20:00:00,20,3,12,14.72,48.8,1002.1,8.6,21.9,78.0,9.7,-44.72333333333333,275.37666666666667,1.0,0
2025-12-24 21:00:00,21,3,12,14.726666666666668,49.19,1002.5,7.7,39.8,80.0,9.4,-56.03666666666666,287.87000000000006,0.0,0
2025-12-24 22:00:00,22,3,12,14.7,49.2,1002.9,7.0,34.4,82.0,7.6,-66.27666666666666,307.5,0.0,0
2025-12-24 23:00:00,23,3,12,14.61,49.56999999999999,1003.0,6.4,49.2,85.0,8.3,-72.46000000000001,335.295,0.0,0
2025-12-25 00:00:00,0,4,12,14.645,49.845,1002.65,6.1,17.2,86.0,9.7,-73.01666666666667,15.826666666666668,0.0,0
2025-12-25 01:00:00,1,4,12,14.46,49.91,1002.9333333333334,7.3,16.4,84.0,7.6,-66.49666666666667,51.85,0.0,0
2025-12-25 02:00:00,2,4,12,14.48,49.83,1003.35,6.1,60.9,87.0,6.5,-56.30333333333334,71.74666666666667,0.0,0
2025-12-25 03:00:00,3,4,12,14.555,49.775,1003.2,6.1,82.0,86.0,8.3,-45.00666666666667,84.35333333333334,0.0,0
2025-12-25 04:00:00,4,4,12,14.456666666666669,49.903333333333336,1002.9666666666668,7.1,28.9,82.0,14.0,-33.45666666666667,94.09666666666664,0.0,0
2025-12-25 05:00:00,5,4,12,14.415000000000004,50.02625,1003.8375,7.4,57.0,83.0,17.6,-19.474,104.734,0.0,0
2025-12-25 06:00:00,6,4,12,14.44,50.3,1004.5333333333332,7.7,74.2,83.0,20.9,-8.60875,113.30125,0.0,1
2025-12-25 07:00:00,7,4,12,14.45,50.815,1004.95,8.3,92.2,90.0,28.8,1.5892000000000002,122.3096,1.0,1
2025-12-25 08:00:00,8,4,12,14.293333333333337,52.11666666666667,1005.3333333333334,8.6,81.2,88.0,27.7,9.291304347826088,130.97565217391303,1.0,1
2025-12-25 09:00:00,9,4,12,14.135,52.82,1005.65,9.3,93.0,84.0,25.6,17.689999999999998,143.49666666666664,1.0,1
2025-12-25 10:00:00,10,4,12,14.05,53.3,1005.8,10.0,99.2,76.0,28.8,23.433333333333334,156.83666666666667,1.0,1
2025-12-25 11:00:00,11,4,12,13.993333333333334,53.82333333333333,1005.3666666666668,10.5,100.0,74.0,31.0,26.57933333333333,171.59533333333334,1.0,1
2025-12-25 12:00:00,12,4,12,14.01,54.295,1004.95,10.6,100.0,73.0,31.7,26.67928571428572,187.10933333333327,1.0,1
2025-12-25 13:00:00,13,4,12,13.93,54.92,1004.45,10.3,100.0,74.0,32.4,23.81266666666667,201.958,1.0,1
2025-12-25 14:00:00,14,4,12,13.85,55.63,1004.7,10.0,100.0,75.0,34.9,18.27,215.438,1.0,1
2025-12-25 15:00:00,15,4,12,13.84,55.66,1005.2,9.9,100.0,78.0,34.2,9.937727272727274,228.2136363636364,1.0,1
2025-12-25 16:00:00,16,4,12,13.84,55.71,1005.2,10.0,100.0,77.0,33.1,2.0811111111111105,237.2088888888888,1.0,1
2025-12-25 17:00:00,17,4,12,13.835,56.126666666666665,1005.1333333333332,9.7,100.0,79.0,32.0,-8.036666666666667,246.23555555555555,1.0,1
2025-12-25 18:00:00,18,4,12,13.873333333333337,56.43,1005.5,9.4,100.0,81.0,29.9,-17.759999999999998,253.9925,1.0,1
2025-12-25 19:00:00,19,4,12,13.905,56.78,1005.7333333333332,9.1,100.0,84.0,27.0,-29.34,262.76,1.0,1
2025-12-25 20:00:00,20,4,12,13.885000000000002,57.08,1005.55,9.2,99.2,84.0,27.0,-40.88,271.99333333333334,1.0,0
2025-12-25 21:00:00,21,4,12,13.75,58.995,1005.25,9.5,100.0,82.0,27.7,-52.32666666666668,283.2733333333333,0.0,0
2025-12-25 22:00:00,22,4,12,13.69,59.83,1005.25,9.6,98.4,81.0,28.4,-63.07333333333333,299.7733333333333,0.0,0
2025-12-25 23:00:00,23,4,12,13.675,60.36333333333334,1004.8333333333334,9.7,100.0,81.0,25.9,-71.38,329.08666666666664,0.0,0
2025-12-26 00:00:00,0,5,12,13.61,60.8,1004.8,9.7,99.2,81.0,26.3,-72.99,15.793333333333337,0.0,0
2025-12-26 01:00:00,1,5,12,13.55,61.005,1004.95,10.1,100.0,76.0,25.9,-66.47666666666667,51.79,0.0,0
2025-12-26 02:00:00,2,5,12,13.41,61.645,1004.8,10.3,100.0,74.0,26.3,-56.28666666666667,71.70333333333333,0.0,0
2025-12-26 03:00:00,3,5,12,13.27,62.02,1004.8,10.3,100.0,75.0,25.6,-44.99333333333334,84.31333333333333,0.0,0
2025-12-26 04:00:00,4,5,12,13.24,61.865,1004.45,9.9,100.0,78.0,23.4,-33.443333333333335,94.06333333333332,0.0,0
2025-12-26 05:00:00,5,5,12,13.05,62.28,1004.7,9.6,99.2,80.0,17.3,-19.468,104.698,0.0,0
2025-12-26 06:00:00,6,5,12,13.08,62.18,1005.0,9.0,100.0,80.0,14.4,-8.6075,113.26125,0.0,1
2025-12-26 07:00:00,7,5,12,13.06,61.9275,1005.525,8.6,100.0,83.0,13.3,1.5888,122.2644,1.0,1
2025-12-26 08:00:00,8,5,12,13.3,61.28333333333333,1006.25,8.8,100.0,82.0,13.3,9.265,130.89545454545458,1.0,1
2025-12-26 09:00:00,9,5,12,13.155,61.795,1006.6666666666666,9.5,100.0,81.0,11.5,17.7,143.4426666666667,1.0,1
2025-12-26 10:00:00,10,5,12,13.37,61.49,1007.1,9.9,100.0,82.0,10.8,23.452,156.78266666666667,1.0,1
2025-12-26 11:00:00,11,5,12,13.423333333333334,61.09333333333333,1006.6333333333332,10.8,100.0,80.0,11.5,26.606,171.54666666666665,1.0,1
2025-12-26 12:00:00,12,5,12,13.41,61.19,1006.1,11.6,100.0,76.0,10.4,26.746666666666663,187.116,1.0,1
2025-12-26 13:00:00,13,5,12,13.54,60.947500000000005,1005.9333333333332,11.3,100.0,81.0,10.4,23.84533333333333,201.97266666666667,1.0,1
2025-12-26 14:00:00,14,5,12,13.606666666666667,60.59333333333333,1006.6,11.6,100.0,80.0,7.2,18.3,215.4573333333333,1.0,1
2025-12-26 15:00:00,15,5,12,13.665,60.37,1007.15,11.7,100.0,80.0,8.6,9.946363636363635,228.25909090909093,1.0,1
2025-12-26 16:00:00,16,5,12,13.7075,60.3125,1007.95,11.8,17.2,81.0,9.4,2.165,237.1688461538462,1.0,1
2025-12-26 17:00:00,17,5,12,13.730000000000002,60.3625,1008.7333333333332,10.2,56.2,86.0,11.9,-8.036666666666667,246.2855555555556,1.0,1
2025-12-26 18:00:00,18,5,12,13.748,60.41,1009.7,9.8,53.1,87.0,12.2,-17.7625,254.04,1.0,1
2025-12-26 19:00:00,19,5,12,13.77,60.443333333333335,1010.4,10.9,100.0,83.0,14.4,-29.34,262.81,1.0,1
2025-12-26 20:00:00,20,5,12,13.765,60.58,1010.75,10.6,71.9,85.0,15.1,-40.88666666666666,272.05,1.0,0
2025-12-26 21:00:00,21,5,12,13.78,60.59,1010.9,10.1,91.4,88.0,15.1,-52.32666666666668,283.34666666666664,0.0,0
2025-12-26 22:00:00,22,5,12,13.75,61.14,1011.15,9.8,94.5,89.0,14.0,-63.06333333333333,299.87,0.0,0
2025-12-26 23:00:00,23,5,12,13.706666666666669,62.333333333333336,1011.2,9.8,96.1,85.0,15.5,-71.35666666666667,329.2033333333333,0.0,0
2025-12-27 00:00:00,0,6,12,13.68,62.97,1011.2,9.4,89.1,85.0,17.6,-72.95,15.773333333333332,0.0,0
2025-12-27 01:00:00,1,6,12,13.61,63.88,1011.2,9.7,96.9,89.0,14.4,-66.44666666666666,51.73333333333333,0.0,0
2025-12-27 02:00:00,2,6,12,13.56,64.35,1011.2,9.2,94.5,93.0,18.4,-56.26333333333333,71.64666666666666,0.0,0
2025-12-27 03:00:00,3,6,12,13.5875,64.19,1011.0,9.3,69.5,90.0,17.3,-44.97,84.27,0.0,0
2025-12-27 04:00:00,4,6,12,13.585,64.17,1010.9,8.7,85.2,93.0,18.4,-33.416666666666664,94.02333333333333,0.0,0
2025-12-27 05:00:00,5,6,12,13.585,64.19,1011.1,8.6,65.6,93.0,19.8,-20.56,103.8125,0.0,0
2025-12-27 06:00:00,6,6,12,13.603333333333332,64.09666666666665,1011.55,8.5,75.8,94.0,16.2,-9.32222222222222,112.63222222222224,0.0,0
2025-12-27 07:00:00,7,6,12,13.6225,63.98666666666667,1011.675,8.2,75.8,92.0,15.8,1.5915999999999997,122.2088,0.0,0
2025-12-27 08:00:00,8,6,12,13.623333333333331,64.06333333333333,1012.2666666666668,8.2,90.6,93.0,16.2,9.27,130.8359090909091,0.0,0
2025-12-27 09:00:00,9,6,12,13.605,64.845,1012.65,9.5,96.9,91.0,20.5,17.708666666666666,143.374,0.0,0
2025-12-27 10:00:00,10,6,12,13.62,65.79249999999999,1012.65,10.6,95.3,90.0,22.3,23.474666666666668,156.71466666666666,0.0,0
2025-12-27 11:00:00,11,6,12,13.6825,65.465,1011.95,11.9,94.5,85.0,22.3,26.642666666666667,171.48466666666667,0.0,0
2025-12-27 12:00:00,12,6,12,13.752499999999998,65.63,1011.125,12.5,93.7,84.0,21.6,26.788666666666664,187.118,0.0,0
2025-12-27 13:00:00,13,6,12,13.805,66.225,1010.5,12.3,97.7,84.0,17.6,23.88666666666667,201.986,0.0,0
2025-12-27 14:00:00,14,6,12,13.84,66.67,1010.5,12.2,84.4,84.0,17.6,18.338000000000005,215.47866666666667,0.0,0
2025-12-27 15:00:00,15,6,12,13.87,66.995,1010.7,12.3,68.0,82.0,17.6,10.125714285714285,228.10285714285715,0.0,0
2025-12-27 16:00:00,16,6,12,13.88,66.9,1010.9,11.9,67.2,86.0,17.3,2.541153846153846,236.85769230769228,0.0,0
2025-12-27 17:00:00,17,6,12,13.89,66.96,1010.9,11.0,69.5,90.0,15.1,-7.575,245.952,0.0,0
2025-12-27 18:00:00,18,6,12,13.86,67.39666666666666,1011.3333333333334,11.0,85.2,91.0,14.8,-17.7625,254.0975,0.0,0
2025-12-27 19:00:00,19,6,12,13.88,67.19333333333334,1011.8,11.1,62.5,90.0,13.3,-29.346666666666668,262.87333333333333,0.0,0
2025-12-27 20:00:00,20,6,12,13.81,67.065,1012.1,10.6,100.0,92.0,10.4,-40.88666666666666,272.12666666666667,0.0,0
2025-12-27 21:00:00,21,6,12,13.77,67.44,1012.4,10.8,96.9,91.0,9.4,-52.32666666666666,283.43666666666667,0.0,0
2025-12-27 22:00:00,22,6,12,13.75,67.71,1012.4,10.6,29.7,92.0,11.9,-63.06,299.99,0.0,0
2025-12-27 23:00:00,23,6,12,13.75,67.49,1012.5,9.8,26.6,94.0,13.7,-71.33,329.3566666666666,0.0,0
2025-12-28 00:00:00,0,7,12,13.75,67.18,1012.4,9.9,31.2,94.0,16.6,-72.91000000000001,15.733333333333333,0.0,0
2025-12-28 01:00:00,1,7,12,13.705,66.79,1012.5,9.5,71.1,92.0,13.3,-66.41,51.656666666666666,0.0,0
2025-12-28 02:00:00,2,7,12,13.705,66.66,1012.5,9.8,69.5,94.0,13.0,-56.23666666666667,71.57666666666667,0.0,0
2025-12-28 03:00:00,3,7,12,13.66,66.275,1012.25,9.9,86.7,95.0,13.7,-44.943333333333335,84.21333333333334,0.0,0
2025-12-28 04:00:00,4,7,12,13.66,65.97999999999999,1011.9,9.8,98.4,95.0,14.8,-33.39333333333334,93.97333333333334,0.0,0
2025-12-28 05:00:00,5,7,12,13.64,65.99,1012.0,9.9,59.4,95.0,20.2,-20.5475,103.7575,0.0,0
2025-12-28 06:00:00,6,7,12,13.65,65.96000000000001,1012.2,9.7,43.7,94.0,22.7,-9.322222222222225,112.57,0.0,0
2025-12-28 07:00:00,7,7,12,13.643333333333333,65.86,1012.5,9.8,80.5,92.0,23.4,1.5932000000000002,122.1432,0.0,0
2025-12-28 08:00:00,8,7,12,13.605,65.9475,1012.875,10.4,44.5,90.0,26.3,9.274545454545454,130.7654545454546,0.0,0
2025-12-28 09:00:00,9,7,12,13.614999999999998,66.69,1013.2,11.2,53.9,87.0,26.3,17.72133333333333,143.29533333333333,0.0,0
2025-12-28 10:00:00,10,7,12,13.67,67.85,1012.8,12.6,86.7,82.0,26.6,23.501333333333328,156.63733333333332,0.0,0
2025-12-28 11:00:00,11,7,12,13.73,68.80666666666667,1012.3666666666668,12.8,99.2,82.0,24.5,26.684,171.412,0.0,0
2025-12-28 12:00:00,12,7,12,13.73,69.38,1012.05,12.6,100.0,85.0,20.9,26.838000000000005,186.65375000000003,0.0,0
2025-12-28 13:00:00,13,7,12,13.752,70.09400000000001,1011.575,12.2,98.4,86.0,17.6,23.932666666666663,201.9993333333333,0.0,0
2025-12-28 14:00:00,14,7,12,13.496470588235294,70.27764705882355,1011.65,12.1,100.0,85.0,23.0,18.383333333333333,215.5033333333333,0.0,0
2025-12-28 15:00:00,15,7,12,13.28,70.19428571428571,1012.25,11.9,99.2,90.0,29.9,10.141904761904764,228.16476190476192,0.0,0
2025-12-28 16:00:00,16,7,12,13.12,70.63000000000001,1012.35,11.7,99.2,89.0,26.6,2.534230769230769,236.9376923076923,0.0,0
2025-12-28 17:00:00,17,7,12,12.978333333333332,71.42833333333334,1012.4857142857144,11.1,100.0,92.0,23.8,-7.575999999999999,246.021,0.0,0
2025-12-28 18:00:00,18,7,12,12.976000000000004,71.64399999999999,1013.22,11.0,100.0,91.0,18.0,-17.7625,254.1625,0.0,0
2025-12-28 19:00:00,19,7,12,12.93,71.73750000000001,1013.74,10.7,100.0,92.0,21.2,-29.346666666666664,262.9433333333333,0.0,0
2025-12-28 20:00:00,20,7,12,12.80111111111111,72.05999999999999,1013.88,10.7,100.0,92.0,18.7,-40.88666666666667,272.21,0.0,0
2025-12-28 21:00:00,21,7,12,12.8325,71.69250000000001,1014.8333333333334,10.3,100.0,93.0,18.4,-52.32666666666668,283.5433333333333,0.0,0
2025-12-28 22:00:00,22,7,12,12.892,71.33714285714284,1014.0285714285714,10.4,100.0,93.0,20.2,-63.04666666666666,300.1333333333334,0.0,0
2025-12-28 23:00:00,23,7,12,12.84125,70.67875,1013.7444444444444,10.5,100.0,92.0,22.7,-71.29666666666667,329.5366666666667,0.0,0
2025-12-29 00:00:00,0,1,12,12.815,69.84,1013.4,10.4,100.0,91.0,21.2,-72.85666666666667,15.693333333333332,0.0,0
2025-12-29 01:00:00,1,1,12,12.715,69.77000000000001,1013.45,10.1,100.0,90.0,25.6,-66.37333333333333,51.56666666666667,0.0,0
2025-12-29 02:00:00,2,1,12,12.696666666666667,69.57,1014.0,10.0,90.6,89.0,22.7,-56.20333333333334,71.49666666666666,0.0,0
2025-12-29 03:00:00,3,1,12,12.795,69.16,1013.95,9.9,95.3,90.0,24.1,-44.91333333333333,84.14666666666666,0.0,0
2025-12-29 04:00:00,4,1,12,12.76,68.69,1013.8,9.8,100.0,91.0,19.1,-33.36333333333333,93.92,0.0,0
2025-12-29 05:00:00,5,1,12,12.79,68.25,1013.9,9.8,99.2,88.0,18.0,-20.5325,103.695,0.0,0
2025-12-29 06:00:00,6,1,12,12.636666666666663,68.04333333333334,1014.2,9.6,99.2,87.0,19.1,-9.32111111111111,112.49888888888889,0.0,1
2025-12-29 07:00:00,7,1,12,12.636666666666668,67.64666666666666,1014.9,8.6,100.0,87.0,16.2,1.5956,122.06479999999998,1.0,1
2025-12-29 08:00:00,8,1,12,12.62,67.3825,1015.4666666666668,8.4,100.0,86.0,13.3,9.28181818181818,130.6813636363636,1.0,1
2025-12-29 09:00:00,9,1,12,12.57,67.125,1016.1,9.2,98.4,85.0,12.6,17.735333333333333,143.20266666666666,1.0,1
2025-12-29 10:00:00,10,1,12,12.59,66.92,1015.9,10.5,98.4,87.0,14.8,23.532,156.546,1.0,1
2025-12-29 11:00:00,11,1,12,12.7125,66.7625,1015.45,11.7,72.7,83.0,12.6,26.73333333333333,171.32666666666665,1.0,1
2025-12-29 12:00:00,12,1,12,12.85,66.444,1014.5400000000002,12.7,83.6,77.0,15.5,26.861428571428576,186.65875,1.0,1
2025-12-29 13:00:00,13,1,12,12.89,66.24666666666667,1013.6666666666666,13.9,18.7,72.0,13.0,23.98733333333333,202.0253333333333,1.0,1
2025-12-29 14:00:00,14,1,12,12.93,66.05,1013.8,14.1,68.0,71.0,10.1,18.43133333333333,215.5373333333333,1.0,1
2025-12-29 15:00:00,15,1,12,13.06,65.78,1013.9,13.6,97.7,75.0,8.3,10.161428571428573,228.23380952380955,1.0,1
2025-12-29 16:00:00,16,1,12,13.03,65.55000000000001,1014.05,12.8,99.2,82.0,6.5,2.527692307692308,237.0273076923077,1.0,1
2025-12-29 17:00:00,17,1,12,13.08,65.41499999999999,1014.3,11.2,100.0,89.0,6.5,-7.578,246.10100000000003,1.0,1
2025-12-29 18:00:00,18,1,12,13.11,65.41,1014.6,10.5,100.0,91.0,6.5,-17.765,254.245,1.0,1
2025-12-29 19:00:00,19,1,12,13.12,65.52333333333333,1015.15,10.5,93.7,92.0,6.8,-29.35333333333333,263.03000000000003,1.0,1
2025-12-29 20:00:00,20,1,12,13.07,65.75,1015.35,10.1,96.1,94.0,6.5,-40.89666666666667,272.31333333333333,1.0,0
2025-12-29 21:00:00,21,1,12,13.02,66.11500000000001,1015.6,9.3,88.3,95.0,6.8,-52.32666666666668,283.6666666666667,0.0,0
2025-12-29 22:00:00,22,1,12,12.865,66.56,1015.35,8.9,35.2,94.0,6.5,-63.04,300.30333333333334,0.0,0
2025-12-29 23:00:00,23,1,12,12.905,66.545,1015.15,7.4,30.5,93.0,7.6,-71.25999999999999,329.74,0.0,0
2025-12-30 00:00:00,0,2,12,12.88,66.56,1015.1,6.9,75.8,92.0,8.3,-72.8,15.646666666666668,0.0,0
2025-12-30 01:00:00,1,2,12,12.85,66.435,1014.75,7.0,97.7,91.0,7.6,-66.32000000000001,51.46666666666666,0.0,0
2025-12-30 02:00:00,2,2,12,12.815,66.345,1014.5,6.8,89.1,90.0,7.2,-56.16333333333333,71.41,0.0,0
2025-12-30 03:00:00,3,2,12,12.77,66.25,1014.3,6.4,85.2,90.0,8.3,-44.88,84.07333333333334,0.0,0
2025-12-30 04:00:00,4,2,12,12.78,66.00999999999999,1014.0,5.9,20.3,91.0,8.6,-33.32666666666667,93.85666666666668,0.0,0
2025-12-30 05:00:00,5,2,12,12.76,65.73,1014.2,5.6,3.9,92.0,10.4,-20.515,103.6275,0.0,0
2025-12-30 06:00:00,6,2,12,12.67,65.78,1014.25,5.6,0.0,90.0,11.5,-9.318888888888884,112.41555555555556,0.0,1
2025-12-30 07:00:00,7,2,12,12.545,65.745,1014.5,6.1,0.0,88.0,12.6,1.5980000000000003,121.9784,1.0,1
2025-12-30 08:00:00,8,2,12,12.376666666666669,65.85666666666667,1014.9333333333334,6.3,0.0,86.0,12.6,9.287727272727274,130.5868181818182,1.0,1
2025-12-30 09:00:00,9,2,12,12.28,65.76,1015.2,8.3,0.0,82.0,13.7,17.750666666666667,143.09533333333331,1.0,1
2025-12-30 10:00:00,10,2,12,12.493333333333334,65.31333333333333,1014.7,10.8,0.0,78.0,10.1,23.56666666666667,156.44000000000003,1.0,1
2025-12-30 11:00:00,11,2,12,12.631666666666668,64.7,1014.04,13.1,0.0,69.0,9.0,26.78666666666665,171.228,1.0,1
2025-12-30 12:00:00,12,2,12,12.716666666666669,64.3225,1012.9,14.6,0.0,63.0,7.9,27.02142857142857,186.1533333333333,1.0,1
2025-12-30 13:00:00,13,2,12,12.77,63.96333333333333,1012.1666666666666,15.4,0.0,57.0,6.5,24.332666666666668,201.09066666666664,1.0,1
2025-12-30 14:00:00,14,2,12,13.255,62.485,1011.7,15.8,0.0,54.0,7.2,18.93066666666667,214.7213333333333,1.0,1
2025-12-30 15:00:00,15,2,12,13.665,61.900000000000006,1011.6,15.7,0.8,56.0,6.8,10.584761904761908,227.78142857142856,1.0,1
2025-12-30 16:00:00,16,2,12,13.72,61.92,1011.8,14.4,0.0,68.0,6.5,2.6777777777777767,236.96259259259256,1.0,1
2025-12-30 17:00:00,17,2,12,13.339999999999998,62.51666666666667,1012.0,12.4,0.0,72.0,7.2,-7.578999999999999,246.191,1.0,1
2025-12-30 18:00:00,18,2,12,13.14,63.39666666666667,1012.5,11.3,0.0,75.0,7.6,-17.765,254.33,1.0,1
2025-12-30 19:00:00,19,2,12,13.03,63.85,1012.8,10.4,0.0,79.0,12.2,-29.356666666666666,263.1233333333333,1.0,1
2025-12-30 20:00:00,20,2,12,12.905,64.44,1013.15,8.9,0.0,82.0,13.7,-40.89666666666667,272.42,1.0,0
2025-12-30 21:00:00,21,2,12,12.875,64.68,1013.35,8.4,0.0,76.0,13.7,-52.32666666666668,283.8066666666667,0.0,0
2025-12-30 22:00:00,22,2,12,12.62,64.86,1013.3,7.9,0.0,75.0,13.3,-63.02333333333333,300.4866666666667,0.0,0
2025-12-30 23:00:00,23,2,12,12.69,64.76,1013.1,7.4,0.0,78.0,12.6,-71.22,329.96,0.0,0
2025-12-31 00:00:00,0,3,12,12.71,64.52,1013.3,6.8,0.0,79.0,12.6,-72.73,15.6,0.0,0
2025-12-31 01:00:00,1,3,12,12.576666666666666,64.06666666666666,1012.9666666666668,6.3,0.0,80.0,11.5,-66.27333333333333,51.35333333333333,0.0,0
2025-12-31 02:00:00,2,3,12,12.556666666666668,63.39333333333334,1013.0333333333332,5.9,0.0,81.0,11.2,-56.123333333333335,71.31,0.0,0
2025-12-31 03:00:00,3,3,12,12.47,62.97,1013.0333333333332,5.3,0.0,84.0,11.2,-44.84,83.99,0.0,0
2025-12-31 04:00:00,4,3,12,12.35,62.5,1013.0,5.1,0.0,84.0,11.2,-33.28666666666667,93.78333333333336,0.0,0
2025-12-31 05:00:00,5,3,12,12.19,62.485,1013.15,4.9,0.0,83.0,10.4,-20.4925,103.55,0.0,0
2025-12-31 06:00:00,6,3,12,12.13,61.805,1013.35,4.6,0.0,83.0,10.1,-9.31777777777778,112.32333333333332,0.0,1
2025-12-31 07:00:00,7,3,12,12.2,61.16333333333333,1013.8,4.2,0.0,82.0,10.4,1.4379166666666665,121.71,1.0,1
2025-12-31 08:00:00,8,3,12,12.1575,60.6125,1014.4333333333334,4.4,0.0,81.0,10.1,9.132608695652175,130.28608695652176,1.0,1
2025-12-31 09:00:00,9,3,12,12.153333333333334,60.43666666666667,1015.0333333333332,6.3,0.0,79.0,8.3,17.768666666666665,142.97466666666665,1.0,1
2025-12-31 10:00:00,10,3,12,12.005,60.625,1015.0333333333332,8.9,0.0,72.0,7.6,23.605333333333338,156.31933333333333,1.0,1
2025-12-31 11:00:00,11,3,12,12.046666666666669,60.43333333333333,1014.7666666666668,10.9,0.8,62.0,6.1,26.84733333333333,171.11866666666666,1.0,1
2025-12-31 12:00:00,12,3,12,12.159999999999998,60.24000000000001,1014.3,12.2,8.6,60.0,4.0,27.064615384615383,186.1506666666667,1.0,1
2025-12-31 13:00:00,13,3,12,12.21,60.19,1014.1,12.7,0.0,63.0,5.4,24.404000000000003,201.1133333333333,1.0,1
2025-12-31 14:00:00,14,3,12,12.25,60.1,1014.35,12.4,8.6,68.0,9.7,18.99533333333333,214.756,1.0,1
2025-12-31 15:00:00,15,3,12,12.3,60.175,1014.6,12.0,14.8,71.0,11.2,10.61190476190476,227.8642857142857,1.0,1
2025-12-31 16:00:00,16,3,12,12.335,60.21,1014.9,11.4,10.2,75.0,8.6,2.6681481481481484,237.0796296296296,1.0,1
2025-12-31 17:00:00,17,3,12,12.34,60.295,1015.1,9.6,11.7,82.0,7.2,-7.581000000000001,246.289,1.0,1
2025-12-31 18:00:00,18,3,12,12.24,60.485,1015.35,9.0,22.7,82.0,8.3,-17.765,254.43,1.0,1
2025-12-31 19:00:00,19,3,12,12.236666666666666,60.83666666666667,1015.85,8.6,29.7,84.0,7.2,-29.356666666666666,263.2366666666667,1.0,1
2025-12-31 20:00:00,20,3,12,12.106666666666667,61.3,1016.2666666666668,7.9,39.8,88.0,6.1,-40.9,272.5466666666667,1.0,0
2025-12-31 21:00:00,21,3,12,11.91,61.775,1016.75,7.4,43.0,89.0,8.3,-52.32666666666668,283.96,0.0,0
2025-12-31 22:00:00,22,3,12,11.76,62.11,1016.7,7.1,41.4,89.0,9.0,-63.01333333333334,300.6933333333333,0.0,0
2025-12-31 23:00:00,23,3,12,11.74,62.2,1016.3333333333334,6.7,43.7,90.0,9.0,-71.17,330.21333333333337,0.0,0
2026-01-01 00:00:00,0,4,1,11.575,62.49333333333334,1015.7999999999998,6.4,43.7,91.0,8.6,-72.65333333333332,15.536666666666669,0.0,0
2026-01-01 01:00:00,1,4,1,11.695,62.3,1015.85,5.9,97.7,92.0,9.4,-66.21,51.223333333333336,0.0,0
2026-01-01 02:00:00,2,4,1,11.68,62.26,1015.65,6.1,85.9,90.0,9.4,-56.07666666666666,71.19666666666667,0.0,0
2026-01-01 03:00:00,3,4,1,11.6525,62.295,1015.1,6.6,77.3,88.0,10.4,-44.8,83.89666666666666,0.0,0
2026-01-01 04:00:00,4,4,1,11.625,62.375,1014.6,6.8,35.2,88.0,8.3,-33.24666666666667,93.70666666666666,0.0,0
2026-01-01 05:00:00,5,4,1,11.56,62.15,1014.6,6.4,70.3,88.0,7.9,-20.47,103.4625,0.0,0
2026-01-01 06:00:00,6,4,1,11.595,62.02,1014.8,5.8,74.2,90.0,8.3,-9.316666666666666,112.2188888888889,0.0,1
2026-01-01 07:00:00,7,4,1,11.589999999999998,61.903333333333336,1014.9333333333334,5.8,90.6,87.0,10.1,1.44125,121.60208333333333,1.0,1
2026-01-01 08:00:00,8,4,1,11.525,61.70666666666667,1015.15,5.9,76.6,87.0,11.2,9.139130434782608,130.1691304347826,1.0,1
2026-01-01 09:00:00,9,4,1,11.35,61.903333333333336,1015.55,7.3,96.1,85.0,10.8,17.788,142.84333333333333,1.0,1
2026-01-01 10:00:00,10,4,1,11.406666666666666,62.00333333333333,1014.975,9.4,95.3,80.0,11.2,23.648000000000003,156.1906666666667,1.0,1
2026-01-01 11:00:00,11,4,1,11.493333333333332,61.856,1013.94,10.8,93.0,73.0,12.2,26.915333333333333,170.99733333333333,1.0,1
2026-01-01 12:00:00,12,4,1,11.644,61.596,1012.66,12.0,96.9,66.0,13.3,27.14538461538461,186.15466666666669,1.0,1
2026-01-01 13:00:00,13,4,1,11.7,61.48666666666666,1011.7,12.9,100.0,63.0,11.2,24.47866666666668,201.14333333333337,1.0,1
2026-01-01 14:00:00,14,4,1,11.81,61.52666666666666,1011.325,13.4,100.0,61.0,9.4,19.06666666666667,214.7993333333333,1.0,1
2026-01-01 15:00:00,15,4,1,11.886666666666663,61.60333333333333,1010.75,13.1,100.0,66.0,11.2,10.8205,227.731,1.0,1
2026-01-01 16:00:00,16,4,1,11.94,61.75666666666666,1010.7666666666668,11.8,100.0,78.0,15.5,3.021111111111112,236.84296296296296,1.0,1
2026-01-01 17:00:00,17,4,1,11.9175,62.05,1010.45,10.8,100.0,85.0,14.0,-6.510000000000001,245.507,1.0,1
2026-01-01 18:00:00,18,4,1,11.9175,62.13,1010.5,10.4,100.0,88.0,13.0,-16.906,253.874,1.0,1
2026-01-01 19:00:00,19,4,1,11.93,62.656666666666666,1010.15,10.1,100.0,86.0,13.7,-29.360000000000003,263.3533333333333,1.0,1
2026-01-01 20:00:00,20,4,1,11.88,63.432500000000005,1010.3,10.4,100.0,76.0,12.2,-40.90666666666666,272.68333333333334,1.0,0
2026-01-01 21:00:00,21,4,1,11.88,64.02,1010.1,10.4,100.0,74.0,12.2,-52.32666666666668,284.13,0.0,0
2026-01-01 22:00:00,22,4,1,11.864999999999998,64.32666666666667,1009.85,10.3,100.0,75.0,12.6,-63.0,300.92333333333335,0.0,0
2026-01-01 23:00:00,23,4,1,11.886666666666663,64.33333333333333,1009.55,9.5,99.2,76.0,15.8,-71.12,330.49,0.0,0
2026-01-02 00:00:00,0,5,1,11.836666666666666,64.50333333333333,1009.0,8.8,100.0,79.0,14.4,-72.57666666666667,15.476666666666668,0.0,0
2026-01-02 01:00:00,1,5,1,11.885,64.42500000000001,1008.7,7.9,99.2,83.0,11.9,-66.14666666666666,51.086666666666666,0.0,0
2026-01-02 02:00:00,2,5,1,11.855,64.445,1008.5,7.8,100.0,82.0,13.3,-56.02333333333333,71.07333333333334,0.0,0
2026-01-02 03:00:00,3,5,1,11.8275,64.54666666666667,1007.7666666666668,7.6,100.0,82.0,15.1,-44.75,83.79333333333334,0.0,0
2026-01-02 04:00:00,4,5,1,11.813333333333333,64.56,1007.05,8.0,100.0,80.0,15.8,-33.2,93.62,0.0,0
2026-01-02 05:00:00,5,5,1,11.875,64.485,1007.1,8.7,100.0,79.0,15.1,-20.4475,103.36499999999998,0.0,0
2026-01-02 06:00:00,6,5,1,11.846666666666666,64.62666666666668,1007.1,8.6,100.0,80.0,15.1,-9.315555555555555,112.10888888888888,0.0,1
2026-01-02 07:00:00,7,5,1,11.88,64.715,1007.1,8.9,100.0,81.0,16.9,1.4454166666666666,121.48375,1.0,1
2026-01-02 08:00:00,8,5,1,11.905,64.79666666666667,1007.5333333333332,8.3,100.0,84.0,13.3,9.148695652173911,130.0426086956522,1.0,1
2026-01-02 09:00:00,9,5,1,11.85,64.89,1007.8,9.9,100.0,85.0,9.4,17.80933333333333,142.70199999999997,1.0,1
2026-01-02 10:00:00,10,5,1,11.903333333333334,64.93,1007.2666666666664,11.5,100.0,77.0,7.6,23.69333333333333,156.04799999999997,1.0,1
2026-01-02 11:00:00,11,5,1,11.9525,64.916,1006.44,12.7,100.0,76.0,7.2,26.986666666666665,170.8646666666667,1.0,1
2026-01-02 12:00:00,12,5,1,11.98,65.02,1005.4666666666668,14.1,100.0,74.0,6.8,27.23384615384615,186.1553333333333,1.0,1
2026-01-02 13:00:00,13,5,1,12.046666666666669,65.285,1004.65,14.8,100.0,74.0,5.8,24.56533333333333,201.172,1.0,1
2026-01-02 14:00:00,14,5,1,12.135000000000002,65.495,1004.15,15.1,100.0,76.0,5.8,19.14466666666667,214.8453333333333,1.0,1
2026-01-02 15:00:00,15,5,1,12.23,65.97,1004.1,14.8,100.0,78.0,7.9,10.856000000000002,227.8315,1.0,1
2026-01-02 16:00:00,16,5,1,12.266666666666666,66.18666666666667,1003.9666666666668,13.4,100.0,84.0,8.3,3.010000000000001,236.9840740740741,1.0,1
2026-01-02 17:00:00,17,5,1,12.24,66.2,1003.9666666666668,11.5,100.0,89.0,9.0,-6.5120000000000005,245.62900000000005,1.0,1
2026-01-02 18:00:00,18,5,1,12.19,66.465,1004.3,10.5,100.0,93.0,9.4,-16.91,253.994,1.0,1
2026-01-02 19:00:00,19,5,1,12.163333333333332,66.62,1004.0333333333332,9.5,98.4,94.0,9.4,-29.366666666666664,263.4833333333333,1.0,1
2026-01-02 20:00:00,20,5,1,12.18,66.83,1004.0333333333332,8.8,100.0,95.0,6.1,-40.91,272.8333333333333,1.0,0
2026-01-02 21:00:00,21,5,1,12.16,67.1,1003.7,8.9,100.0,94.0,4.7,-52.32666666666666,284.32,0.0,0
2026-01-02 22:00:00,22,5,1,12.195,67.325,1003.55,9.1,100.0,94.0,5.8,-62.98,301.17,0.0,0
2026-01-02 23:00:00,23,5,1,12.17,67.56,1003.3,9.1,100.0,95.0,5.0,-71.06333333333333,330.7866666666667,0.0,0
2026-01-03 00:00:00,0,6,1,12.165,67.83500000000001,1002.675,8.8,100.0,95.0,5.4,-72.48666666666668,15.413333333333332,0.0,0
2026-01-03 01:00:00,1,6,1,12.123333333333337,68.07666666666667,1002.3666666666668,9.0,100.0,92.0,5.0,-66.08,50.94,0.0,0
2026-01-03 02:00:00,2,6,1,12.145,68.24,1002.05,9.1,100.0,90.0,4.7,-55.96333333333333,70.94333333333333,0.0,0
2026-01-03 03:00:00,3,6,1,12.105,68.39666666666666,1001.64,8.8,100.0,90.0,3.6,-44.7,83.68333333333332,0.0,0
2026-01-03 04:00:00,4,6,1,12.0725,68.61999999999999,1001.175,8.6,96.9,90.0,4.7,-33.14666666666667,93.52666666666669,0.0,0
2026-01-03 05:00:00,5,6,1,12.06,68.72666666666667,1001.2666666666668,9.0,100.0,91.0,7.6,-20.42,103.265,0.0,0
2026-01-03 06:00:00,6,6,1,12.05,68.905,1001.55,9.0,78.1,92.0,6.5,-9.313333333333334,111.98555555555556,0.0,0
2026-01-03 07:00:00,7,6,1,11.995,69.1525,1001.7,8.0,96.9,91.0,5.8,1.4504166666666671,121.35583333333334,0.0,0
2026-01-03 08:00:00,8,6,1,12.02,69.39,1002.2333333333332,8.8,95.3,88.0,11.5,9.160000000000002,129.90521739130438,0.0,0
2026-01-03 09:00:00,9,6,1,11.98,69.765,1002.6,9.9,99.2,87.0,10.4,17.834,142.54733333333334,0.0,0
2026-01-03 10:00:00,10,6,1,12.160000000000002,70.98,1002.1,11.2,100.0,86.0,14.8,23.744,155.896,0.0,0
2026-01-03 11:00:00,11,6,1,12.32,71.88,1002.025,13.0,100.0,79.0,18.0,27.06733333333333,170.72533333333334,0.0,0
2026-01-03 12:00:00,12,6,1,12.384,72.46000000000001,1000.975,13.9,100.0,78.0,17.6,27.383333333333333,186.15866666666668,0.0,0
2026-01-03 13:00:00,13,6,1,12.4225,72.20666666666666,1000.15,14.7,100.0,71.0,18.4,24.655999999999995,201.206,0.0,0
2026-01-03 14:00:00,14,6,1,12.59666666666667,72.735,999.9333333333334,14.7,100.0,73.0,19.8,19.229333333333333,214.89666666666668,0.0,0
2026-01-03 15:00:00,15,6,1,12.71,72.985,1000.175,14.3,100.0,79.0,20.2,11.078947368421051,227.7021052631579,0.0,0
2026-01-03 16:00:00,16,6,1,12.7075,73.30250000000001,1000.025,13.7,100.0,82.0,20.9,3.155357142857143,236.9642857142857,0.0,0
2026-01-03 17:00:00,17,6,1,12.735,73.675,1000.2,12.9,100.0,84.0,23.4,-6.514,245.76100000000005,0.0,0
2026-01-03 18:00:00,18,6,1,12.733333333333334,73.91000000000001,1000.5,12.7,100.0,83.0,25.6,-16.91,254.122,0.0,0
2026-01-03 19:00:00,19,6,1,12.72,74.36,1000.2,12.3,100.0,84.0,25.9,-29.37,263.62333333333333,0.0,0
2026-01-03 20:00:00,20,6,1,12.71,74.75,1000.2,12.0,99.2,86.0,25.6,-40.91333333333333,272.99333333333334,0.0,0
2026-01-03 21:00:00,21,6,1,12.66,74.86,1000.2,11.6,100.0,85.0,24.8,-52.32666666666668,284.5133333333333,0.0,0
2026-01-03 22:00:00,22,6,1,12.665,75.015,1000.5,11.4,100.0,89.0,26.3,-62.96,301.43666666666667,0.0,0
2026-01-03 23:00:00,23,6,1,12.65,75.1325,1000.375,11.2,100.0,90.0,27.4,-71.00333333333333,331.1066666666666,0.0,0
2026-01-04 00:00:00,0,7,1,12.614999999999998,75.34,999.85,11.2,100.0,89.0,27.7,-72.39,15.340000000000002,0.0,0
2026-01-04 01:00:00,1,7,1,12.65,75.55,999.6,11.3,100.0,89.0,28.1,-66.00333333333333,50.77666666666666,0.0,0
2026-01-04 02:00:00,2,7,1,12.58,75.56,999.7,11.3,100.0,89.0,31.0,-55.903333333333336,70.8,0.0,0
2026-01-04 03:00:00,3,7,1,12.613333333333337,75.57499999999999,999.15,11.2,100.0,90.0,32.0,-44.64333333333334,83.57,0.0,0
2026-01-04 04:00:00,4,7,1,12.61,75.6,999.1,11.0,100.0,91.0,33.1,-33.093333333333334,93.42333333333332,0.0,0
2026-01-04 05:00:00,5,7,1,12.6,76.19999999999999,999.2,10.8,100.0,92.0,34.9,-20.39,103.1525,0.0,0
2026-01-04 06:00:00,6,7,1,12.575,76.69,999.7666666666668,10.7,100.0,91.0,33.1,-9.311111111111112,111.85444444444444,0.0,0
2026-01-04 07:00:00,7,7,1,12.55,76.97999999999999,1000.2,11.0,100.0,90.0,31.0,1.455,121.21666666666664,0.0,0
2026-01-04 08:00:00,8,7,1,12.5,76.96666666666665,1000.7666666666668,10.8,100.0,89.0,30.2,9.169130434782607,129.75391304347826,0.0,0
2026-01-04 09:00:00,9,7,1,12.475,76.87333333333333,1001.2666666666664,10.7,100.0,88.0,31.3,17.858,142.37933333333334,0.0,0
2026-01-04 10:00:00,10,7,1,12.51,76.39,1001.15,10.7,100.0,86.0,32.4,23.799333333333337,155.73199999999997,0.0,0
2026-01-04 11:00:00,11,7,1,12.52,75.99333333333333,1000.65,11.0,100.0,84.0,32.4,27.153333333333325,170.57133333333334,0.0,0
2026-01-04 12:00:00,12,7,1,12.52,75.6,1000.6,10.7,100.0,82.0,32.4,27.460714285714285,186.158,0.0,0
2026-01-04 13:00:00,13,7,1,12.475,75.54499999999999,1000.3,11.0,100.0,81.0,31.0,24.75333333333333,201.2393333333333,0.0,0
2026-01-04 14:00:00,14,7,1,12.43,75.555,1000.45,10.9,100.0,80.0,28.4,19.32133333333333,214.9473333333333,0.0,0
2026-01-04 15:00:00,15,7,1,12.37,75.47999999999999,1000.65,10.6,100.0,81.0,27.7,11.12263157894737,227.81473684210528,0.0,0
2026-01-04 16:00:00,16,7,1,12.373333333333337,75.41,1001.1,10.5,100.0,80.0,26.6,3.142142857142857,237.12857142857143,0.0,0
2026-01-04 17:00:00,17,7,1,12.39,75.12,1001.45,10.4,100.0,79.0,24.5,-6.518000000000001,245.902,0.0,0
2026-01-04 18:00:00,18,7,1,12.395,74.845,1001.7,10.1,100.0,80.0,22.0,-16.91,254.26000000000005,0.0,0
2026-01-04 19:00:00,19,7,1,12.393333333333333,74.455,1002.1333333333332,10.1,100.0,81.0,24.1,-29.37333333333333,263.7733333333333,0.0,0
2026-01-04 20:00:00,20,7,1,12.37,74.21000000000001,1002.5,10.1,100.0,81.0,21.6,-40.92333333333334,273.1666666666667,0.0,0
2026-01-04 21:00:00,21,7,1,12.393333333333333,74.03666666666668,1002.4666666666668,9.7,100.0,83.0,17.6,-52.32333333333333,284.7333333333333,0.0,0
2026-01-04 22:00:00,22,7,1,12.39,73.95333333333333,1002.85,9.2,100.0,85.0,15.5,-62.94,301.72666666666663,0.0,0
2026-01-04 23:00:00,23,7,1,12.34,73.91,1002.8,9.0,100.0,86.0,13.3,-70.93666666666665,331.45,0.0,0
2026-01-05 00:00:00,0,1,1,12.38,73.82,1002.55,8.9,100.0,88.0,12.6,-72.29,15.263333333333334,0.0,0
2026-01-05 01:00:00,1,1,1,12.34,73.76,1002.55,9.0,100.0,95.0,19.4,-65.92,50.60666666666666,0.0,0
2026-01-05 02:00:00,2,1,1,12.34,73.66,1002.6,9.0,100.0,94.0,22.3,-55.84,70.64666666666666,0.0,0
2026-01-05 03:00:00,3,1,1,12.21,73.3,1002.7,8.6,100.0,85.0,22.3,-44.583333333333336,83.44,0.0,0
2026-01-05 04:00:00,4,1,1,12.1,72.42,1002.7,8.1,100.0,81.0,21.6,-33.03333333333333,93.31333333333332,0.0,0
2026-01-05 05:00:00,5,1,1,12.035,71.72,1002.8,7.7,100.0,78.0,23.8,-20.36,103.0325,0.0,0
2026-01-05 06:00:00,6,1,1,12.025,71.01,1003.2666666666668,7.6,100.0,74.0,22.7,-9.31,111.71222222222222,0.0,1
2026-01-05 07:00:00,7,1,1,12.02,70.2525,1003.9,7.5,100.0,74.0,22.0,1.45875,121.06666666666663,1.0,1
2026-01-05 08:00:00,8,1,1,12.03,69.715,1004.4,7.2,100.0,77.0,18.4,9.18,129.59391304347824,1.0,1
2026-01-05 09:00:00,9,1,1,12.01,69.485,1004.9666666666668,7.1,100.0,83.0,14.8,17.884,142.2,1.0,1
2026-01-05 10:00:00,10,1,1,11.95,69.41499999999999,1005.3,7.0,100.0,89.0,14.4,23.85466666666667,155.55333333333334,1.0,1
2026-01-05 11:00:00,11,1,1,11.793333333333331,69.21,1004.8333333333334,7.2,100.0,82.0,14.8,27.244,170.404,1.0,1
2026-01-05 12:00:00,12,1,1,11.71,68.97666666666667,1004.2333333333332,7.7,100.0,75.0,13.3,27.571428571428573,186.1593333333333,1.0,1
2026-01-05 13:00:00,13,1,1,11.676666666666668,68.57666666666667,1004.0,7.4,100.0,74.0,16.6,24.860666666666667,201.276,1.0,1
2026-01-05 14:00:00,14,1,1,11.66,67.67,1004.2,7.4,100.0,74.0,12.2,19.41733333333333,215.00466666666668,1.0,1
2026-01-05 15:00:00,15,1,1,11.756666666666668,67.57499999999999,1004.5,7.5,100.0,73.0,10.4,11.304736842105264,227.7736842105263,1.0,1
2026-01-05 16:00:00,16,1,1,11.7825,67.245,1004.76,7.5,100.0,74.0,8.6,3.286551724137931,237.13344827586204,1.0,1
2026-01-05 17:00:00,17,1,1,11.796666666666669,66.99,1005.0,7.3,100.0,79.0,6.5,-6.521000000000001,246.055,1.0,1
2026-01-05 18:00:00,18,1,1,11.793333333333331,66.58,1005.4666666666666,7.0,100.0,81.0,6.8,-16.912,254.41,1.0,1
2026-01-05 19:00:00,19,1,1,11.775,66.195,1005.85,6.6,100.0,93.0,7.2,-29.38333333333333,263.93333333333334,1.0,1
2026-01-05 20:00:00,20,1,1,11.68,65.72,1006.0,6.6,83.6,91.0,8.6,-40.93,273.3566666666666,1.0,0
2026-01-05 21:00:00,21,1,1,11.626666666666669,64.35000000000001,1006.2666666666668,5.8,50.8,93.0,8.6,-52.32666666666666,284.96666666666664,0.0,0
2026-01-05 22:00:00,22,1,1,11.49,61.17,1006.55,5.0,50.8,94.0,9.7,-62.92333333333334,302.0366666666667,0.0,0
2026-01-05 23:00:00,23,1,1,11.205,57.48,1006.8,4.9,59.4,83.0,12.2,-70.86333333333333,331.83,0.0,0
2026-01-06 00:00:00,0,2,1,10.733333333333333,53.97333333333333,1006.7,4.6,99.2,78.0,13.7,-72.18,15.176666666666668,0.0,0
2026-01-06 01:00:00,1,2,1,10.52,53.95,1006.95,4.5,74.2,78.0,12.6,-65.83666666666666,50.42333333333334,0.0,0
2026-01-06 02:00:00,2,2,1,10.37,52.655,1007.1,4.6,69.5,80.0,14.0,-55.77,70.48333333333333,0.0,0
2026-01-06 03:00:00,3,2,1,10.025,51.325,1007.05,3.9,62.5,66.0,14.4,-44.52,83.30333333333333,0.0,0
2026-01-06 04:00:00,4,2,1,9.713333333333331,51.00333333333333,1007.0,3.3,35.9,62.0,12.6,-32.973333333333336,93.2,0.0,0
2026-01-06 05:00:00,5,2,1,9.295,49.975,1007.4,2.7,21.1,60.0,14.8,-20.3275,102.9075,0.0,0
2026-01-06 06:00:00,6,2,1,9.266666666666666,49.656666666666666,1007.75,2.4,24.2,60.0,16.2,-9.307777777777778,111.56,0.0,1
2026-01-06 07:00:00,7,2,1,9.733333333333334,49.66333333333333,1008.2666666666668,1.3,27.3,63.0,14.8,1.4654166666666668,120.90999999999998,1.0,1
2026-01-06 08:00:00,8,2,1,9.856666666666667,49.91666666666666,1008.8,1.8,28.9,63.0,13.3,9.193478260869565,129.42391304347825,1.0,1
2026-01-06 09:00:00,9,2,1,10.073333333333332,50.07333333333333,1009.2000000000002,4.3,43.7,62.0,13.0,17.910666666666664,142.006,1.0,1
2026-01-06 10:00:00,10,2,1,9.986666666666666,49.65666666666666,1009.3333333333334,7.2,82.8,55.0,12.2,23.916,155.35866666666666,1.0,1
2026-01-06 11:00:00,11,2,1,10.07,49.81333333333333,1008.8333333333334,8.9,52.3,53.0,12.2,27.34,170.22666666666672,1.0,1
2026-01-06 12:00:00,12,2,1,10.36,50.77,1008.8333333333334,10.2,30.5,48.0,15.8,27.68928571428571,185.75125,1.0,1
2026-01-06 13:00:00,13,2,1,10.45,50.3,1008.7,10.7,96.9,43.0,18.0,24.97133333333333,201.31800000000004,1.0,1
2026-01-06 14:00:00,14,2,1,10.49,50.25,1009.0,11.0,100.0,42.0,14.8,19.522,215.06933333333333,1.0,1
2026-01-06 15:00:00,15,2,1,10.52,50.76333333333333,1009.3666666666668,10.8,90.6,43.0,9.7,11.357368421052632,227.89578947368423,1.0,1
2026-01-06 16:00:00,16,2,1,10.6575,50.035,1010.0,9.8,21.1,65.0,5.4,3.459642857142857,237.1385714285714,1.0,1
2026-01-06 17:00:00,17,2,1,13.161111111111111,45.59555555555554,1010.525,7.8,2.3,65.0,6.8,-6.113636363636363,245.86545454545453,1.0,1
2026-01-06 18:00:00,18,2,1,17.064444444444444,38.22111111111112,1011.15,7.0,5.5,58.0,11.5,-16.916,254.57,1.0,1
2026-01-06 19:00:00,19,2,1,19.01,33.74428571428572,1011.8333333333331,6.2,8.6,59.0,15.8,-29.386666666666667,264.1066666666666,1.0,1
2026-01-06 20:00:00,20,2,1,19.13214285714286,31.356,1012.35,5.2,15.6,63.0,16.9,-40.93333333333333,273.5566666666667,1.0,0
2026-01-06 21:00:00,21,2,1,19.735714285714284,28.28142857142857,1013.1,4.5,3.9,66.0,15.1,-52.32333333333333,285.2133333333333,0.0,0
2026-01-06 22:00:00,22,2,1,19.8575,27.012500000000003,1013.275,4.0,3.1,67.0,13.3,-62.89333333333334,302.3666666666668,0.0,0
2026-01-06 23:00:00,23,2,1,20.5725,27.715,1013.7,3.2,1.6,67.0,12.6,-70.78666666666668,332.21666666666664,0.0,0
2026-01-07 00:00:00,0,3,1,20.97,28.9,1013.6,2.3,0.8,68.0,12.2,-72.06,15.089999999999998,0.0,0
2026-01-07 01:00:00,1,3,1,21.4,28.905,1013.75,2.0,0.0,67.0,13.0,-65.74333333333334,50.23333333333333,0.0,0
2026-01-07 02:00:00,2,3,1,21.545,28.915,1014.0,1.2,0.0,70.0,13.3,-55.69333333333333,70.30666666666666,0.0,0
2026-01-07 03:00:00,3,3,1,21.53,28.805,1014.2,0.7,0.0,72.0,14.4,-44.45333333333334,83.15666666666668,0.0,0
2026-01-07 04:00:00,4,3,1,21.18,28.39,1014.3,0.3,0.0,72.0,15.1,-32.903333333333336,93.07333333333334,0.0,0
2026-01-07 05:00:00,5,3,1,21.35,28.08333333333333,1014.6333333333332,0.1,0.0,71.0,15.1,-20.2925,102.77,0.0,0
2026-01-07 06:00:00,6,3,1,21.765,27.47,1015.1,-0.3,0.0,70.0,13.0,-9.305555555555555,111.40000000000002,0.0,1
2026-01-07 07:00:00,7,3,1,21.680000000000003,30.743333333333336,1015.3666666666668,-0.1,0.0,68.0,13.7,1.467083333333333,120.73958333333336,1.0,1
2026-01-07 08:00:00,8,3,1,21.006,39.146,1015.84,0.4,0.0,66.0,12.2,9.205217391304348,129.24086956521737,1.0,1
2026-01-07 09:00:00,9,3,1,20.76,44.53,1016.2,2.8,0.0,65.0,12.6,17.94066666666667,141.8033333333333,1.0,1
2026-01-07 10:00:00,10,3,1,20.262,42.32000000000001,1016.0,6.0,3.9,60.0,13.0,23.98,155.158,1.0,1
2026-01-07 11:00:00,11,3,1,20.46375,38.20428571428572,1015.4166666666666,8.8,1.6,51.0,12.6,27.44333333333333,170.04066666666665,1.0,1
2026-01-07 12:00:00,12,3,1,20.52833333333333,34.638333333333335,1014.725,10.4,18.7,45.0,17.6,27.86375,185.740625,1.0,1
2026-01-07 13:00:00,13,3,1,19.69833333333333,30.425,1014.5333333333334,11.5,0.8,39.0,19.1,25.09333333333333,201.36066666666665,1.0,1
2026-01-07 14:00:00,14,3,1,19.596,30.046666666666667,1014.5666666666666,11.9,0.0,39.0,22.7,19.63266666666667,215.132,1.0,1
2026-01-07 15:00:00,15,3,1,19.985,37.125,1015.075,11.6,0.0,43.0,22.7,11.609444444444446,227.7805555555556,1.0,1
2026-01-07 16:00:00,16,3,1,20.80333333333333,41.5,1015.3666666666668,11.1,0.0,46.0,21.6,3.601379310344828,237.168275862069,1.0,1
2026-01-07 17:00:00,17,3,1,21.124,41.506,1016.05,9.7,0.8,50.0,23.0,-6.115454545454546,246.0381818181818,1.0,1
2026-01-07 18:00:00,18,3,1,21.365,44.45666666666667,1017.1,8.8,17.2,52.0,23.4,-16.916,254.736,1.0,1
2026-01-07 19:00:00,19,3,1,20.6,46.13,1017.75,8.3,22.7,54.0,20.2,-29.39333333333333,264.28666666666663,1.0,1
2026-01-07 20:00:00,20,3,1,19.702,43.1,1018.08,8.3,32.0,52.0,20.9,-40.943333333333335,273.76666666666665,1.0,0
2026-01-07 21:00:00,21,3,1,19.584,41.014,1018.4400000000002,8.3,15.6,52.0,22.0,-52.32333333333333,285.4766666666667,0.0,0
2026-01-07 22:00:00,22,3,1,18.73,40.766000000000005,1019.0,8.3,18.7,54.0,21.6,-62.87,302.71000000000004,0.0,0
2026-01-07 23:00:00,23,3,1,17.56,41.9575,1019.5,8.4,19.5,56.0,21.2,-70.70333333333332,332.6233333333334,0.0,0
2026-01-08 00:00:00,0,4,1,16.398333333333333,42.37333333333333,1019.55,8.4,72.7,59.0,20.5,-71.93333333333334,15.01,0.0,0
2026-01-08 01:00:00,1,4,1,16.384999999999998,42.620000000000005,1020.1,8.2,57.0,62.0,19.1,-65.64333333333333,50.03333333333333,0.0,0
2026-01-08 02:00:00,2,4,1,16.14,42.845,1020.55,8.4,62.5,62.0,24.1,-55.60999999999999,70.13000000000001,0.0,0
2026-01-08 03:00:00,3,4,1,15.975,43.54,1020.8,8.7,45.3,61.0,25.9,-44.376666666666665,83.00666666666666,0.0,0
2026-01-08 04:00:00,4,4,1,15.855,44.0,1020.8333333333334,8.5,55.5,62.0,26.3,-32.83,92.94333333333334,0.0,0
2026-01-08 05:00:00,5,4,1,15.22,44.56333333333333,1020.7666666666668,8.2,7.0,63.0,25.9,-20.2525,102.6225,0.0,0
2026-01-08 06:00:00,6,4,1,15.813333333333333,44.52333333333333,1021.1,8.0,2.3,64.0,26.3,-9.304444444444446,111.22666666666665,0.0,1
2026-01-08 07:00:00,7,4,1,16.8675,49.4675,1021.275,7.3,10.9,67.0,25.6,1.4745833333333334,120.56083333333332,1.0,1
2026-01-08 08:00:00,8,4,1,18.46,54.4,1021.74,7.2,4.7,69.0,25.9,9.21913043478261,129.04956521739132,1.0,1
2026-01-08 09:00:00,9,4,1,19.44857142857143,51.847142857142856,1022.175,8.2,43.0,67.0,27.7,17.972,141.58599999999998,1.0,1
2026-01-08 10:00:00,10,4,1,18.20928571428572,43.959333333333326,1021.6142857142858,9.4,23.4,69.0,24.5,24.05,154.94266666666667,1.0,1
2026-01-08 11:00:00,11,4,1,18.42714285714285,45.12285714285714,1020.7,10.9,13.3,65.0,27.0,27.551333333333336,169.84,1.0,1
2026-01-08 12:00:00,12,4,1,18.141111111111112,44.69444444444444,1019.6111111111112,12.2,90.6,60.0,30.2,28.027142857142856,185.2153333333333,1.0,1
2026-01-08 13:00:00,13,4,1,17.87857142857143,42.30375,1018.9571428571428,13.0,100.0,58.0,29.9,25.492000000000008,200.43266666666665,1.0,1
2026-01-08 14:00:00,14,4,1,17.93,41.261,1018.525,13.1,62.5,59.0,29.9,20.188,214.33733333333333,1.0,1
2026-01-08 15:00:00,15,4,1,19.15375,45.3111111111111,1018.09,13.2,63.3,60.0,28.8,11.927368421052634,227.55631578947373,1.0,1
2026-01-08 16:00:00,16,4,1,19.613333333333333,46.93333333333334,1018.2,13.1,55.5,58.0,29.9,3.586551724137932,237.3768965517241,1.0,1
2026-01-08 17:00:00,17,4,1,19.6,47.06,1018.4,12.1,88.3,58.0,29.5,-6.119090909090909,246.22,1.0,1
2026-01-08 18:00:00,18,4,1,20.098000000000003,48.5,1018.2272727272727,11.4,78.9,59.0,29.9,-16.919999999999998,254.916,1.0,1
2026-01-08 19:00:00,19,4,1,19.905,45.685,1018.55,10.7,86.7,58.0,33.8,-29.396666666666665,264.4833333333333,1.0,1
2026-01-08 20:00:00,20,4,1,19.0625,44.7625,1018.825,10.5,97.7,60.0,33.8,-40.946666666666665,273.99,1.0,0
2026-01-08 21:00:00,21,4,1,18.185,44.44,1018.85,10.4,100.0,62.0,32.4,-52.32333333333333,285.75333333333333,0.0,0
2026-01-08 22:00:00,22,4,1,17.725,44.465,1018.7,10.2,99.2,65.0,28.8,-62.84,303.08,0.0,0
2026-01-08 23:00:00,23,4,1,17.75,44.586666666666666,1018.6,9.9,98.4,67.0,31.3,-70.61333333333334,333.05,0.0,0
2026-01-09 00:00:00,0,5,1,17.554,44.57,1018.32,9.7,100.0,68.0,34.2,-71.80666666666667,14.916666666666666,0.0,0
2026-01-09 01:00:00,1,5,1,17.365000000000002,44.53555555555555,1017.3444444444444,9.7,100.0,67.0,38.9,-65.53333333333333,49.82,0.0,0
2026-01-09 02:00:00,2,5,1,16.926,45.17,1016.95,10.2,100.0,67.0,33.8,-55.52666666666667,69.93333333333334,0.0,0
2026-01-09 03:00:00,3,5,1,16.88,45.49,1016.5666666666666,10.6,100.0,68.0,29.9,-44.3,82.84666666666668,0.0,0
2026-01-09 04:00:00,4,5,1,16.86,45.88,1016.3666666666668,10.9,100.0,69.0,24.8,-32.75333333333333,92.81,0.0,0
2026-01-09 05:00:00,5,5,1,17.045,45.985,1016.2,11.2,100.0,69.0,22.0,-20.2125,102.4725,0.0,0
2026-01-09 06:00:00,6,5,1,18.093333333333334,45.195,1015.9,11.7,97.7,68.0,23.4,-9.30111111111111,111.0488888888889,0.0,1
2026-01-09 07:00:00,7,5,1,19.03333333333333,44.17666666666667,1015.52,12.0,91.4,68.0,22.7,1.4808333333333332,120.37333333333336,1.0,1
2026-01-09 08:00:00,8,5,1,18.343,46.17727272727273,1015.25,12.2,77.3,68.0,25.6,9.234347826086957,128.84956521739133,1.0,1
2026-01-09 09:00:00,9,5,1,19.051111111111112,52.81699999999999,1015.1900000000002,13.2,93.7,67.0,28.8,18.004,141.36266666666668,1.0,1
2026-01-09 10:00:00,10,5,1,19.59625,52.50375,1014.8714285714286,13.9,85.2,66.0,25.6,24.121333333333336,154.71866666666668,1.0,1
2026-01-09 11:00:00,11,5,1,19.90666666666667,52.12538461538462,1014.125,14.8,57.8,67.0,28.4,27.66533333333334,169.63133333333332,1.0,1
2026-01-09 12:00:00,12,5,1,19.77090909090909,51.60454545454545,1013.1636363636364,15.5,68.7,63.0,33.5,28.18733333333333,185.2033333333333,1.0,1
2026-01-09 13:00:00,13,5,1,18.986363636363635,50.99272727272727,1012.0,16.6,64.1,54.0,30.6,25.628,200.47800000000004,1.0,1
2026-01-09 14:00:00,14,5,1,18.608333333333327,45.08416666666667,1011.5551020408165,17.1,60.2,48.0,26.3,20.30933333333333,214.4066666666667,1.0,1
2026-01-09 15:00:00,15,5,1,18.435714285714283,40.143125,1011.3058823529412,17.2,3.9,46.0,21.6,12.206666666666669,227.4255555555556,1.0,1
2026-01-09 16:00:00,16,5,1,18.294,38.64071428571429,1011.6071428571428,16.1,3.1,46.0,20.2,3.724666666666667,237.428,1.0,1
2026-01-09 17:00:00,17,5,1,18.4,37.765,1012.45,14.5,1.6,48.0,20.5,-6.123636363636364,246.40727272727275,1.0,1
2026-01-09 18:00:00,18,5,1,19.03,37.56,1013.175,13.3,4.7,48.0,22.7,-16.922,255.1,1.0,1
2026-01-09 19:00:00,19,5,1,18.345,39.55166666666666,1014.0833333333334,12.7,7.0,49.0,19.8,-29.406666666666663,264.6866666666667,1.0,1
2026-01-09 20:00:00,20,5,1,18.15,41.23666666666667,1014.85,11.4,42.2,56.0,16.2,-40.95666666666667,274.22666666666663,1.0,0
2026-01-09 21:00:00,21,5,1,18.055,42.405,1015.15,10.9,26.6,60.0,16.6,-52.32,286.05,0.0,0
2026-01-09 22:00:00,22,5,1,17.825,43.4,1015.5,10.6,64.1,58.0,18.4,-62.81,303.46666666666664,0.0,0
2026-01-09 23:00:00,23,5,1,17.55333333333333,44.06666666666666,1015.6333333333332,10.6,32.8,59.0,18.4,-70.52333333333333,333.5,0.0,0
2026-01-10 00:00:00,0,6,1,17.185000000000002,43.552,1016.06,10.0,1.6,62.0,19.4,-71.66666666666667,14.816666666666668,0.0,0
2026-01-10 01:00:00,1,6,1,17.106666666666666,43.53333333333333,1016.7,9.7,5.5,65.0,18.0,-65.42333333333333,49.59666666666666,0.0,0
2026-01-10 02:00:00,2,6,1,16.743333333333332,43.126666666666665,1017.2,8.5,9.4,69.0,17.6,-55.44,69.73333333333333,0.0,0
2026-01-10 03:00:00,3,6,1,16.436666666666667,42.540000000000006,1017.6666666666666,7.8,23.4,69.0,17.6,-44.22,82.67666666666666,0.0,0
2026-01-10 04:00:00,4,6,1,16.47,42.295,1018.1,7.6,25.0,67.0,18.0,-32.67333333333334,92.66333333333334,0.0,0
2026-01-10 05:00:00,5,6,1,16.29,42.34,1018.4,7.5,43.7,65.0,18.4,-20.172500000000003,102.31,0.0,0
2026-01-10 06:00:00,6,6,1,16.0375,42.1725,1018.375,7.4,61.7,64.0,19.4,-9.3,110.86,0.0,0
2026-01-10 07:00:00,7,6,1,16.085,41.9925,1019.2,7.0,2.3,60.0,16.9,1.6512,120.3436,0.0,0
2026-01-10 08:00:00,8,6,1,16.41,41.775000000000006,1019.7,7.1,0.0,58.0,17.3,9.412727272727272,128.8277272727273,0.0,0
2026-01-10 09:00:00,9,6,1,16.38,40.575,1020.05,8.7,0.8,55.0,17.3,18.03933333333333,141.12333333333336,0.0,0
2026-01-10 10:00:00,10,6,1,16.266363636363636,38.92071428571428,1020.2666666666668,10.6,0.0,53.0,18.4,24.194666666666663,154.4826666666667,0.0,0
2026-01-10 11:00:00,11,6,1,16.13444444444444,36.03272727272727,1019.4090909090908,12.2,0.0,44.0,19.4,27.78333333333333,169.41133333333337,0.0,0
2026-01-10 12:00:00,12,6,1,16.089999999999996,34.64818181818182,1018.7363636363636,13.3,0.0,40.0,19.4,28.336,185.192,0.0,0
2026-01-10 13:00:00,13,6,1,16.22375,33.919,1017.9444444444443,14.2,0.8,36.0,18.7,25.768,200.52666666666664,0.0,0
2026-01-10 14:00:00,14,6,1,16.33,33.425,1017.3,14.8,24.2,37.0,16.6,20.44,214.484,0.0,0
2026-01-10 15:00:00,15,6,1,16.455,33.575,1016.85,15.0,59.4,39.0,14.8,12.28611111111111,227.56444444444443,0.0,0
2026-01-10 16:00:00,16,6,1,16.463333333333335,34.156666666666666,1017.35,13.8,60.9,52.0,14.4,3.880344827586208,237.48965517241376,0.0,0
2026-01-10 17:00:00,17,6,1,16.34,34.8975,1017.95,11.7,43.7,56.0,14.0,-5.149090909090909,245.7972727272727,0.0,0
2026-01-10 18:00:00,18,6,1,16.2075,36.2225,1018.725,10.2,64.8,61.0,18.7,-16.105,254.6583333333333,0.0,0
2026-01-10 19:00:00,19,6,1,16.24,37.06666666666667,1019.4,9.6,86.7,58.0,16.9,-29.413333333333338,264.89666666666665,0.0,0
2026-01-10 20:00:00,20,6,1,16.009999999999998,37.885000000000005,1019.6,8.6,84.4,60.0,14.4,-40.96,274.47,0.0,0
2026-01-10 21:00:00,21,6,1,15.735,38.295,1019.85,8.0,89.1,60.0,15.1,-52.31333333333333,286.35,0.0,0
2026-01-10 22:00:00,22,6,1,16.02,38.5,1019.7666666666668,8.5,86.7,55.0,17.3,-62.77666666666667,303.8666666666666,0.0,0
2026-01-10 23:00:00,23,6,1,15.748,38.868,1019.5,8.3,64.1,56.0,17.6,-70.42,333.95666666666665,0.0,0
2026-01-11 00:00:00,0,7,1,15.72,39.56,1019.0666666666666,7.8,36.7,58.0,15.8,-71.52,14.716666666666669,0.0,0
2026-01-11 01:00:00,1,7,1,15.996666666666668,39.605,1019.0333333333332,7.7,82.8,59.0,14.8,-65.31,49.37,0.0,0
2026-01-11 02:00:00,2,7,1,15.94,39.935,1018.6,7.0,89.8,63.0,14.8,-55.34333333333333,69.52666666666666,0.0,0
2026-01-11 03:00:00,3,7,1,15.855,40.150000000000006,1018.85,6.4,47.7,65.0,13.3,-44.13,82.5,0.0,0
2026-01-11 04:00:00,4,7,1,15.913333333333334,40.49333333333333,1018.7333333333332,5.4,46.9,71.0,12.6,-32.593333333333334,92.51333333333334,0.0,0
2026-01-11 05:00:00,5,7,1,15.74,40.86666666666667,1019.25,4.7,37.5,73.0,12.6,-20.1275,102.145,0.0,0
2026-01-11 06:00:00,6,7,1,15.585,41.08,1019.65,4.6,21.9,73.0,11.9,-9.296666666666663,110.66333333333334,0.0,0
2026-01-11 07:00:00,7,7,1,15.62,41.13,1019.85,4.3,32.0,75.0,11.2,1.6568,120.13599999999998,0.0,0
2026-01-11 08:00:00,8,7,1,15.526,41.236,1020.5,4.6,3.1,74.0,13.3,9.42863636363636,128.60590909090914,0.0,0
2026-01-11 09:00:00,9,7,1,15.085,41.86,1021.0,6.6,1.6,70.0,12.6,18.076,140.878,0.0,0
2026-01-11 10:00:00,10,7,1,15.0,41.975,1020.75,9.3,0.0,65.0,11.9,24.273333333333333,154.236,0.0,0
2026-01-11 11:00:00,11,7,1,15.105,42.12,1020.0,11.8,0.0,57.0,9.4,27.908,169.18400000000003,0.0,0
2026-01-11 12:00:00,12,7,1,15.266666666666666,42.13333333333333,1019.1,13.1,0.0,52.0,8.3,28.46642857142857,184.83375,0.0,0
2026-01-11 13:00:00,13,7,1,15.375,42.05800000000001,1018.5,14.0,15.6,51.0,8.6,25.915333333333333,200.57800000000003,0.0,0
2026-01-11 14:00:00,14,7,1,15.483333333333334,42.02666666666666,1018.1,14.6,0.0,50.0,6.8,20.576,214.562,0.0,0
2026-01-11 15:00:00,15,7,1,15.516666666666666,41.98333333333333,1018.1,14.8,0.0,51.0,9.0,12.46388888888889,227.5955555555556,0.0,0
2026-01-11 16:00:00,16,7,1,15.6,42.18,1018.5,13.9,0.0,62.0,13.3,4.016333333333334,237.56133333333327,0.0,0
2026-01-11 17:00:00,17,7,1,15.65,42.92,1018.7,11.6,63.3,66.0,16.2,-5.156363636363637,246.00818181818184,0.0,0
2026-01-11 18:00:00,18,7,1,15.566666666666668,43.59333333333333,1019.0333333333334,10.7,29.7,69.0,15.1,-16.105,254.86166666666668,0.0,0
2026-01-11 19:00:00,19,7,1,15.515,44.435,1019.4,9.7,35.9,79.0,9.4,-29.42,265.12333333333333,0.0,0
2026-01-11 20:00:00,20,7,1,15.3075,45.4775,1019.5,8.6,97.7,82.0,9.7,-40.97,274.73,0.0,0
2026-01-11 21:00:00,21,7,1,15.01,47.47,1019.5,7.7,95.3,85.0,10.8,-52.31,286.67333333333335,0.0,0
2026-01-11 22:00:00,22,7,1,15.145,47.385,1019.8,7.3,91.4,84.0,11.5,-62.74,304.29,0.0,0
2026-01-11 23:00:00,23,7,1,15.156666666666666,47.46666666666667,1019.4666666666668,6.6,99.2,84.0,11.9,-70.32,334.44666666666666,0.0,0
2026-01-12 00:00:00,0,1,1,15.175,47.45,1019.1,6.3,93.0,84.0,12.6,-71.36666666666667,14.61,0.0,0
2026-01-12 01:00:00,1,1,1,15.165,47.575,1018.7,6.0,74.2,83.0,12.2,-65.18333333333334,49.123333333333335,0.0,0
2026-01-12 02:00:00,2,1,1,15.055,47.725,1018.4,6.0,93.0,81.0,12.2,-55.24,69.30333333333333,0.0,0
2026-01-12 03:00:00,3,1,1,15.065,47.685,1018.4,5.9,99.2,81.0,11.9,-44.04666666666666,82.31666666666666,0.0,0
2026-01-12 04:00:00,4,1,1,15.056666666666665,47.71333333333333,1018.0,6.0,72.7,80.0,13.3,-32.50333333333333,92.35,0.0,0
2026-01-12 05:00:00,5,1,1,15.1675,47.5675,1017.9333333333334,6.3,85.9,78.0,14.0,-20.08,101.9725,0.0,0
2026-01-12 06:00:00,6,1,1,15.72,46.79,1018.0,6.4,78.1,77.0,14.8,-9.294444444444444,110.45444444444443,0.0,1
2026-01-12 07:00:00,7,1,1,17.701666666666664,49.09,1018.0666666666666,5.9,89.8,80.0,14.8,1.6644,119.92,1.0,1
2026-01-12 08:00:00,8,1,1,19.958,54.566,1018.2333333333332,6.0,96.1,81.0,15.5,9.654545454545454,128.64772727272722,1.0,1
2026-01-12 09:00:00,9,1,1,21.20333333333333,57.38,1018.35,8.2,77.3,75.0,14.8,18.596666666666668,141.45266666666666,1.0,1
2026-01-12 10:00:00,10,1,1,21.12333333333333,56.00666666666667,1017.75,10.8,84.4,70.0,13.7,24.686000000000003,154.92999999999998,1.0,1
2026-01-12 11:00:00,11,1,1,21.385,52.208333333333336,1016.925,13.0,59.4,66.0,11.9,28.177333333333333,169.97933333333333,1.0,1
2026-01-12 12:00:00,12,1,1,20.91,47.55,1015.8,14.8,81.2,64.0,10.8,28.606153846153845,185.30733333333333,1.0,1
2026-01-12 13:00:00,13,1,1,20.096666666666668,46.656666666666666,1015.0,16.0,71.9,62.0,10.8,26.069333333333336,200.63200000000003,1.0,1
2026-01-12 14:00:00,14,1,1,19.73,47.265,1014.7,16.8,85.2,60.0,12.6,20.71733333333333,214.64666666666665,1.0,1
2026-01-12 15:00:00,15,1,1,20.14333333333333,53.93666666666667,1014.5333333333332,16.6,94.5,61.0,14.8,12.777647058823527,227.4564705882353,1.0,1
2026-01-12 16:00:00,16,1,1,20.365,55.84,1014.2,15.0,93.7,70.0,14.8,4.301,237.49333333333337,1.0,1
2026-01-12 17:00:00,17,1,1,19.98,55.115,1014.5,12.7,80.5,77.0,11.9,-5.161818181818182,246.2290909090909,1.0,1
2026-01-12 18:00:00,18,1,1,20.84,56.4475,1014.4666666666668,11.3,71.1,84.0,9.0,-16.108333333333334,255.08,1.0,1
2026-01-12 19:00:00,19,1,1,21.326666666666668,55.02333333333333,1014.7,10.7,93.7,88.0,5.8,-29.426666666666662,265.3566666666666,1.0,1
2026-01-12 20:00:00,20,1,1,20.1,54.35,1014.55,9.8,56.2,92.0,6.5,-40.973333333333336,275.0,1.0,0
2026-01-12 21:00:00,21,1,1,19.14333333333333,54.63999999999999,1014.4,9.0,85.2,92.0,7.6,-52.31,287.00666666666666,0.0,0
2026-01-12 22:00:00,22,1,1,18.6,54.36666666666667,1014.3666666666668,8.5,79.7,90.0,6.5,-62.70333333333334,304.73,0.0,0
2026-01-12 23:00:00,23,1,1,18.19,53.620000000000005,1014.2,7.7,88.3,90.0,5.4,-70.20666666666666,334.9466666666667,0.0,0
2026-01-13 00:00:00,0,2,1,17.98,53.13,1013.7333333333332,7.1,85.2,88.0,6.1,-71.21,14.506666666666668,0.0,0
2026-01-13 01:00:00,1,2,1,17.723333333333333,52.73666666666666,1013.2,6.7,60.2,88.0,6.5,-65.05333333333334,48.88333333333333,0.0,0
2026-01-13 02:00:00,2,2,1,17.545,52.105,1012.85,5.9,37.5,88.0,6.1,-55.13666666666666,69.08,0.0,0
2026-01-13 03:00:00,3,2,1,17.4,51.73,1012.55,5.4,94.5,87.0,6.1,-43.95,82.12666666666667,0.0,0
2026-01-13 04:00:00,4,2,1,17.07,51.22,1012.1,5.0,93.7,87.0,5.4,-32.41,92.19,0.0,0
2026-01-13 05:00:00,5,2,1,17.066666666666666,49.796666666666674,1012.1,4.9,74.2,86.0,5.0,-20.0325,101.7875,0.0,0
2026-01-13 06:00:00,6,2,1,17.6,48.56,1012.3333333333334,4.9,53.9,84.0,5.0,-9.292222222222222,110.2377777777778,0.0,1
2026-01-13 07:00:00,7,2,1,19.1075,50.355,1012.5,4.9,49.2,82.0,5.4,1.6708,119.6928,1.0,1
2026-01-13 08:00:00,8,2,1,20.275,53.74,1012.8,5.2,49.2,81.0,6.5,9.671818181818182,128.40590909090912,1.0,1
2026-01-13 09:00:00,9,2,1,20.450000000000003,55.52333333333333,1012.95,7.4,61.7,75.0,5.8,18.638,141.18333333333334,1.0,1
2026-01-13 10:00:00,10,2,1,20.92,54.72,1012.7,10.1,53.9,71.0,3.6,24.774,154.66,1.0,1
2026-01-13 11:00:00,11,2,1,21.35333333333333,55.27,1012.1,12.2,95.3,62.0,3.6,28.315333333333328,169.73266666666666,1.0,1
2026-01-13 12:00:00,12,2,1,21.387500000000003,57.83,1011.2666666666668,13.5,100.0,60.0,5.4,28.77230769230769,185.29466666666667,1.0,1
2026-01-13 13:00:00,13,2,1,20.7775,53.71,1010.6,14.2,100.0,62.0,5.8,26.230666666666668,200.6893333333333,1.0,1
2026-01-13 14:00:00,14,2,1,19.905,54.185,1010.4,14.2,100.0,63.0,6.1,20.86533333333333,214.73533333333333,1.0,1
2026-01-13 15:00:00,15,2,1,20.03,57.41,1010.4,13.8,100.0,67.0,5.8,12.878823529411768,227.6005882352941,1.0,1
2026-01-13 16:00:00,16,2,1,20.69,60.72,1010.5,12.9,100.0,75.0,5.4,4.285333333333332,237.75366666666665,1.0,1
2026-01-13 17:00:00,17,2,1,20.41,58.45,1010.8,11.0,100.0,87.0,4.7,-5.163636363636363,246.45999999999995,1.0,1
2026-01-13 18:00:00,18,2,1,20.576666666666668,60.39333333333334,1011.2,10.5,100.0,91.0,6.5,-16.11,255.30000000000004,1.0,1
2026-01-13 19:00:00,19,2,1,20.0475,56.07,1011.5333333333332,9.6,100.0,93.0,7.2,-29.433333333333334,265.59666666666664,1.0,1
2026-01-13 20:00:00,20,2,1,19.44,56.22,1011.8,8.6,91.4,95.0,7.9,-40.98,275.28,1.0,0
2026-01-13 21:00:00,21,2,1,18.79,56.93000000000001,1012.2,7.7,70.3,96.0,7.2,-52.296666666666674,287.3566666666667,0.0,0
2026-01-13 22:00:00,22,2,1,18.4775,56.91,1012.3,7.6,70.3,93.0,5.8,-62.66,305.18333333333334,0.0,0
2026-01-13 23:00:00,23,2,1,18.17,56.830000000000005,1012.25,7.4,1.6,90.0,5.8,-70.08666666666666,335.4533333333333,0.0,0
2026-01-14 00:00:00,0,3,1,18.025,55.87,1012.1,7.1,10.2,86.0,6.1,-71.04,14.4,0.0,0
2026-01-14 01:00:00,1,3,1,17.880000000000003,55.49,1012.3,6.7,100.0,84.0,7.9,-64.92333333333333,48.626666666666665,0.0,0
2026-01-14 02:00:00,2,3,1,17.73,55.025,1012.7,6.2,99.2,83.0,7.6,-55.03,68.84333333333333,0.0,0
2026-01-14 03:00:00,3,3,1,17.673333333333332,54.05,1012.75,5.8,94.5,81.0,9.0,-43.84666666666666,81.92666666666666,0.0,0
2026-01-14 04:00:00,4,3,1,17.405,53.795,1012.45,5.5,86.7,82.0,10.4,-32.31333333333333,92.01666666666668,0.0,0
2026-01-14 05:00:00,5,3,1,17.347500000000004,50.992,1012.75,5.5,83.6,81.0,12.6,-19.9825,101.5975,0.0,0
2026-01-14 06:00:00,6,3,1,17.796666666666667,49.27333333333333,1013.15,5.6,69.5,81.0,14.0,-9.288888888888888,110.01222222222222,0.0,1
2026-01-14 07:00:00,7,3,1,19.166,49.81,1013.62,5.2,89.8,83.0,10.8,1.6787999999999998,119.4572,1.0,1
2026-01-14 08:00:00,8,3,1,20.6575,50.24,1014.05,5.5,100.0,84.0,12.6,9.688636363636364,128.15045454545452,1.0,1
2026-01-14 09:00:00,9,3,1,21.85,49.625,1014.5333333333332,7.8,100.0,79.0,12.6,18.678,140.902,1.0,1
2026-01-14 10:00:00,10,3,1,21.39333333333333,47.7075,1014.45,10.4,100.0,76.0,11.9,24.864,154.38133333333332,1.0,1
2026-01-14 11:00:00,11,3,1,21.506666666666664,53.67333333333334,1013.9666666666666,13.0,100.0,70.0,8.6,28.45733333333333,169.47333333333333,1.0,1
2026-01-14 12:00:00,12,3,1,21.156666666666663,51.05,1013.3333333333334,14.9,90.6,67.0,10.1,28.994000000000003,185.276,1.0,1
2026-01-14 13:00:00,13,3,1,20.15,48.835,1012.8,16.6,99.2,59.0,14.4,26.398666666666667,200.7466666666666,1.0,1
2026-01-14 14:00:00,14,3,1,19.44,48.1,1012.5,17.5,89.1,53.0,15.8,21.020666666666667,214.822,1.0,1
2026-01-14 15:00:00,15,3,1,19.995,53.105,1012.5,17.7,74.2,52.0,15.1,13.229375000000005,227.436875,1.0,1
2026-01-14 16:00:00,16,3,1,20.46666666666667,55.27333333333333,1012.7000000000002,16.6,28.1,58.0,16.6,4.5826666666666656,237.69333333333324,1.0,1
2026-01-14 17:00:00,17,3,1,20.7825,54.91,1013.25,14.4,8.6,64.0,18.4,-4.769999999999999,246.37083333333337,1.0,1
2026-01-14 18:00:00,18,3,1,21.24,58.135,1013.75,12.5,9.4,71.0,15.8,-16.11,255.535,1.0,1
2026-01-14 19:00:00,19,3,1,20.995,56.10333333333333,1014.05,10.4,17.2,89.0,12.6,-29.44333333333334,265.8533333333333,1.0,1
2026-01-14 20:00:00,20,3,1,19.953333333333337,55.080000000000005,1014.25,9.4,6.2,93.0,6.8,-40.99,275.5733333333333,1.0,0
2026-01-14 21:00:00,21,3,1,19.47,55.3,1014.5,8.5,0.0,95.0,6.1,-52.29666666666666,287.71666666666664,0.0,0
2026-01-14 22:00:00,22,3,1,19.136666666666667,55.620000000000005,1014.9666666666668,8.1,0.0,94.0,7.6,-62.61333333333334,305.66333333333336,0.0,0
2026-01-14 23:00:00,23,3,1,18.68,55.45,1014.95,7.1,0.0,93.0,8.3,-69.96666666666668,335.98999999999995,0.0,0
2026-01-15 00:00:00,0,4,1,18.485,55.255,1014.65,6.3,0.0,92.0,10.1,-70.87,14.286666666666669,0.0,0
2026-01-15 01:00:00,1,4,1,18.425,54.675,1014.3,6.6,8.6,89.0,10.1,-64.78333333333333,48.36333333333334,0.0,0
2026-01-15 02:00:00,2,4,1,18.03,54.43,1014.15,6.5,0.0,86.0,10.8,-54.91666666666666,68.59666666666668,0.0,0
2026-01-15 03:00:00,3,4,1,17.585,54.575,1014.2,6.5,0.0,84.0,11.2,-43.74666666666667,81.71666666666665,0.0,0
2026-01-15 04:00:00,4,4,1,17.47,54.075,1013.9,6.4,0.0,83.0,12.2,-32.21333333333334,91.84,0.0,0
2026-01-15 05:00:00,5,4,1,17.83,52.03,1014.0,6.3,0.0,81.0,11.9,-19.9325,101.4025,0.0,0
2026-01-15 06:00:00,6,4,1,18.618,49.056,1014.0333333333332,5.9,59.4,81.0,11.5,-9.284444444444444,109.78,0.0,1
2026-01-15 07:00:00,7,4,1,19.72,49.015,1014.15,5.5,2.3,81.0,11.2,1.6868,119.2148,1.0,1
2026-01-15 08:00:00,8,4,1,20.96,47.5925,1014.35,5.9,2.3,79.0,12.2,9.70681818181818,127.89,1.0,0
2026-01-15 09:00:00,9,4,1,22.185,47.39,1014.65,8.0,0.8,75.0,11.5,18.723333333333333,140.612,0.0,1
2026-01-15 10:00:00,10,4,1,21.4425,46.75750000000001,1014.3,11.0,0.0,70.0,11.2,24.959333333333337,154.09333333333333,1.0,1
2026-01-15 11:00:00,11,4,1,21.27,45.638000000000005,1013.36,13.7,0.0,62.0,9.7,28.605333333333338,169.20333333333335,1.0,1
2026-01-15 12:00:00,12,4,1,20.66333333333333,44.2325,1012.3333333333334,15.4,1.6,57.0,10.4,29.15285714285714,185.2633333333333,1.0,1
2026-01-15 13:00:00,13,4,1,20.004,42.772,1011.4666666666668,15.8,29.7,55.0,14.4,26.572000000000003,200.80866666666665,1.0,1
2026-01-15 14:00:00,14,4,1,18.843333333333334,42.81333333333333,1010.85,16.3,78.9,51.0,15.5,21.180666666666664,214.91666666666663,1.0,1
2026-01-15 15:00:00,15,4,1,19.39333333333333,47.55,1010.85,16.3,91.4,51.0,16.9,13.396875,227.526875,1.0,1
2026-01-15 16:00:00,16,4,1,20.125,50.835,1010.75,15.5,99.2,56.0,16.9,4.876000000000001,237.64,1.0,1
2026-01-15 17:00:00,17,4,1,20.842,51.338,1011.2,13.2,96.1,68.0,15.5,-4.39923076923077,246.32,1.0,0
2026-01-15 18:00:00,18,4,1,22.276666666666667,52.1825,1011.6,12.1,100.0,76.0,14.0,-16.115000000000002,255.77666666666667,0.0,0
2026-01-15 19:00:00,19,4,1,22.875000000000004,52.040000000000006,1011.8,11.8,100.0,70.0,11.9,-29.44666666666667,266.1166666666666,0.0,1
2026-01-15 20:00:00,20,4,1,21.755,50.5475,1012.05,11.3,100.0,69.0,12.2,-40.99,275.88333333333327,1.0,0
2026-01-15 21:00:00,21,4,1,20.76,50.25,1012.05,10.5,100.0,71.0,14.0,-52.28333333333333,288.09666666666664,0.0,0
2026-01-15 22:00:00,22,4,1,20.24,50.09666666666666,1011.8333333333334,9.7,100.0,74.0,15.1,-62.56666666666666,306.15333333333336,0.0,0
2026-01-15 23:00:00,23,4,1,19.855,48.99,1011.6,8.9,100.0,75.0,14.8,-69.83666666666666,336.53333333333336,0.0,0
2026-01-16 00:00:00,0,5,1,19.725,48.685,1011.8,8.4,100.0,76.0,14.4,-70.69,14.173333333333334,0.0,0
2026-01-16 01:00:00,1,5,1,19.42,48.58,1011.55,8.2,100.0,75.0,13.7,-64.64,48.09666666666666,0.0,0
2026-01-16 02:00:00,2,5,1,19.255000000000003,48.335,1011.2,8.4,100.0,74.0,13.3,-54.79666666666666,68.34666666666668,0.0,0
2026-01-16 03:00:00,3,5,1,19.07,48.36000000000001,1010.85,8.7,87.5,74.0,12.2,-43.63999999999999,81.50666666666667,0.0,0
2026-01-16 04:00:00,4,5,1,18.85333333333333,48.29333333333333,1010.6,8.5,92.2,77.0,11.9,-32.10333333333333,91.66,0.0,0
2026-01-16 05:00:00,5,5,1,18.86,47.58,1010.15,8.2,68.0,83.0,11.5,-19.8775,101.195,0.0,0
2026-01-16 06:00:00,6,5,1,19.686666666666667,46.49,1010.0333333333332,7.7,100.0,89.0,11.5,-9.283333333333331,109.53444444444445,0.0,1
2026-01-16 07:00:00,7,5,1,20.75,49.135000000000005,1010.25,7.8,36.7,91.0,10.1,1.6936000000000002,118.95920000000002,1.0,1
2026-01-16 08:00:00,8,5,1,21.73,48.675,1010.0,7.9,33.6,90.0,10.8,9.722727272727273,127.61636363636364,1.0,1
2026-01-16 09:00:00,9,5,1,21.91,49.175,1010.35,10.0,90.6,87.0,10.4,18.768666666666665,140.312,1.0,1
2026-01-16 10:00:00,10,5,1,21.64333333333333,51.74,1009.9333333333334,11.4,100.0,84.0,12.2,25.05400000000001,153.79599999999996,1.0,0
2026-01-16 11:00:00,11,5,1,22.205,54.96,1009.4333333333334,12.0,95.3,81.0,11.9,28.758,168.926,0.0,1
2026-01-16 12:00:00,12,5,1,21.880000000000003,49.548,1008.54,13.0,60.9,74.0,10.8,29.36133333333333,184.891875,1.0,1
2026-01-16 13:00:00,13,5,1,20.7825,47.7025,1007.75,14.6,98.4,66.0,5.4,26.752666666666663,200.872,1.0,1
2026-01-16 14:00:00,14,5,1,20.37,48.49,1007.5,13.6,98.4,69.0,8.3,21.346666666666668,215.01533333333333,1.0,1
2026-01-16 15:00:00,15,5,1,20.03,49.46,1007.25,13.6,100.0,69.0,9.7,13.526875000000002,227.6675,1.0,1
2026-01-16 16:00:00,16,5,1,19.805,50.72,1006.9,13.2,100.0,76.0,11.9,4.857333333333333,237.934,1.0,1
2026-01-16 17:00:00,17,5,1,19.726666666666667,51.69166666666666,1006.82,12.1,100.0,83.0,8.6,-4.406923076923077,246.58,1.0,1
2026-01-16 18:00:00,18,5,1,19.49,52.682500000000005,1007.15,11.3,100.0,87.0,9.7,-16.116666666666667,256.0266666666667,1.0,1
2026-01-16 19:00:00,19,5,1,18.795,54.32,1007.6,10.7,100.0,89.0,14.0,-29.453333333333333,266.39000000000004,1.0,1
2026-01-16 20:00:00,20,5,1,18.543333333333333,55.153333333333336,1007.15,10.1,99.2,92.0,14.4,-41.0,276.1966666666667,1.0,0
2026-01-16 21:00:00,21,5,1,18.566666666666663,55.11000000000001,1006.8333333333334,9.9,99.2,93.0,13.0,-52.27333333333333,288.4833333333333,0.0,0
2026-01-16 22:00:00,22,5,1,18.795,54.63,1006.75,9.0,100.0,94.0,10.8,-62.51666666666667,306.65333333333336,0.0,0
2026-01-16 23:00:00,23,5,1,18.80333333333333,54.39666666666667,1006.3666666666668,9.4,100.0,95.0,11.2,-69.70333333333333,337.08666666666664,0.0,0
2026-01-17 00:00:00,0,6,1,18.83,54.32333333333333,1005.8,9.3,100.0,95.0,7.9,-70.50333333333333,14.056666666666668,0.0,0
2026-01-17 01:00:00,1,6,1,18.83,54.355,1005.4,8.1,100.0,96.0,4.7,-64.49000000000001,47.81666666666667,0.0,0
2026-01-17 02:00:00,2,6,1,18.742,54.348,1005.14,7.8,100.0,96.0,4.3,-54.673333333333325,68.08666666666666,0.0,0
2026-01-17 03:00:00,3,6,1,18.71,54.36,1004.65,8.3,100.0,97.0,6.8,-43.53,81.29,0.0,0
2026-01-17 04:00:00,4,6,1,18.5875,54.3325,1004.15,8.4,100.0,97.0,8.3,-32.0,91.46999999999998,0.0,0
2026-01-17 05:00:00,5,6,1,18.51,54.21,1004.15,8.5,100.0,96.0,5.8,-19.8225,100.9825,0.0,0
2026-01-17 06:00:00,6,6,1,18.325,54.28,1003.85,8.4,100.0,96.0,4.0,-9.28111111111111,109.28444444444445,0.0,0
2026-01-17 07:00:00,7,6,1,18.28,54.16,1003.9,9.4,100.0,97.0,7.2,1.8684615384615384,118.8676923076923,0.0,0
2026-01-17 08:00:00,8,6,1,18.25,53.93666666666667,1004.1,9.3,100.0,96.0,7.9,9.918571428571427,127.53761904761902,0.0,0
2026-01-17 09:00:00,9,6,1,18.206666666666663,53.77666666666666,1004.4666666666668,9.8,100.0,95.0,8.6,18.814,139.9993333333333,0.0,0
2026-01-17 10:00:00,10,6,1,18.08,53.92,1004.3,9.9,100.0,96.0,9.0,25.152666666666665,153.48399999999998,0.0,0
2026-01-17 11:00:00,11,6,1,17.985,53.8875,1003.7333333333332,10.3,100.0,93.0,10.4,28.91333333333333,168.63466666666667,0.0,0
2026-01-17 12:00:00,12,6,1,17.71,53.875,1003.2,10.4,100.0,91.0,11.9,29.573750000000004,184.858125,0.0,0
2026-01-17 13:00:00,13,6,1,17.53,53.64333333333334,1002.7333333333332,11.5,100.0,83.0,8.3,26.93933333333333,200.9373333333333,0.0,0
2026-01-17 14:00:00,14,6,1,17.369999999999997,53.1,1002.5,11.6,100.0,79.0,9.7,21.518666666666668,215.11533333333333,0.0,0
2026-01-17 15:00:00,15,6,1,17.35,52.64,1002.5,11.8,100.0,74.0,11.5,13.926666666666666,227.47066666666663,0.0,0
2026-01-17 16:00:00,16,6,1,17.43,52.075,1002.5,11.8,99.2,73.0,9.4,5.155666666666666,237.8993333333333,0.0,0
2026-01-17 17:00:00,17,6,1,17.264999999999997,51.572500000000005,1002.8,10.5,79.7,77.0,7.2,-4.075,246.5721428571429,0.0,0
2026-01-17 18:00:00,18,6,1,17.09,50.64,1003.1,9.6,89.1,76.0,7.9,-16.118333333333336,256.29,0.0,0
2026-01-17 19:00:00,19,6,1,16.91,49.865,1003.35,9.4,99.2,71.0,13.3,-29.456666666666667,266.67333333333335,0.0,0
2026-01-17 20:00:00,20,6,1,17.04,48.97,1003.7,8.7,100.0,73.0,13.3,-41.00333333333333,276.52333333333337,0.0,0
2026-01-17 21:00:00,21,6,1,16.82,48.375,1003.75,7.9,63.3,76.0,13.0,-52.26666666666667,288.8933333333334,0.0,0
2026-01-17 22:00:00,22,6,1,16.83,48.175,1004.2,7.3,47.7,78.0,12.6,-62.46666666666667,307.18333333333334,0.0,0
2026-01-17 23:00:00,23,6,1,16.86,47.915,1004.0,6.8,96.1,78.0,13.0,-69.56333333333333,337.6666666666667,0.0,0
2026-01-18 00:00:00,0,7,1,16.817500000000003,47.472,1004.06,6.8,97.7,76.0,13.3,-70.31333333333333,13.936666666666667,0.0,0
2026-01-18 01:00:00,1,7,1,16.72666666666667,47.195,1003.95,7.2,96.9,74.0,13.7,-64.33333333333333,47.53,0.0,0
2026-01-18 02:00:00,2,7,1,16.9775,46.3025,1004.275,6.7,100.0,76.0,13.0,-54.54666666666666,67.82000000000001,0.0,0
2026-01-18 03:00:00,3,7,1,16.72,46.11,1004.3,6.1,99.2,78.0,13.3,-43.41666666666666,81.06333333333333,0.0,0
2026-01-18 04:00:00,4,7,1,16.810000000000002,45.836666666666666,1004.4666666666668,5.4,88.3,81.0,13.3,-31.883333333333336,91.27,0.0,0
2026-01-18 05:00:00,5,7,1,16.873333333333335,45.54,1004.7000000000002,4.8,61.7,83.0,12.2,-19.7625,100.765,0.0,0
2026-01-18 06:00:00,6,7,1,16.833333333333332,45.29,1005.2000000000002,4.1,11.7,85.0,11.5,-9.276666666666666,109.02444444444444,0.0,0
2026-01-18 07:00:00,7,7,1,16.683333333333334,44.99333333333334,1005.7333333333336,4.1,6.2,86.0,10.1,1.877307692307692,118.5961538461538,0.0,0
2026-01-18 08:00:00,8,7,1,16.42,44.93666666666667,1006.3,4.1,7.0,86.0,10.4,9.937142857142858,127.24619047619048,0.0,0
2026-01-18 09:00:00,9,7,1,15.9375,45.36749999999999,1006.975,6.5,8.6,81.0,9.7,18.863333333333337,139.6786666666667,0.0,0
2026-01-18 10:00:00,10,7,1,15.53,45.81,1006.975,9.2,35.9,74.0,8.3,25.254666666666665,153.16333333333333,0.0,0
2026-01-18 11:00:00,11,7,1,15.7125,46.6425,1006.7333333333332,10.8,41.4,69.0,7.9,29.074,168.33800000000002,0.0,0
2026-01-18 12:00:00,12,7,1,16.016666666666666,47.13,1006.1666666666666,11.9,50.8,68.0,12.6,29.77375,184.826875,0.0,0
2026-01-18 13:00:00,13,7,1,16.125,47.53,1005.65,12.7,32.8,70.0,11.2,27.131333333333338,201.00666666666663,0.0,0
2026-01-18 14:00:00,14,7,1,16.27,48.725,1005.7,12.7,34.4,71.0,11.5,21.696666666666665,215.2206666666667,0.0,0
2026-01-18 15:00:00,15,7,1,16.273333333333337,49.61,1006.0,12.5,39.8,71.0,12.6,14.367142857142856,227.2364285714285,0.0,0
2026-01-18 16:00:00,16,7,1,16.333333333333332,50.26666666666667,1006.5,12.0,25.0,75.0,13.3,5.449666666666667,237.87566666666672,0.0,0
2026-01-18 17:00:00,17,7,1,16.363333333333333,50.876666666666665,1007.05,10.7,5.5,83.0,13.0,-3.774,246.5946666666667,0.0,0
2026-01-18 18:00:00,18,7,1,16.403333333333332,51.49,1007.7,9.9,16.4,86.0,12.6,-16.121666666666666,256.5566666666667,0.0,0
2026-01-18 19:00:00,19,7,1,16.369999999999997,52.06,1008.25,9.8,48.4,87.0,14.0,-29.46666666666667,266.96333333333337,0.0,0
2026-01-18 20:00:00,20,7,1,16.12,53.03666666666667,1008.65,8.8,66.4,90.0,15.5,-41.01,276.8566666666666,0.0,0
2026-01-18 21:00:00,21,7,1,16.12,53.65,1008.65,7.7,100.0,92.0,9.7,-52.25333333333333,289.31,0.0,0
2026-01-18 22:00:00,22,7,1,15.83,53.81,1008.95,7.6,96.1,90.0,9.7,-62.403333333333336,307.7166666666667,0.0,0
2026-01-18 23:00:00,23,7,1,15.82,53.56,1008.8,7.5,99.2,88.0,10.1,-69.41333333333334,338.24666666666667,0.0,0
2026-01-19 00:00:00,0,1,1,15.55,53.495000000000005,1008.5,7.0,73.4,86.0,10.1,-70.11333333333334,13.82,0.0,0
2026-01-19 01:00:00,1,1,1,15.006666666666666,53.43000000000001,1008.7,6.2,100.0,86.0,11.5,-64.16666666666667,47.24666666666667,0.0,0
2026-01-19 02:00:00,2,1,1,14.9075,53.010000000000005,1008.5666666666666,6.3,82.0,83.0,10.4,-54.41333333333333,67.55000000000001,0.0,0
2026-01-19 03:00:00,3,1,1,15.08,51.96666666666667,1008.25,6.0,99.2,82.0,10.1,-43.29666666666666,80.82666666666667,0.0,0
2026-01-19 04:00:00,4,1,1,14.85,51.68,1008.1,6.2,100.0,81.0,11.2,-31.77,91.07,0.0,0
2026-01-19 05:00:00,5,1,1,14.965,51.29,1008.4,7.1,100.0,78.0,10.4,-19.7025,100.5425,0.0,0
2026-01-19 06:00:00,6,1,1,16.032500000000002,50.1275,1008.65,7.5,100.0,79.0,9.7,-9.274444444444445,108.75555555555556,0.0,1
2026-01-19 07:00:00,7,1,1,18.01,57.345000000000006,1008.82,7.1,59.4,83.0,9.7,1.885,118.31846153846152,1.0,1
2026-01-19 08:00:00,8,1,1,19.930000000000003,62.1,1009.05,7.4,93.0,82.0,9.4,10.197727272727274,127.25045454545452,1.0,1
2026-01-19 09:00:00,9,1,1,20.18,60.67,1009.2,9.0,70.3,81.0,8.3,19.406,140.188,1.0,1
2026-01-19 10:00:00,10,1,1,19.51,56.50500000000001,1009.325,11.3,83.6,74.0,8.6,25.703333333333337,153.79666666666665,1.0,1
2026-01-19 11:00:00,11,1,1,19.83,59.086,1009.1,12.9,100.0,66.0,8.6,29.39133333333333,169.08399999999995,1.0,1
2026-01-19 12:00:00,12,1,1,20.396666666666665,56.41666666666666,1008.6333333333332,13.9,100.0,63.0,9.4,30.016428571428573,184.8035714285714,1.0,1
2026-01-20 09:00:00,9,2,1,19.6775,62.715,1008.1,10.0,99.2,76.0,9.4,19.46,139.85066666666668,1.0,1
2026-01-20 10:00:00,10,2,1,19.6525,55.3525,1008.4,10.7,97.7,77.0,6.8,25.814,153.45800000000003,1.0,1
2026-01-20 11:00:00,11,2,1,20.265,52.66,1007.8333333333334,11.5,100.0,72.0,9.0,29.565999999999992,168.7713333333333,1.0,1
2026-01-20 12:00:00,12,2,1,20.1675,52.15,1007.125,12.7,100.0,65.0,9.4,30.21076923076924,184.43200000000004,1.0,1
2026-01-20 13:00:00,13,2,1,19.4925,51.505,1006.5666666666666,13.4,100.0,64.0,13.7,27.804666666666662,200.1373333333333,1.0,1
2026-01-20 14:00:00,14,2,1,19.10333333333333,49.470000000000006,1006.15,13.0,100.0,69.0,10.8,22.50933333333333,214.5473333333333,1.0,1
2026-01-20 15:00:00,15,2,1,19.586666666666662,50.71333333333333,1006.3333333333334,13.0,100.0,73.0,6.5,14.975333333333332,227.108,1.0,1
2026-01-20 16:00:00,16,2,1,20.065,51.760000000000005,1006.2333333333332,13.2,100.0,74.0,6.5,5.7363333333333335,238.18333333333325,1.0,1
2026-01-20 17:00:00,17,2,1,20.89,50.43000000000001,1006.65,12.0,100.0,78.0,12.6,-3.050666666666667,246.56466666666668,1.0,1
2026-01-20 18:00:00,18,2,1,21.59,50.25333333333334,1007.1,11.3,100.0,80.0,23.4,-14.225,255.62833333333333,1.0,1
2026-01-20 19:00:00,19,2,1,21.576666666666668,49.123333333333335,1007.4,10.9,100.0,78.0,22.7,-25.636666666666667,264.52,1.0,1
2026-01-20 20:00:00,20,2,1,19.958,50.904,1007.5333333333334,10.1,100.0,82.0,19.1,-37.18666666666667,274.05,1.0,0
2026-01-20 21:00:00,21,2,1,18.3825,53.185,1007.5666666666666,9.7,100.0,88.0,18.0,-48.56,285.53000000000003,0.0,0
2026-01-20 22:00:00,22,2,1,17.455,54.7,1007.9,9.4,100.0,89.0,16.2,-59.14333333333334,301.61333333333334,0.0,0
2026-01-20 23:00:00,23,2,1,17.29,55.38,1007.95,9.5,99.2,88.0,18.7,-67.39999999999999,327.6266666666667,0.0,0
2026-01-21 00:00:00,0,3,1,17.11666666666667,55.27333333333333,1007.9,9.8,100.0,86.0,18.7,-69.85249999999999,98.26999999999998,0.0,0
2026-01-21 01:00:00,1,3,1,17.035,55.60999999999999,1008.15,10.2,100.0,86.0,17.6,-63.82666666666668,46.656666666666666,0.0,0
2026-01-21 02:00:00,2,3,1,17.15,55.55,1008.1,9.9,100.0,87.0,15.8,-54.13333333333333,66.98666666666666,0.0,0
2026-01-21 03:00:00,3,3,1,16.976666666666667,56.02,1007.725,9.6,100.0,88.0,13.3,-43.04333333333333,80.34666666666668,0.0,0
2026-01-21 04:00:00,4,3,1,16.880000000000003,56.55,1007.75,9.5,100.0,89.0,13.3,-31.52,90.64666666666666,0.0,0
2026-01-21 05:00:00,5,3,1,16.76,56.49,1007.9,9.6,100.0,89.0,13.7,-18.656,100.778,0.0,0
2026-01-21 06:00:00,6,3,1,16.73,56.50571428571429,1008.1285714285716,9.5,100.0,88.0,15.5,-8.555,108.76625,0.0,1
2026-01-21 07:00:00,7,3,1,18.688333333333333,56.15,1007.68,9.5,100.0,86.0,14.8,2.07074074074074,117.90333333333332,1.0,1
2026-01-21 08:00:00,8,3,1,20.366,57.776,1007.26,9.3,100.0,77.0,16.9,10.418095238095235,126.82761904761908,1.0,1
2026-01-21 09:00:00,9,3,1,20.835,54.69,1006.75,9.6,97.7,72.0,19.4,19.51333333333333,139.49800000000002,1.0,1
2026-01-21 10:00:00,10,3,1,20.55,50.203333333333326,1006.4,10.1,100.0,70.0,15.8,25.926,153.10933333333332,1.0,1
2026-01-21 11:00:00,11,3,1,20.0925,47.666250000000005,1005.1,11.6,7.0,64.0,14.8,29.741333333333337,168.44733333333335,1.0,1
2026-01-21 12:00:00,12,3,1,18.97666666666667,45.282,1003.5666666666666,13.7,63.3,59.0,18.7,30.428461538461537,184.392,1.0,1
2026-01-21 13:00:00,13,3,1,18.354000000000003,46.144,1002.225,13.9,98.4,57.0,19.1,28.017333333333337,200.21133333333336,1.0,1
2026-01-21 14:00:00,14,3,1,18.265,46.205000000000005,1001.2833333333332,13.6,100.0,57.0,20.5,22.70133333333333,214.66,1.0,1
2026-01-21 15:00:00,15,3,1,19.674,49.88,1000.1833333333334,13.6,98.4,57.0,21.2,15.152000000000005,227.24866666666665,1.0,1
2026-01-21 16:00:00,16,3,1,20.42,52.75,999.0,12.9,100.0,61.0,16.2,5.883793103448276,238.3506896551724,1.0,1
2026-01-21 17:00:00,17,3,1,20.3675,51.9425,998.0,12.0,100.0,66.0,15.5,-2.805625,246.651875,1.0,1
2026-01-21 18:00:00,18,3,1,20.8125,54.5825,997.175,12.0,100.0,64.0,17.3,-14.228333333333332,255.92166666666665,1.0,1
2026-01-21 19:00:00,19,3,1,21.027142857142856,56.387142857142855,996.0,10.9,100.0,76.0,14.4,-25.64333333333333,264.83,1.0,1
2026-01-21 20:00:00,20,3,1,20.29833333333333,55.80666666666667,994.7666666666668,11.2,100.0,77.0,17.3,-37.190000000000005,274.40000000000003,1.0,0
2026-01-21 21:00:00,21,3,1,19.676666666666662,55.35666666666666,993.8666666666668,11.0,100.0,78.0,15.5,-48.553333333333335,285.9533333333334,0.0,0
2026-01-21 22:00:00,22,3,1,19.380000000000003,54.965,993.1,10.9,100.0,78.0,17.3,-59.1,302.15333333333336,0.0,0
2026-01-21 23:00:00,23,3,1,19.06,54.48666666666667,992.6666666666666,11.4,100.0,80.0,16.9,-67.27333333333333,328.2633333333333,0.0,0
2026-01-22 00:00:00,0,4,1,18.89,53.92666666666667,991.8333333333334,11.0,85.9,80.0,16.9,-69.6375,98.32,0.0,0
2026-01-22 01:00:00,1,4,1,18.674,53.985,991.58,10.9,29.7,79.0,23.0,-63.64333333333334,46.36333333333334,0.0,0
2026-01-22 02:00:00,2,4,1,18.44,53.88,991.8,11.4,14.1,75.0,29.2,-53.98333333333333,66.7,0.0,0
2026-01-22 03:00:00,3,4,1,17.672222222222224,52.824444444444445,991.7666666666668,11.4,8.6,68.0,31.7,-42.906666666666666,80.09666666666666,0.0,0
2026-01-22 04:00:00,4,4,1,17.225,51.385000000000005,992.1,11.2,27.3,66.0,28.8,-31.39,90.43666666666668,0.0,0
2026-01-22 05:00:00,5,4,1,16.9775,50.3375,992.6,10.9,65.6,63.0,26.6,-18.602,100.526,0.0,0
2026-01-22 06:00:00,6,4,1,17.410000000000004,48.568,993.575,11.0,65.6,60.0,25.9,-8.025555555555556,108.90777777777777,0.0,1
2026-01-22 07:00:00,7,4,1,19.026666666666667,51.025,994.42,10.4,57.0,61.0,23.8,2.3061538461538458,117.79884615384616,1.0,1
2026-01-22 08:00:00,8,4,1,20.942,51.67,995.2,10.1,25.8,62.0,24.5,10.4635,126.53449999999998,1.0,1
2026-01-22 09:00:00,9,4,1,21.0175,49.8425,996.0333333333334,11.1,6.2,59.0,24.5,19.568666666666665,139.14533333333333,1.0,1
2026-01-22 10:00:00,10,4,1,19.57090909090909,45.03,996.7692307692308,12.7,0.0,56.0,23.8,26.042666666666666,152.7546666666667,1.0,1
2026-01-22 11:00:00,11,4,1,20.08818181818182,45.61181818181817,996.9227272727276,13.8,0.0,51.0,27.7,29.924666666666663,168.116,1.0,1
2026-01-22 12:00:00,12,4,1,20.25,41.39833333333333,996.6333333333332,15.2,2.3,44.0,27.0,30.690666666666665,184.3486666666667,1.0,1
2026-01-22 13:00:00,13,4,1,19.627272727272725,38.78000000000001,996.73,16.0,0.8,42.0,23.8,28.236,200.28333333333333,1.0,1
2026-01-22 14:00:00,14,4,1,18.98235294117647,38.271,997.07,16.3,9.4,41.0,24.5,22.904666666666667,214.7753333333333,1.0,1
2026-01-22 15:00:00,15,4,1,19.03333333333333,41.795,997.6758620689654,15.8,60.9,44.0,25.6,15.333333333333336,227.392,1.0,1
2026-01-22 16:00:00,16,4,1,19.04869565217391,41.367916666666666,998.1565217391302,15.0,73.4,46.0,25.6,5.873793103448275,238.69,1.0,1
2026-01-22 17:00:00,17,4,1,18.758333333333333,41.44166666666667,998.94,13.7,85.2,46.0,25.9,-2.990666666666667,247.104,1.0,1
2026-01-22 18:00:00,18,4,1,19.25333333333333,44.61,999.4,12.6,57.8,49.0,23.0,-14.231666666666667,256.22166666666664,1.0,1
2026-01-22 19:00:00,19,4,1,19.585,45.95,999.25,11.5,67.2,56.0,20.2,-25.646666666666665,265.1466666666667,1.0,1
2026-01-22 20:00:00,20,4,1,18.872,45.9275,999.06,10.9,75.8,60.0,27.0,-37.193333333333335,274.76,1.0,0
2026-01-22 21:00:00,21,4,1,18.322,45.662,999.06,10.8,85.2,59.0,26.3,-48.54333333333333,286.38666666666666,0.0,0
2026-01-22 22:00:00,22,4,1,17.985,45.49333333333334,998.5333333333334,10.4,96.1,60.0,22.3,-59.04666666666666,302.7,0.0,0
2026-01-22 23:00:00,23,4,1,17.6,44.74,998.1666666666666,10.3,90.6,63.0,21.2,-67.13666666666667,328.90333333333336,0.0,0
2026-01-23 00:00:00,0,5,1,17.6125,44.618,997.3333333333334,9.6,85.2,70.0,18.4,-69.415,98.3625,0.0,0
2026-01-23 01:00:00,1,5,1,17.7725,44.57333333333333,996.8666666666668,9.1,100.0,78.0,17.3,-63.46,46.053333333333335,0.0,0
2026-01-23 02:00:00,2,5,1,17.873333333333335,44.712,996.48,8.7,97.7,81.0,16.9,-53.833333333333336,66.39666666666666,0.0,0
2026-01-23 03:00:00,3,5,1,17.908333333333335,45.09333333333333,995.3,8.8,91.4,81.0,18.4,-42.77666666666666,79.83999999999999,0.0,0
2026-01-23 04:00:00,4,5,1,17.94,45.338,994.12,9.0,81.2,80.0,15.1,-31.26,90.20666666666666,0.0,0
2026-01-23 05:00:00,5,5,1,18.175,45.23499999999999,993.72,9.1,49.2,78.0,17.3,-18.548,100.262,0.0,0
2026-01-23 06:00:00,6,5,1,18.755714285714284,44.61714285714287,993.6666666666666,8.8,71.9,78.0,18.4,-8.021111111111113,108.60777777777778,0.0,1
2026-01-23 07:00:00,7,5,1,20.09,45.455,993.45,9.9,70.3,78.0,20.5,2.3173076923076925,117.4896153846154,1.0,1
2026-01-23 08:00:00,8,5,1,20.658571428571427,49.75142857142857,993.6142857142856,9.7,6.2,80.0,19.4,10.485499999999998,126.197,1.0,1
2026-01-23 09:00:00,9,5,1,20.1225,49.556,994.5,11.8,13.3,77.0,19.4,19.625333333333334,138.77733333333336,1.0,1
2026-01-23 10:00:00,10,5,1,19.496666666666663,44.93333333333333,995.15,14.5,2.3,61.0,22.7,26.158666666666665,152.38666666666668,1.0,1
2026-01-23 11:00:00,11,5,1,19.92777777777778,45.439,995.0555555555557,15.3,1.6,52.0,22.3,30.107333333333333,167.77333333333337,1.0,1
2026-01-23 12:00:00,12,5,1,19.18,41.089333333333336,995.1857142857142,15.9,0.0,45.0,20.5,30.90571428571428,184.30533333333327,1.0,1
2026-01-23 13:00:00,13,5,1,18.81,39.61571428571428,994.8166666666666,15.7,3.9,48.0,24.1,28.458666666666662,200.35933333333327,1.0,1
2026-01-23 14:00:00,14,5,1,18.58,37.59571428571429,994.546153846154,15.7,3.1,45.0,24.1,23.108666666666668,214.896,1.0,1
2026-01-23 15:00:00,15,5,1,18.47714285714286,36.74285714285714,994.5142857142856,15.5,0.8,44.0,22.3,15.516666666666664,227.5386666666667,1.0,1
2026-01-23 16:00:00,16,5,1,18.415,36.81,994.45,14.7,0.8,47.0,18.4,6.171034482758621,238.7148275862069,1.0,1
2026-01-23 17:00:00,17,5,1,18.228,37.0625,994.7,13.2,0.8,51.0,16.6,-2.731875,247.1975,1.0,1
2026-01-23 18:00:00,18,5,1,18.43,38.33,994.7,11.7,22.7,57.0,13.3,-14.235,256.53000000000003,1.0,1
2026-01-23 19:00:00,19,5,1,18.34,39.475,994.3,10.8,97.7,61.0,13.7,-25.65333333333333,265.4766666666667,1.0,1
2026-01-23 20:00:00,20,5,1,18.2575,40.175,993.925,10.7,100.0,61.0,13.7,-37.20333333333334,275.12999999999994,1.0,0
2026-01-23 21:00:00,21,5,1,18.3125,40.8375,993.575,10.0,92.2,67.0,15.5,-48.53333333333333,286.8333333333333,0.0,0
2026-01-23 22:00:00,22,5,1,18.385,40.995000000000005,993.0,9.2,95.3,75.0,13.7,-58.99666666666667,303.2666666666667,0.0,0
2026-01-23 23:00:00,23,5,1,17.865000000000002,41.2125,992.5,8.1,100.0,79.0,16.9,-66.99333333333333,329.56333333333333,0.0,0
2026-01-24 00:00:00,0,6,1,17.613333333333333,41.52333333333333,992.6,8.2,100.0,80.0,19.8,-69.1875,98.415,0.0,0
2026-01-24 01:00:00,1,6,1,17.21923076923077,42.55461538461539,991.7153846153846,8.9,100.0,70.0,18.0,-63.26666666666667,45.74,0.0,0
2026-01-24 02:00:00,2,6,1,17.1,42.75,991.6,8.3,100.0,78.0,18.7,-53.673333333333325,66.09666666666668,0.0,0
2026-01-24 03:00:00,3,6,1,16.89,43.114285714285714,991.75,8.2,99.2,79.0,18.0,-42.63333333333333,79.57666666666667,0.0,0
2026-01-24 04:00:00,4,6,1,16.547777777777775,42.7425,991.625,8.0,97.7,74.0,27.7,-31.12,89.98,0.0,0
2026-01-24 05:00:00,5,6,1,16.4525,42.198,992.36,8.0,85.9,66.0,31.3,-18.49,99.992,0.0,0
2026-01-24 06:00:00,6,6,1,16.071333333333335,40.92111111111111,993.2647058823528,7.7,83.6,61.0,33.5,-8.020000000000001,108.29888888888888,0.0,0
2026-01-24 07:00:00,7,6,1,15.4965,39.47809523809524,995.2045454545456,7.7,82.0,58.0,37.8,2.492962962962963,117.33703703703704,0.0,0
2026-01-24 08:00:00,8,6,1,15.307727272727275,38.15200000000001,996.2346153846156,7.4,54.7,58.0,36.0,10.9605,126.4,0.0,0
2026-01-24 09:00:00,9,6,1,15.342432432432432,37.50631578947368,997.3051282051282,8.0,30.5,57.0,37.1,20.188,139.24866666666668,0.0,0
2026-01-24 10:00:00,10,6,1,15.03247191011236,35.8620202020202,997.8814814814816,8.8,43.0,50.0,37.8,26.634,152.98666666666668,0.0,0
2026-01-24 11:00:00,11,6,1,14.828863636363634,35.879245283018875,997.7026785714288,9.7,18.7,47.0,39.2,30.456666666666663,168.49866666666668,0.0,0
2026-01-24 12:00:00,12,6,1,14.828347107438011,35.93263157894737,997.6041958041956,10.7,10.2,42.0,40.3,31.12692307692308,184.48533333333333,0.0,0
2026-01-24 13:00:00,13,6,1,14.88234375,35.53557142857142,997.6283783783786,11.3,7.0,41.0,38.2,28.686,200.442,0.0,0
2026-01-24 14:00:00,14,6,1,14.974776119402987,35.894285714285715,997.472093023256,11.7,6.2,39.0,37.8,23.318,215.022,0.0,0
2026-01-24 15:00:00,15,6,1,14.95956521739131,35.845400000000005,997.9188679245284,11.3,3.9,43.0,36.0,15.705333333333334,227.69333333333333,0.0,0
2026-01-24 16:00:00,16,6,1,14.975161290322584,35.93342857142857,998.7361111111112,11.0,100.0,45.0,31.3,6.330714285714285,238.8957142857143,0.0,0
2026-01-24 17:00:00,17,6,1,14.94842105263158,36.467142857142846,999.28,10.1,100.0,47.0,29.5,-2.486470588235293,247.30823529411768,0.0,0
2026-01-24 18:00:00,18,6,1,14.99,36.924,1000.36,9.6,96.1,49.0,27.7,-14.238333333333337,256.84833333333336,0.0,0
2026-01-24 19:00:00,19,6,1,15.0125,37.48,1001.225,9.1,100.0,52.0,27.7,-25.656666666666663,265.8066666666667,0.0,0
2026-01-24 20:00:00,20,6,1,15.045,38.175,1001.3333333333334,9.3,89.1,53.0,29.9,-37.20333333333333,275.50666666666666,0.0,0
2026-01-24 21:00:00,21,6,1,15.05625,38.55142857142857,1001.5666666666668,9.3,79.7,55.0,28.1,-48.52333333333333,287.2866666666667,0.0,0
2026-01-24 22:00:00,22,6,1,14.884444444444446,39.260952380952375,1001.6,9.5,30.5,57.0,31.0,-58.94,303.8433333333333,0.0,0
2026-01-24 23:00:00,23,6,1,14.619583333333331,41.25571428571429,1002.087272727273,9.6,93.7,57.0,34.6,-66.84666666666666,330.23,0.0,0
2026-01-25 00:00:00,0,7,1,14.411428571428573,42.799230769230775,1002.5933333333334,9.6,93.0,57.0,37.8,-68.955,98.465,0.0,0
2026-01-25 01:00:00,1,7,1,14.572222222222225,43.03999999999999,1003.0875,9.5,38.3,60.0,34.9,-63.07333333333333,45.43,0.0,0
2026-01-25 02:00:00,2,7,1,14.644,43.22111111111112,1003.3,9.2,95.3,62.0,35.6,-53.51333333333333,65.79,0.0,0
2026-01-25 03:00:00,3,7,1,14.58,43.555,1003.5,8.8,100.0,64.0,33.5,-42.49,79.31333333333333,0.0,0
2026-01-25 04:00:00,4,7,1,14.47,43.67,1003.8,8.3,99.2,65.0,33.5,-30.980000000000004,89.74666666666667,0.0,0
2026-01-25 05:00:00,5,7,1,14.7925,43.225,1003.8,8.1,100.0,66.0,29.9,-18.432,99.718,0.0,0
2026-01-25 06:00:00,6,7,1,14.454666666666666,43.12058823529412,1004.2388888888888,8.3,96.1,66.0,25.9,-8.015555555555556,107.98444444444446,0.0,0
2026-01-25 07:00:00,7,7,1,14.2975,43.02818181818181,1004.081818181818,8.1,99.2,63.0,24.8,2.504814814814815,117.00999999999998,0.0,0
2026-01-25 08:00:00,8,7,1,14.38142857142857,43.80285714285714,1003.9,8.9,96.9,63.0,26.3,10.984,126.0445,0.0,0
2026-01-25 09:00:00,9,7,1,14.41285714285714,44.55222222222223,1003.8444444444444,10.4,91.4,64.0,25.9,20.24933333333333,138.86333333333332,0.0,0
2026-01-25 10:00:00,10,7,1,14.739,44.73500000000001,1003.7130434782608,11.2,99.2,62.0,23.4,26.76,152.60399999999998,0.0,0
2026-01-25 11:00:00,11,7,1,15.02277777777778,45.3325,1002.5789473684208,11.9,100.0,62.0,27.7,30.654,168.14,0.0,0
2026-01-25 12:00:00,12,7,1,15.276976744186044,45.619772727272725,1001.886274509804,13.9,99.2,54.0,38.2,31.406666666666663,184.44,0.0,0
2026-01-25 13:00:00,13,7,1,15.578823529411766,45.31829268292682,1001.0863636363636,15.4,97.7,46.0,40.7,28.921333333333333,200.52333333333337,0.0,0
2026-01-25 14:00:00,14,7,1,15.860666666666669,45.1825,1000.0235294117646,15.8,75.0,46.0,39.6,23.53533333333333,215.14666666666668,0.0,0
2026-01-25 15:00:00,15,7,1,16.132051282051282,45.396136363636366,999.6479166666668,16.1,65.6,46.0,37.4,15.902,227.848,0.0,0
2026-01-25 16:00:00,16,7,1,16.10478260869565,47.093703703703696,998.9555555555556,15.8,75.0,49.0,36.0,6.327142857142858,239.25285714285715,0.0,0
2026-01-25 17:00:00,17,7,1,15.993999999999998,48.827058823529406,998.44375,14.3,68.0,57.0,37.4,-2.501176470588235,247.6511764705882,0.0,0
2026-01-25 18:00:00,18,7,1,15.928333333333333,49.43555555555557,998.6555555555556,13.0,61.7,63.0,31.7,-14.241666666666667,257.17333333333335,0.0,0
2026-01-25 19:00:00,19,7,1,15.883333333333333,47.754782608695656,1000.0739130434785,13.2,43.0,60.0,31.7,-25.66333333333333,266.15000000000003,0.0,0
2026-01-25 20:00:00,20,7,1,15.889066666666665,43.08768292682927,1000.8951219512196,12.8,39.1,57.0,34.6,-37.21,275.8933333333334,0.0,0
2026-01-25 21:00:00,21,7,1,15.825333333333331,39.739375,1001.5176470588236,12.7,19.5,54.0,34.9,-48.50666666666666,287.75333333333333,0.0,0
2026-01-25 22:00:00,22,7,1,15.598888888888888,39.55555555555557,1002.49,12.4,6.2,50.0,35.6,-58.88333333333333,304.43,0.0,0
2026-01-25 23:00:00,23,7,1,15.44357142857143,39.07133333333333,1003.25,12.0,67.2,49.0,32.0,-66.69333333333333,330.89666666666665,0.0,0
2026-01-26 00:00:00,0,1,1,15.352,38.47727272727273,1003.739393939394,11.8,75.8,49.0,31.7,-68.7125,98.5075,0.0,0
2026-01-26 01:00:00,1,1,1,15.28277777777778,38.47111111111112,1003.8863636363636,11.9,81.2,48.0,32.4,-62.873333333333335,45.10999999999999,0.0,0
2026-01-26 02:00:00,2,1,1,15.22,39.8625,1003.85,11.8,85.2,50.0,28.1,-53.35,65.47666666666667,0.0,0
2026-01-26 03:00:00,3,1,1,15.23,41.26,1004.2,11.5,69.5,54.0,22.0,-42.34,79.04,0.0,0
2026-01-26 04:00:00,4,1,1,15.355,41.41,1003.65,11.2,96.1,58.0,23.4,-30.840000000000003,89.50999999999999,0.0,0
2026-01-26 05:00:00,5,1,1,15.4,42.085,1003.4,11.2,94.5,59.0,21.6,-18.376,99.436,0.0,0
2026-01-26 06:00:00,6,1,1,16.444,41.682,1003.9,10.6,97.7,61.0,18.0,-8.014444444444445,107.66111111111113,0.0,1
2026-01-26 07:00:00,7,1,1,18.687142857142856,47.93666666666667,1004.48,10.9,81.2,54.0,20.2,2.514814814814814,116.6737037037037,1.0,1
2026-01-26 08:00:00,8,1,1,20.90285714285714,55.96714285714285,1005.14,11.3,98.4,53.0,27.7,11.0035,125.68200000000002,1.0,1
2026-01-26 09:00:00,9,1,1,20.46111111111111,48.609,1005.6125,12.0,93.0,52.0,21.6,20.31133333333333,138.47200000000004,1.0,1
2026-01-26 10:00:00,10,1,1,20.13,45.465,1005.4666666666666,13.2,100.0,49.0,21.6,26.889333333333333,152.2133333333333,1.0,1
2026-01-26 11:00:00,11,1,1,20.76166666666667,43.825,1005.05,14.2,99.2,50.0,21.2,30.85466666666667,167.77866666666665,1.0,1
2026-01-26 12:00:00,12,1,1,21.274,42.366,1004.425,15.0,93.7,55.0,20.2,31.656,184.3973333333333,1.0,1
2026-01-26 13:00:00,13,1,1,20.846666666666668,41.13333333333333,1003.95,16.2,100.0,44.0,18.7,29.160666666666668,200.6073333333333,1.0,1
2026-01-26 14:00:00,14,1,1,20.915,40.74,1003.6,16.5,100.0,46.0,20.9,23.756666666666668,215.2793333333333,1.0,1
2026-01-26 15:00:00,15,1,1,21.7725,46.385000000000005,1003.2333333333332,16.2,96.9,53.0,20.2,16.098666666666663,228.0093333333333,1.0,0
2026-01-26 16:00:00,16,1,1,22.5525,49.873333333333335,1003.0,16.0,99.2,61.0,17.3,6.492222222222224,239.44444444444449,0.0,0
2026-01-26 17:00:00,17,1,1,22.50333333333333,50.45,1003.55,15.2,96.1,68.0,15.8,-2.271111111111111,247.7877777777778,0.0,0
2026-01-26 18:00:00,18,1,1,22.81,53.866666666666674,1003.5,15.0,99.2,71.0,19.8,-14.245,257.50333333333333,0.0,0
2026-01-26 19:00:00,19,1,1,22.69,53.986,1003.65,14.6,100.0,76.0,15.8,-25.666666666666668,266.5,0.0,1
2026-01-26 20:00:00,20,1,1,21.645,51.0875,1003.2000000000002,14.9,97.7,75.0,17.3,-37.21333333333333,276.2933333333333,1.0,0
2026-01-26 21:00:00,21,1,1,20.62,52.21,1003.25,15.4,71.9,72.0,21.2,-48.49666666666667,288.2366666666667,0.0,0
2026-01-26 22:00:00,22,1,1,20.12,52.5775,1002.725,15.8,84.4,70.0,25.2,-58.81999999999999,305.03333333333336,0.0,0
2026-01-26 23:00:00,23,1,1,19.6425,53.3775,1002.45,16.1,98.4,68.0,26.6,-66.53333333333335,331.5833333333333,0.0,0
2026-01-27 00:00:00,0,2,1,19.23,53.88,1002.0666666666666,16.1,93.0,68.0,24.8,-68.4675,98.5625,0.0,0
2026-01-27 01:00:00,1,2,1,19.036666666666665,54.01333333333334,1002.1666666666666,15.9,89.8,69.0,26.3,-62.66333333333333,44.79333333333333,0.0,0
2026-01-27 02:00:00,2,2,1,18.96666666666667,54.098333333333336,1000.98,15.8,100.0,69.0,27.7,-53.18,65.16333333333334,0.0,0
2026-01-27 03:00:00,3,2,1,18.815,54.06666666666666,999.7,15.6,100.0,69.0,27.4,-42.18333333333333,78.76333333333334,0.0,0
2026-01-27 04:00:00,4,2,1,18.8625,53.645,998.7666666666668,15.1,97.7,71.0,24.8,-30.69,89.26666666666667,0.0,0
2026-01-27 05:00:00,5,2,1,18.895,53.23333333333334,998.1,14.8,100.0,72.0,19.4,-18.312,99.15,0.0,0
2026-01-27 06:00:00,6,2,1,19.556,52.146,998.26,15.3,100.0,70.0,20.9,-8.007777777777779,107.3311111111111,0.0,1
2026-01-27 07:00:00,7,2,1,20.360000000000003,53.36333333333334,997.9125,15.1,100.0,68.0,22.3,2.6925,116.49964285714285,1.0,1
2026-01-27 08:00:00,8,2,1,21.334444444444443,59.813333333333325,997.4555555555556,15.7,98.4,58.0,26.3,11.22578947368421,125.54,1.0,1
2026-01-27 09:00:00,9,2,1,21.115714285714287,53.442857142857136,996.6000000000004,16.0,98.4,55.0,26.6,20.37466666666667,138.07466666666667,1.0,1
2026-01-27 10:00:00,10,2,1,21.4875,57.56375,995.7374999999998,16.2,96.9,55.0,26.6,27.01666666666667,151.81199999999998,1.0,1
2026-01-27 11:00:00,11,2,1,21.63833333333333,51.39000000000001,994.6666666666666,16.5,90.6,57.0,26.3,31.056,167.40399999999997,1.0,1
2026-01-27 12:00:00,12,2,1,21.802000000000003,50.895,993.6666666666666,18.0,96.9,54.0,20.5,31.908666666666665,184.0525,1.0,1
2026-01-27 13:00:00,13,2,1,20.57555555555556,51.236666666666665,992.9777777777776,19.2,88.3,50.0,20.9,29.40600000000001,200.694,1.0,1
2026-01-27 14:00:00,14,2,1,20.26,52.281666666666666,992.0499999999998,19.1,67.2,53.0,25.2,23.980666666666664,215.414,1.0,1
2026-01-27 15:00:00,15,2,1,19.914444444444445,51.48142857142857,992.55,17.9,57.8,54.0,30.2,16.302666666666667,228.1746666666667,1.0,1
2026-01-27 16:00:00,16,2,1,19.50333333333333,53.59571428571428,992.7666666666668,17.1,73.4,58.0,29.2,6.792592592592592,239.5003703703704,1.0,1
2026-01-27 17:00:00,17,2,1,19.762857142857143,54.09,992.6857142857144,15.7,29.7,60.0,29.5,-1.666111111111111,247.62722222222223,1.0,1
2026-01-27 18:00:00,18,2,1,19.815,50.42625,993.1625,14.7,18.0,58.0,30.6,-13.492857142857142,257.23857142857145,1.0,1
2026-01-27 19:00:00,19,2,1,19.136,48.74333333333334,993.48,13.5,21.1,60.0,29.5,-25.673333333333336,266.86,1.0,1
2026-01-27 20:00:00,20,2,1,18.742941176470588,47.23210526315789,995.1611111111112,12.9,24.2,59.0,31.0,-37.21666666666667,276.7033333333333,1.0,0
2026-01-27 21:00:00,21,2,1,18.154444444444444,43.75999999999999,996.4909090909092,12.5,17.2,57.0,35.3,-48.47666666666667,288.7233333333333,0.0,0
2026-01-27 22:00:00,22,2,1,17.7,42.218500000000006,996.4315789473684,11.8,12.5,56.0,39.2,-58.75,305.65000000000003,0.0,0
2026-01-27 23:00:00,23,2,1,17.405714285714286,42.82285714285716,996.9361111111112,11.2,12.5,56.0,34.2,-66.37,332.2733333333333,0.0,0
2026-01-28 00:00:00,0,3,1,17.10305555555556,42.72805555555556,997.8775000000002,10.7,33.6,57.0,34.6,-68.215,98.61,0.0,0
2026-01-28 01:00:00,1,3,1,16.982499999999998,42.6525,998.8,10.0,48.4,59.0,37.1,-62.45333333333334,44.47,0.0,0
2026-01-28 02:00:00,2,3,1,16.995384615384616,42.69583333333333,998.9769230769232,10.0,33.6,60.0,34.9,-53.0,64.84,0.0,0
2026-01-28 03:00:00,3,3,1,16.71125,42.98,997.9625,9.8,85.2,61.0,33.8,-42.03333333333333,78.48,0.0,0
2026-01-28 04:00:00,4,3,1,16.641666666666666,43.47166666666666,996.9833333333332,9.7,99.2,63.0,27.0,-30.540000000000003,89.02,0.0,0
2026-01-28 05:00:00,5,3,1,17.128333333333334,43.22833333333333,996.0,10.1,91.4,63.0,21.2,-18.252,98.856,0.0,0
2026-01-28 06:00:00,6,3,1,18.44,41.681666666666665,995.26,9.2,52.3,67.0,15.5,-7.51,107.398,0.0,1
2026-01-28 07:00:00,7,3,1,19.53555555555556,43.20222222222222,994.65,8.8,100.0,71.0,17.3,2.917777777777778,116.3396296296296,1.0,1
2026-01-28 08:00:00,8,3,1,20.3725,49.552,993.725,9.2,100.0,69.0,15.5,11.519,125.4945,1.0,1
2026-01-28 09:00:00,9,3,1,21.46,53.01250000000001,992.5166666666668,9.8,100.0,72.0,19.4,20.952666666666666,138.52,1.0,1
2026-01-28 10:00:00,10,3,1,21.716153846153848,50.2557142857143,990.0,9.0,100.0,88.0,14.8,27.50933333333333,152.39133333333334,1.0,1
2026-01-28 11:00:00,11,3,1,21.81571428571429,52.18555555555555,987.1625,9.7,100.0,88.0,10.4,31.42933333333333,168.1166666666667,1.0,1
2026-01-28 12:00:00,12,3,1,20.98818181818182,51.474545454545456,986.04,10.0,99.2,90.0,7.9,32.15642857142857,184.53000000000003,1.0,1
2026-01-28 13:00:00,13,3,1,19.20272727272728,52.01818181818181,986.98,10.0,75.0,90.0,13.3,29.657333333333334,200.7813333333333,1.0,1
2026-01-28 14:00:00,14,3,1,18.514444444444447,51.25444444444445,988.7555555555556,10.5,29.7,81.0,20.5,24.211333333333336,215.55266666666665,1.0,1
2026-01-28 15:00:00,15,3,1,18.517972972972974,48.81141025641027,991.051219512195,12.3,60.2,68.0,26.3,16.510666666666665,228.3433333333333,1.0,1
2026-01-28 16:00:00,16,3,1,18.393783783783785,47.39725,994.0731707317074,13.0,51.6,59.0,40.0,6.800740740740742,239.86888888888885,1.0,1
2026-01-28 17:00:00,17,3,1,18.313076923076924,50.17250000000001,996.54375,12.3,39.1,52.0,33.8,-1.6855555555555557,247.9933333333334,1.0,1
2026-01-28 18:00:00,18,3,1,18.852500000000003,51.7875,997.4,12.0,65.6,53.0,29.2,-13.498571428571427,257.58714285714285,1.0,1
2026-01-28 19:00:00,19,3,1,19.016111111111112,50.53,997.9888888888888,11.6,76.6,51.0,29.2,-25.676666666666662,267.22666666666663,1.0,1
2026-01-28 20:00:00,20,3,1,18.144,46.70565217391304,998.031818181818,11.5,100.0,51.0,32.4,-37.22,277.1166666666666,1.0,0
2026-01-28 21:00:00,21,3,1,17.596666666666668,45.84166666666667,998.62,11.5,60.2,51.0,32.4,-48.45666666666667,289.22333333333336,0.0,0
2026-01-28 22:00:00,22,3,1,17.413333333333338,46.22666666666667,998.65,11.5,76.6,53.0,30.2,-58.68000000000001,306.27000000000004,0.0,0
2026-01-28 23:00:00,23,3,1,17.825000000000003,46.042,998.85,11.7,100.0,61.0,32.0,-66.19666666666667,332.97,0.0,0
2026-01-29 00:00:00,0,4,1,18.107142857142858,45.637142857142855,999.1,11.3,99.2,69.0,25.9,-67.78666666666668,12.586666666666666,0.0,0
2026-01-29 01:00:00,1,4,1,18.1875,45.720000000000006,999.6222222222224,12.8,93.0,58.0,25.6,-62.23333333333333,44.14666666666667,0.0,0
2026-01-29 02:00:00,2,4,1,17.65555555555555,45.39777777777778,999.6,11.6,96.9,66.0,18.7,-52.82,64.51333333333334,0.0,0
2026-01-29 03:00:00,3,4,1,17.685714285714287,45.47,999.05,11.1,98.4,70.0,15.1,-41.87,78.19333333333333,0.0,0
2026-01-29 04:00:00,4,4,1,17.830000000000002,45.555,998.32,10.3,100.0,76.0,6.1,-30.386666666666667,88.76333333333334,0.0,0
2026-01-29 05:00:00,5,4,1,18.043333333333333,45.56333333333333,998.2666666666668,10.8,100.0,77.0,5.8,-18.0225,98.68,0.0,0
2026-01-29 06:00:00,6,4,1,18.92125,45.16,997.9125,10.7,100.0,76.0,5.8,-7.506,107.05500000000002,0.0,1
2026-01-29 07:00:00,7,4,1,20.255,48.72125,997.975,10.6,100.0,78.0,11.9,2.9285185185185187,115.982962962963,1.0,1
2026-01-29 08:00:00,8,4,1,21.252,52.83833333333333,997.9833333333332,10.6,100.0,81.0,14.4,11.543000000000005,125.10849999999998,1.0,1
2026-01-29 09:00:00,9,4,1,21.877500000000005,53.4075,997.9333333333334,11.1,100.0,83.0,13.3,21.020000000000003,138.10399999999998,1.0,1
2026-01-29 10:00:00,10,4,1,21.464285714285715,53.88428571428572,997.5333333333332,12.7,95.3,79.0,11.2,27.64933333333333,151.97266666666667,1.0,1
2026-01-29 11:00:00,11,4,1,21.414,53.99166666666667,997.0166666666664,16.7,100.0,69.0,13.3,31.642,167.72533333333334,1.0,1
2026-01-29 12:00:00,12,4,1,21.563333333333333,52.70333333333334,996.6666666666666,19.1,85.2,66.0,19.8,32.43933333333333,184.48,1.0,1
2026-01-29 13:00:00,13,4,1,21.122000000000003,51.725,995.825,18.2,100.0,75.0,20.2,29.91266666666667,200.87133333333333,1.0,1
2026-01-29 14:00:00,14,4,1,20.51333333333333,53.99333333333334,995.0333333333332,16.0,100.0,92.0,18.7,24.447333333333333,215.69066666666663,1.0,1
2026-01-29 15:00:00,15,4,1,20.989375,59.184375,995.2647058823528,15.8,100.0,95.0,13.7,16.721333333333334,228.51266666666663,1.0,1
2026-01-29 16:00:00,16,4,1,21.42384615384616,61.90923076923077,996.9,16.2,100.0,92.0,11.9,6.975384615384614,240.07538461538465,1.0,1
2026-01-29 17:00:00,17,4,1,21.54428571428572,62.356666666666655,998.175,15.3,71.9,92.0,17.3,-1.4857894736842103,248.1763157894737,1.0,1
2026-01-29 18:00:00,18,4,1,21.836666666666662,63.778,999.14,14.7,30.5,89.0,16.2,-13.5,257.93857142857144,1.0,1
2026-01-29 19:00:00,19,4,1,21.888,63.99625,998.9875,12.9,68.7,91.0,7.6,-25.683333333333334,267.59666666666664,1.0,1
2026-01-29 20:00:00,20,4,1,21.225,62.94857142857143,998.6714285714286,13.0,88.3,93.0,13.0,-37.21666666666667,277.5366666666667,1.0,0
2026-01-29 21:00:00,21,4,1,20.394,61.46600000000001,999.49,13.5,18.0,85.0,16.2,-48.43666666666667,289.73,0.0,0
2026-01-29 22:00:00,22,4,1,19.406666666666663,60.61833333333333,1000.5666666666666,14.3,5.5,73.0,28.1,-58.60333333333333,306.90000000000003,0.0,0
2026-01-29 23:00:00,23,4,1,19.14,58.99428571428572,1001.4166666666666,15.1,18.7,65.0,38.5,-66.02,333.66333333333336,0.0,0
2026-01-30 00:00:00,0,5,1,18.79375,54.999,1002.05,15.2,33.6,64.0,40.7,-67.52333333333333,12.46,0.0,0
2026-01-30 01:00:00,1,5,1,18.565,52.918333333333344,1002.5800000000002,14.6,28.1,61.0,42.5,-62.01333333333334,43.82,0.0,0
2026-01-30 02:00:00,2,5,1,18.328461538461536,51.71384615384615,1003.2076923076922,14.3,14.1,61.0,43.2,-52.64000000000001,64.18666666666667,0.0,0
2026-01-30 03:00:00,3,5,1,18.16,50.877142857142864,1003.5285714285714,13.8,10.2,61.0,40.7,-41.70333333333333,77.90333333333332,0.0,0
2026-01-30 04:00:00,4,5,1,18.086666666666662,50.21384615384616,1004.5750000000002,13.3,27.3,62.0,38.9,-30.230000000000004,88.51333333333334,0.0,0
2026-01-30 05:00:00,5,5,1,17.82318181818182,49.4425925925926,1004.5148148148148,12.9,35.2,64.0,36.7,-17.9825,98.355,0.0,0
2026-01-30 06:00:00,6,5,1,17.880714285714284,48.131764705882354,1004.6647058823532,12.6,25.8,64.0,37.8,-7.503,106.701,0.0,1
2026-01-30 07:00:00,7,5,1,18.33625,47.1875,1004.2583333333332,12.0,41.4,66.0,35.3,3.1092857142857144,115.7875,1.0,1
2026-01-30 08:00:00,8,5,1,19.186666666666667,49.742,1004.8,12.1,18.7,66.0,34.9,11.773684210526318,124.94842105263156,1.0,1
2026-01-30 09:00:00,9,5,1,20.358,47.054,1005.04,13.1,13.3,64.0,30.6,21.08866666666667,137.68066666666667,1.0,1
2026-01-30 10:00:00,10,5,1,20.106250000000003,44.71058823529412,1005.4470588235292,14.3,75.0,60.0,28.8,27.788000000000004,151.55066666666664,1.0,1
2026-01-30 11:00:00,11,5,1,19.68,45.305,1004.5,15.4,57.8,55.0,25.6,31.85933333333333,167.33,1.0,1
2026-01-30 12:00:00,12,5,1,19.454,45.428333333333335,1003.4833333333332,16.4,91.4,51.0,22.7,32.70666666666667,184.1325,1.0,1
2026-01-30 13:00:00,13,5,1,19.305,43.92,1002.0333333333332,16.7,98.4,50.0,22.3,30.173333333333336,200.964,1.0,1
2026-01-30 14:00:00,14,5,1,19.20733333333333,42.33599999999999,1000.8705882352942,17.0,100.0,46.0,24.1,24.68666666666667,215.8333333333334,1.0,1
2026-01-30 15:00:00,15,5,1,19.01833333333333,41.41454545454546,1001.5666666666668,16.6,58.6,47.0,24.1,16.938000000000002,228.686,1.0,1
2026-01-30 16:00:00,16,5,1,18.9425,41.1875,1001.1,16.1,25.8,47.0,22.7,7.276538461538463,240.15692307692305,1.0,1
2026-01-30 17:00:00,17,5,1,18.92333333333333,41.13999999999999,999.7875,14.6,34.4,52.0,19.4,-1.2925,248.37,1.0,1
2026-01-30 18:00:00,18,5,1,19.238333333333333,42.196666666666665,998.8166666666664,13.9,89.8,52.0,12.6,-13.504285714285714,258.3,1.0,1
2026-01-30 19:00:00,19,5,1,19.446,42.785,997.52,12.2,50.8,59.0,13.3,-25.683333333333334,267.98,1.0,1
2026-01-30 20:00:00,20,5,1,19.20578947368421,44.20952380952381,997.47,11.6,81.2,60.0,16.2,-37.21666666666667,277.97,1.0,0
2026-01-30 21:00:00,21,5,1,18.572857142857146,46.892857142857146,996.6142857142858,12.0,60.9,61.0,16.9,-48.41333333333333,290.25,0.0,0
2026-01-30 22:00:00,22,5,1,18.31230769230769,46.24307692307693,996.5083333333332,13.7,25.0,59.0,38.5,-58.52333333333333,307.5433333333333,0.0,0
2026-01-30 23:00:00,23,5,1,18.114545454545457,44.59521739130434,996.7909090909092,13.3,46.1,56.0,36.0,-65.83333333333333,334.3666666666666,0.0,0
2026-01-31 00:00:00,0,6,1,17.796,42.80565217391304,996.5869565217392,12.4,97.7,57.0,40.3,-67.25333333333333,12.336666666666666,0.0,0
2026-01-31 01:00:00,1,6,1,17.39090909090909,40.57236842105263,997.1625000000004,12.1,39.8,58.0,37.1,-61.78666666666667,43.49333333333333,0.0,0
2026-01-31 02:00:00,2,6,1,16.9475,37.946875,998.2208333333332,11.6,8.6,51.0,38.9,-52.45,63.85333333333333,0.0,0
2026-01-31 03:00:00,3,6,1,16.673333333333332,36.58555555555556,998.9777777777776,11.2,24.2,48.0,37.1,-41.54,77.61,0.0,0
2026-01-31 04:00:00,4,6,1,16.7875,37.42166666666667,999.76,11.0,81.2,46.0,34.2,-30.066666666666663,88.25333333333333,0.0,0
2026-01-31 05:00:00,5,6,1,16.784,37.434,1000.4,11.1,72.7,45.0,33.8,-17.9425,98.025,0.0,0
2026-01-31 06:00:00,6,6,1,16.426216216216215,37.588409090909096,1000.6311111111112,11.0,86.7,46.0,34.2,-7.500000000000002,106.34099999999998,0.0,0
2026-01-31 07:00:00,7,6,1,16.128947368421052,37.68145161290322,1001.656923076923,10.8,83.6,49.0,33.5,3.258148148148148,115.54925925925926,0.0,0
2026-01-31 08:00:00,8,6,1,16.025352112676057,36.62564102564103,1002.4726190476188,11.3,31.2,47.0,33.1,11.898888888888887,124.67,0.0,0
2026-01-31 09:00:00,9,6,1,16.12807692307692,35.710465116279074,1003.2277777777778,12.1,25.0,47.0,32.8,21.16133333333333,137.25333333333336,0.0,0
2026-01-31 10:00:00,10,6,1,16.395487804878048,35.06956989247312,1003.5183673469388,13.3,11.7,45.0,40.3,27.93,151.12133333333335,0.0,0
2026-01-31 11:00:00,11,6,1,16.621840000000002,34.68419847328245,1003.7125000000002,14.4,5.5,40.0,37.4,32.07866666666667,166.9286666666667,0.0,0
2026-01-31 12:00:00,12,6,1,17.035113636363633,34.52971428571429,1003.7486486486488,15.4,3.1,36.0,37.4,33.0,184.069375,0.0,0
2026-01-31 13:00:00,13,6,1,17.33427350427351,34.40385826771653,1004.0956521739132,16.1,1.6,35.0,38.2,30.438,201.06066666666663,0.0,0
2026-01-31 14:00:00,14,6,1,17.49469135802469,34.40511904761905,1004.9884210526318,16.5,1.6,33.0,36.7,24.93,215.98266666666663,0.0,0
2026-01-31 15:00:00,15,6,1,17.55375,34.678372093023256,1006.1787234042556,16.4,5.5,34.0,33.1,17.158000000000005,228.8673333333333,0.0,0
2026-01-31 16:00:00,16,6,1,17.5175,35.550000000000004,1007.38,15.6,2.3,37.0,31.0,7.29576923076923,240.53461538461536,0.0,0
2026-01-31 17:00:00,17,6,1,17.42,36.64133333333333,1007.9599999999998,14.5,61.7,40.0,26.6,-1.3663157894736842,248.7968421052632,0.0,0
2026-01-31 18:00:00,18,6,1,17.285,37.425,1009.475,13.5,45.3,43.0,25.6,-13.507142857142858,258.6671428571429,0.0,0
2026-01-31 19:00:00,19,6,1,17.158,37.778000000000006,1009.825,13.1,43.0,46.0,26.6,-25.69,268.36999999999995,0.0,0
2026-01-31 20:00:00,20,6,1,17.05333333333333,37.830000000000005,1010.2333333333332,12.7,43.7,46.0,26.6,-37.21666666666667,278.41333333333336,0.0,0
2026-01-31 21:00:00,21,6,1,17.023999999999997,38.586,1010.6333333333332,12.2,50.8,48.0,25.6,-48.38666666666666,290.7766666666667,0.0,0
2026-01-31 22:00:00,22,6,1,16.895,39.833333333333336,1010.85,11.5,80.5,51.0,20.5,-58.44,308.2,0.0,0
2026-01-31 23:00:00,23,6,1,16.84,40.41,1010.6,10.9,42.2,54.0,20.9,-65.64666666666666,335.07666666666665,0.0,0
2026-02-01 00:00:00,0,7,2,16.775,40.8,1010.5333333333332,10.5,63.3,57.0,23.8,-66.98333333333333,12.216666666666669,0.0,0
2026-02-01 01:00:00,1,7,2,16.729999999999997,41.055,1010.5,10.5,100.0,59.0,24.1,-61.553333333333335,43.16666666666666,0.0,0
2026-02-01 02:00:00,2,7,2,16.71,41.425,1010.25,10.2,99.2,60.0,24.8,-52.25333333333333,63.51666666666667,0.0,0
2026-02-01 03:00:00,3,7,2,16.766666666666666,41.67666666666667,1010.2666666666664,10.0,100.0,62.0,22.0,-41.36333333333334,77.31333333333333,0.0,0
2026-02-01 04:00:00,4,7,2,16.69666666666667,42.13999999999999,1010.0,9.8,93.7,63.0,21.6,-29.896666666666665,87.98666666666666,0.0,0
2026-02-01 05:00:00,5,7,2,16.323333333333334,43.21,1010.2666666666664,9.6,100.0,65.0,23.4,-17.8975,97.6875,0.0,0
2026-02-01 06:00:00,6,7,2,16.285,44.115,1010.3,9.8,98.4,67.0,25.2,-7.495,105.977,0.0,0
2026-02-01 07:00:00,7,7,2,16.14111111111111,44.86375,1010.1,10.3,94.5,67.0,28.4,3.439642857142857,115.33964285714286,0.0,0
2026-02-01 08:00:00,8,7,2,16.05310344827586,45.55424242424243,1010.4970588235294,11.0,100.0,65.0,29.5,12.443888888888887,124.87611111111111,0.0,0
2026-02-01 09:00:00,9,7,2,15.910666666666666,45.72315789473685,1010.411111111111,11.4,92.2,63.0,30.2,21.75,137.67333333333332,0.0,0
2026-02-01 10:00:00,10,7,2,16.050526315789476,45.63571428571428,1009.7727272727276,12.7,89.1,60.0,28.4,28.44,151.68266666666665,0.0,0
2026-02-01 11:00:00,11,7,2,16.191428571428574,45.008,1009.1764705882352,14.4,99.2,53.0,28.1,32.473333333333336,167.6326666666666,0.0,0
2026-02-01 12:00:00,12,7,2,16.328,45.128181818181815,1008.125,15.1,96.9,52.0,26.6,33.26933333333333,184.5653333333333,0.0,0
2026-02-01 13:00:00,13,7,2,16.529999999999998,45.212,1006.68,16.1,71.9,50.0,22.0,30.708,201.158,0.0,0
2026-02-01 14:00:00,14,7,2,16.722,45.97,1005.9,16.9,43.0,48.0,22.7,25.17866666666667,216.1326666666667,0.0,0
2026-02-01 15:00:00,15,7,2,16.85,47.385000000000005,1005.4,17.2,84.4,50.0,24.8,17.38,229.05133333333333,0.0,0
2026-02-01 16:00:00,16,7,2,16.936666666666667,48.38999999999999,1004.9333333333332,16.5,28.1,54.0,24.5,7.486800000000001,240.7456,0.0,0
2026-02-01 17:00:00,17,7,2,16.963333333333335,49.4675,1005.025,15.2,78.9,60.0,24.1,-0.9199999999999998,248.7947368421053,0.0,0
2026-02-01 18:00:00,18,7,2,16.886666666666667,50.43333333333334,1004.7,14.3,31.2,64.0,24.5,-13.51142857142857,259.0428571428571,0.0,0
2026-02-01 19:00:00,19,7,2,16.756666666666664,51.33,1004.3666666666668,14.0,20.3,67.0,24.1,-25.69333333333333,268.77,0.0,0
2026-02-01 20:00:00,20,7,2,16.844,50.52,1004.4,13.8,82.0,69.0,22.3,-37.21666666666667,278.8633333333333,0.0,0
2026-02-01 21:00:00,21,7,2,16.895,50.41,1003.675,14.0,50.0,70.0,20.5,-48.36000000000001,291.31666666666666,0.0,0
2026-02-01 22:00:00,22,7,2,16.828,50.506,1003.16,13.5,89.1,74.0,14.0,-58.35666666666666,308.86333333333334,0.0,0
2026-02-01 23:00:00,23,7,2,16.905,50.760000000000005,1002.3,12.9,99.2,78.0,11.2,-65.45,335.7933333333333,0.0,0
2026-02-02 00:00:00,0,1,2,16.926666666666666,51.09666666666666,1001.275,12.8,100.0,80.0,11.2,-66.70333333333333,12.089999999999998,0.0,0
2026-02-02 01:00:00,1,1,2,16.946,51.418000000000006,1000.15,12.9,100.0,81.0,9.4,-61.31333333333333,42.836666666666666,0.0,0
2026-02-02 02:00:00,2,1,2,16.9,51.762,999.7,12.4,100.0,84.0,9.4,-52.06,63.17666666666667,0.0,0
2026-02-02 03:00:00,3,1,2,16.872500000000002,52.258,998.8,12.5,100.0,84.0,9.0,-41.19,77.01,0.0,0
2026-02-02 04:00:00,4,1,2,16.8475,52.675,997.85,11.6,100.0,88.0,6.1,-29.730000000000004,87.71666666666665,0.0,0
2026-02-02 05:00:00,5,1,2,16.906,53.072,997.1166666666668,11.7,100.0,88.0,6.8,-17.855,97.345,0.0,0
2026-02-02 06:00:00,6,1,2,17.835,52.5,996.4285714285714,11.4,100.0,89.0,7.9,-7.0154545454545465,105.99636363636364,0.0,1
2026-02-02 07:00:00,7,1,2,19.845,56.86555555555555,995.35,10.7,98.4,91.0,9.0,3.6651851851851855,115.1477777777778,1.0,1
2026-02-02 08:00:00,8,1,2,21.721428571428568,58.17428571428572,995.0857142857142,11.1,100.0,89.0,10.4,12.467777777777778,124.45944444444444,1.0,0
2026-02-02 09:00:00,9,1,2,22.75333333333333,56.42333333333334,994.15,12.7,100.0,85.0,6.8,21.82733333333333,137.2326666666667,0.0,0
2026-02-02 10:00:00,10,1,2,22.251428571428573,54.047777777777775,993.6555555555556,13.9,99.2,81.0,6.1,28.588666666666665,151.236,0.0,0
2026-02-02 11:00:00,11,1,2,21.995,53.88333333333333,992.7833333333332,14.8,98.4,78.0,4.0,32.702666666666666,167.21666666666667,0.0,1
2026-02-02 12:00:00,12,1,2,21.034761904761904,52.10826086956522,992.6380952380952,15.3,100.0,76.0,9.0,33.55466666666667,184.516,1.0,1
2026-02-02 13:00:00,13,1,2,19.355,50.42,992.18,15.4,100.0,76.0,9.0,30.98333333333333,201.2573333333333,1.0,1
2026-02-02 14:00:00,14,1,2,18.52125,49.392105263157895,992.0388888888888,14.7,100.0,72.0,23.4,25.43066666666667,216.28666666666663,1.0,1
2026-02-02 15:00:00,15,1,2,17.96470588235294,46.25700000000001,992.3428571428572,13.7,100.0,61.0,24.5,17.60533333333333,229.2373333333333,1.0,1
2026-02-02 16:00:00,16,1,2,17.733333333333334,45.24166666666667,993.15,13.5,100.0,61.0,23.0,7.786,240.8528,1.0,1
2026-02-02 17:00:00,17,1,2,18.416666666666668,45.68,993.7,13.4,25.0,58.0,25.2,-0.7249999999999999,249.0065,1.0,1
2026-02-02 18:00:00,18,1,2,18.539375,45.41473684210527,994.8888888888888,12.6,41.4,56.0,28.4,-13.515714285714283,259.42285714285714,1.0,1
2026-02-02 19:00:00,19,1,2,17.783636363636365,45.35,995.581818181818,11.9,26.6,57.0,28.4,-25.69666666666667,269.17333333333335,1.0,1
2026-02-02 20:00:00,20,1,2,17.993333333333336,44.93,995.8333333333334,11.1,19.5,60.0,29.2,-37.21333333333333,279.3233333333333,1.0,0
2026-02-02 21:00:00,21,1,2,17.287142857142857,44.955,996.1285714285714,11.1,25.8,61.0,32.4,-48.330000000000005,291.8666666666666,0.0,0
2026-02-02 22:00:00,22,1,2,17.3075,44.845,996.38,11.3,25.0,58.0,31.7,-58.26666666666667,309.53666666666663,0.0,0
2026-02-02 23:00:00,23,1,2,17.1375,44.6875,996.7,10.8,37.5,58.0,28.4,-65.24666666666666,336.51,0.0,0
2026-02-03 00:00:00,0,2,2,16.556666666666665,44.344,996.74,10.7,21.9,58.0,26.3,-66.41666666666667,11.97,0.0,0
2026-02-03 01:00:00,1,2,2,16.467692307692307,43.896875,996.375,10.8,40.6,60.0,26.6,-61.06999999999999,42.50666666666667,0.0,0
2026-02-03 02:00:00,2,2,2,16.45,43.82333333333333,997.15,10.4,46.9,62.0,24.8,-51.85333333333333,62.84,0.0,0
2026-02-03 03:00:00,3,2,2,16.6,43.87,997.6,10.0,68.0,63.0,21.2,-41.00666666666667,76.71,0.0,0
2026-02-03 04:00:00,4,2,2,16.763333333333335,43.88666666666666,997.5666666666666,9.4,79.7,65.0,16.6,-29.55666666666667,87.44666666666666,0.0,0
2026-02-03 05:00:00,5,2,2,16.575000000000003,44.32333333333333,998.0,8.8,69.5,69.0,14.8,-16.934,97.688,0.0,0
2026-02-03 06:00:00,6,2,2,17.662857142857142,43.24857142857144,998.7166666666668,8.5,67.2,70.0,17.3,-6.374,106.133,0.0,1
2026-02-03 07:00:00,7,2,2,19.946,48.536,999.55,8.2,92.2,71.0,18.4,3.845000000000001,114.92357142857144,1.0,1
2026-02-03 08:00:00,8,2,2,21.5325,51.8825,999.85,8.5,49.2,71.0,18.4,12.731176470588236,124.3029411764706,1.0,1
2026-02-03 09:00:00,9,2,2,21.79,46.84,999.9,9.9,100.0,69.0,16.9,21.902666666666665,136.78,1.0,1
2026-02-03 10:00:00,10,2,2,20.96333333333333,48.92666666666667,999.7,11.9,100.0,61.0,14.8,28.737333333333336,150.78000000000003,1.0,1
2026-02-03 11:00:00,11,2,2,21.23333333333333,48.45,999.025,13.2,100.0,55.0,14.4,32.934666666666665,166.792,1.0,1
2026-02-03 12:00:00,12,2,2,20.804,44.472,998.18,14.2,86.7,49.0,16.9,33.824285714285715,184.145,1.0,1
2026-02-03 13:00:00,13,2,2,19.385,42.35428571428572,997.3833333333332,14.4,82.0,47.0,15.5,31.262,201.36,1.0,1
2026-02-03 14:00:00,14,2,2,18.92,42.58,996.6,15.2,27.3,45.0,16.2,25.68733333333333,216.444,1.0,1
2026-02-03 15:00:00,15,2,2,19.296666666666663,46.32428571428572,996.6333333333332,14.5,85.2,46.0,16.9,17.836666666666666,229.426,1.0,1
2026-02-03 16:00:00,16,2,2,19.6425,48.965,996.8,13.6,25.0,53.0,14.4,7.992916666666669,241.06125,1.0,1
2026-02-03 17:00:00,17,2,2,19.41333333333333,46.98666666666667,997.1666666666666,12.7,16.4,57.0,12.2,-0.1855000000000001,248.94000000000003,1.0,1
2026-02-03 18:00:00,18,2,2,19.4825,47.688,997.375,11.3,3.9,62.0,16.2,-12.765,259.20500000000004,1.0,1
2026-02-03 19:00:00,19,2,2,19.366000000000003,45.824,997.3,10.1,1.6,69.0,16.2,-25.7,269.58,1.0,1
2026-02-03 20:00:00,20,2,2,18.80666666666667,46.16666666666666,997.1666666666666,9.4,48.4,69.0,15.8,-37.20666666666667,279.78666666666663,1.0,0
2026-02-03 21:00:00,21,2,2,18.33666666666667,46.14666666666667,996.85,8.8,96.1,71.0,15.1,-48.3,292.42333333333335,0.0,0
2026-02-03 22:00:00,22,2,2,18.202,46.146,997.04,8.4,99.2,73.0,13.7,-58.16666666666666,310.2166666666667,0.0,0
2026-02-03 23:00:00,23,2,2,18.0925,46.13,996.06,8.0,100.0,74.0,13.3,-65.03666666666668,337.2266666666667,0.0,0
2026-02-04 00:00:00,0,3,2,17.875999999999998,46.21333333333333,995.3666666666668,8.4,100.0,72.0,15.5,-66.13,11.846666666666666,0.0,0
2026-02-04 01:00:00,1,3,2,17.887500000000003,46.0,994.125,8.5,100.0,73.0,14.4,-60.82333333333333,42.18,0.0,0
2026-02-04 02:00:00,2,3,2,17.915000000000003,45.92,993.2333333333332,8.6,100.0,74.0,14.0,-51.65,62.49666666666666,0.0,0
2026-02-04 03:00:00,3,3,2,17.958000000000006,46.1225,992.225,8.2,100.0,78.0,14.4,-40.82,76.39999999999999,0.0,0
2026-02-04 04:00:00,4,3,2,17.6675,46.95,991.22,7.8,100.0,85.0,19.1,-29.376666666666665,87.17333333333333,0.0,0
2026-02-04 05:00:00,5,3,2,17.6925,47.524,990.06,7.3,100.0,91.0,13.7,-16.896,97.33,0.0,0
2026-02-04 06:00:00,6,3,2,18.53714285714286,47.12857142857143,989.5714285714286,7.1,100.0,92.0,6.5,-6.369999999999999,105.749,0.0,1
2026-02-04 07:00:00,7,3,2,20.265,49.42333333333334,989.375,7.6,100.0,92.0,10.1,3.8575,114.52857142857142,1.0,1
2026-02-04 08:00:00,8,3,2,21.196666666666665,51.38666666666666,989.6,7.6,42.2,88.0,11.9,12.75235294117647,123.87117647058824,1.0,1
2026-02-04 09:00:00,9,3,2,21.226666666666667,52.105,989.825,8.8,69.5,83.0,16.9,21.976666666666667,136.32333333333335,1.0,1
2026-02-04 10:00:00,10,3,2,20.263,52.6525,989.7818181818184,10.5,87.5,74.0,20.5,28.886666666666663,150.32,1.0,1
2026-02-04 11:00:00,11,3,2,20.20733333333333,53.212500000000006,989.931818181818,13.3,69.5,67.0,16.9,33.16733333333333,166.3613333333333,1.0,1
2026-02-04 12:00:00,12,3,2,20.081315789473685,51.52149999999999,989.3690476190476,16.5,80.5,55.0,29.9,34.15375,184.070625,1.0,1
2026-02-04 13:00:00,13,3,2,19.126388888888886,49.30210526315791,989.3230769230772,16.8,100.0,52.0,34.6,31.54733333333333,201.46266666666668,1.0,1
2026-02-04 15:00:00,15,3,2,19.375,52.55705882352941,989.84375,16.4,14.1,58.0,32.0,18.07266666666667,229.6193333333333,1.0,1
2026-02-04 16:00:00,16,3,2,19.92818181818181,54.92454545454545,989.823076923077,15.9,53.1,60.0,32.4,8.028333333333334,241.4495833333333,1.0,1
2026-02-04 17:00:00,17,3,2,20.084545454545456,56.63461538461539,990.1166666666668,15.1,100.0,61.0,31.0,-0.2034999999999999,249.35800000000003,1.0,1
2026-02-04 18:00:00,18,3,2,19.43625,54.95684210526316,990.2315789473683,14.5,100.0,62.0,28.4,-12.76875,259.59875,1.0,1
2026-02-04 19:00:00,19,3,2,19.43,55.20166666666668,990.818181818182,14.0,100.0,66.0,32.0,-25.703333333333333,269.99666666666667,1.0,1
2026-02-04 20:00:00,20,3,2,18.77,53.532,991.16,14.0,77.3,67.0,30.6,-37.20333333333334,280.26,1.0,0
2026-02-04 21:00:00,21,3,2,18.401666666666667,53.07749999999999,991.4,13.6,100.0,70.0,29.5,-48.26333333333333,292.9833333333333,0.0,0
2026-02-04 22:00:00,22,3,2,18.26125,52.70666666666667,991.725,13.7,86.7,70.0,28.1,-58.06666666666667,310.90333333333336,0.0,0
2026-02-04 23:00:00,23,3,2,18.036,52.3,992.16,13.3,100.0,72.0,25.9,-64.82,337.94666666666666,0.0,0
2026-02-05 00:00:00,0,4,2,18.12,51.978333333333325,992.0,13.5,93.0,72.0,25.6,-65.83666666666666,11.726666666666668,0.0,0
2026-02-05 01:00:00,1,4,2,18.063333333333333,52.2025,991.9,13.2,100.0,74.0,23.8,-60.57,41.85,0.0,0
2026-02-05 02:00:00,2,4,2,18.009999999999998,52.39142857142857,991.5,13.0,98.4,75.0,20.2,-51.43666666666667,62.153333333333336,0.0,0
2026-02-05 03:00:00,3,4,2,17.996666666666666,52.45499999999999,990.7833333333332,12.9,96.9,75.0,19.1,-40.63666666666666,76.08666666666666,0.0,0
2026-02-05 04:00:00,4,4,2,17.903333333333336,52.64666666666667,990.8,12.5,97.7,78.0,15.5,-29.19666666666667,86.89333333333333,0.0,0
2026-02-05 05:00:00,5,4,2,18.03625,52.4025,990.4125,11.8,100.0,84.0,9.4,-16.857999999999997,96.964,0.0,0
2026-02-05 06:00:00,6,4,2,19.13,50.83833333333334,990.175,11.1,100.0,88.0,8.3,-6.363,105.36,0.0,1
2026-02-05 07:00:00,7,4,2,20.666666666666668,52.31111111111111,989.7888888888888,11.2,99.2,88.0,8.6,4.042068965517242,114.29620689655172,1.0,0
2026-02-05 08:00:00,8,4,2,22.155,56.876666666666665,989.2666666666664,11.2,89.1,91.0,9.0,13.328235294117649,124.07882352941176,0.0,0
2026-02-05 09:00:00,9,4,2,22.016666666666666,53.83166666666667,988.0,11.9,80.5,91.0,8.6,22.58466666666666,136.72666666666663,0.0,1
2026-02-05 10:00:00,10,4,2,21.74142857142857,51.75888888888889,986.6444444444444,14.9,82.8,82.0,22.0,29.41933333333333,150.866,1.0,0
2026-02-05 11:00:00,11,4,2,22.89567567567568,49.790909090909096,984.8162790697676,18.9,73.4,70.0,40.3,33.583333333333336,167.05599999999998,0.0,0
2026-02-05 12:00:00,12,4,2,24.239117647058823,49.72513513513514,984.1547826086957,21.4,21.9,60.0,38.9,34.425714285714285,184.59066666666664,0.0,0
2026-02-05 13:00:00,13,4,2,23.0725,52.03408163265306,985.8816326530616,22.1,34.4,47.0,42.1,31.83533333333333,201.56733333333327,0.0,1
2026-02-05 14:00:00,14,4,2,21.75140350877193,51.06328124999999,986.2227272727272,21.7,14.1,44.0,40.3,26.215333333333334,216.76466666666664,1.0,1
2026-02-05 15:00:00,15,4,2,21.99235294117647,45.342051282051294,987.0225,20.9,10.9,43.0,39.6,18.31133333333333,229.814,1.0,0
2026-02-05 16:00:00,16,4,2,22.29142857142858,46.85999999999999,987.93125,19.5,14.8,46.0,38.5,8.326666666666666,241.5795833333333,0.0,0
2026-02-05 17:00:00,17,4,2,21.7575,49.190000000000005,989.7111111111112,18.4,4.7,48.0,34.6,-0.024285714285714,249.60333333333327,0.0,1
2026-02-05 18:00:00,18,4,2,21.713333333333328,52.397000000000006,990.8222222222222,17.4,7.0,48.0,34.2,-12.7725,259.99625,1.0,1
2026-02-05 19:00:00,19,4,2,21.39,52.656666666666666,991.5400000000002,16.6,7.8,51.0,34.2,-25.703333333333333,270.42333333333335,1.0,1
2026-02-05 20:00:00,20,4,2,20.5128,50.26769230769231,992.112,16.0,20.3,54.0,34.2,-37.196666666666665,280.74,1.0,0
2026-02-05 21:00:00,21,4,2,20.039473684210527,47.44120000000001,993.0846153846152,15.5,18.7,56.0,33.5,-48.22666666666667,293.5566666666667,0.0,0
2026-02-05 22:00:00,22,4,2,19.498571428571427,47.08868421052631,994.0875,15.1,26.6,58.0,33.8,-57.96333333333333,311.59666666666664,0.0,0
2026-02-05 23:00:00,23,4,2,18.93428571428571,47.533478260869565,994.2875,14.5,26.6,60.0,35.3,-64.59666666666666,338.6666666666667,0.0,0
2026-02-06 00:00:00,0,5,2,18.5876,47.67571428571428,994.5896551724136,14.2,28.1,60.0,37.1,-65.53666666666668,11.603333333333332,0.0,0
2026-02-06 01:00:00,1,5,2,18.274,48.378,994.4,14.0,19.5,60.0,38.2,-60.31333333333333,41.516666666666666,0.0,0
2026-02-06 02:00:00,2,5,2,18.13181818181818,49.04818181818182,994.6769230769228,13.7,23.4,60.0,40.0,-51.22333333333333,61.803333333333335,0.0,0
2026-02-06 03:00:00,3,5,2,18.0725,48.81772727272728,995.1409090909092,13.5,37.5,60.0,40.0,-40.446666666666665,75.77333333333333,0.0,0
2026-02-06 04:00:00,4,5,2,17.85956521739131,47.65586206896551,995.5499999999998,13.4,21.9,60.0,39.6,-29.016666666666666,86.61333333333334,0.0,0
2026-02-06 05:00:00,5,5,2,17.740625,47.40277777777778,996.0684210526316,13.1,12.5,60.0,38.9,-16.818,96.592,0.0,0
2026-02-06 06:00:00,6,5,2,17.658333333333335,47.67,996.3,12.9,13.3,61.0,38.2,-5.913636363636363,105.32636363636362,0.0,1
2026-02-06 07:00:00,7,5,2,18.1625,51.47642857142857,996.4642857142856,13.0,14.1,61.0,33.8,4.2525,114.06607142857143,1.0,1
2026-02-06 08:00:00,8,5,2,19.782857142857143,58.84142857142858,997.8666666666668,13.1,18.0,60.0,33.5,13.35235294117647,123.63117647058824,1.0,1
2026-02-06 09:00:00,9,5,2,20.48,52.77,998.4,14.2,8.6,58.0,33.8,22.666,136.25533333333334,1.0,1
2026-02-06 10:00:00,10,5,2,20.165,49.22624999999999,997.9714285714288,15.5,8.6,55.0,29.9,29.576666666666664,150.39333333333337,1.0,1
2026-02-06 11:00:00,11,5,2,20.533000000000005,46.19799999999999,998.25,16.7,21.1,48.0,27.7,33.828,166.6146666666667,1.0,1
2026-02-06 12:00:00,12,5,2,20.44,43.83500000000001,998.1,17.6,28.1,44.0,27.4,34.74666666666666,184.21750000000003,1.0,1
2026-02-06 13:00:00,13,5,2,20.036666666666665,43.8775,997.65,18.5,39.1,40.0,27.4,32.126666666666665,201.676,1.0,1
2026-02-06 14:00:00,14,5,2,19.986666666666668,44.02,996.6714285714288,18.2,56.2,42.0,26.3,26.482,216.932,1.0,1
2026-02-06 15:00:00,15,5,2,19.816666666666663,43.52333333333333,996.65,17.5,80.5,46.0,22.3,18.552,230.0173333333333,1.0,1
2026-02-06 16:00:00,16,5,2,19.66,43.61249999999999,998.3266666666666,16.6,51.6,49.0,23.8,8.553043478260872,241.78913043478263,1.0,1
2026-02-06 17:00:00,17,5,2,19.42,46.6025,998.7333333333332,15.6,64.1,55.0,22.7,0.1495454545454545,249.85636363636365,1.0,1
2026-02-06 18:00:00,18,5,2,19.38,47.43,998.9,14.7,68.7,57.0,23.4,-12.77375,260.40250000000003,1.0,1
2026-02-06 19:00:00,19,5,2,18.826666666666668,47.723333333333336,999.28,13.4,23.4,61.0,25.9,-25.706666666666667,270.8566666666666,1.0,1
2026-02-06 20:00:00,20,5,2,18.468333333333334,47.40571428571428,1000.0714285714286,13.0,11.7,61.0,25.2,-37.18666666666667,281.22666666666663,1.0,0
2026-02-06 21:00:00,21,5,2,18.3925,47.1025,1000.9333333333334,12.6,67.2,60.0,24.1,-48.18666666666667,294.13666666666666,0.0,0
2026-02-06 22:00:00,22,5,2,18.415,46.83,1000.9,12.3,17.2,60.0,22.7,-57.85333333333333,312.2966666666666,0.0,0
2026-02-06 23:00:00,23,5,2,18.60125,46.02,1001.3444444444444,11.8,4.7,61.0,22.3,-64.36666666666666,339.37999999999994,0.0,0
2026-02-07 00:00:00,0,6,2,18.25,46.10666666666666,1001.3,11.2,75.0,64.0,19.8,-65.23,11.49,0.0,0
2026-02-07 01:00:00,1,6,2,18.51333333333333,45.735,1001.95,10.8,8.6,62.0,24.8,-60.05,41.193333333333335,0.0,0
2026-02-07 02:00:00,2,6,2,17.916666666666668,45.6475,1002.625,10.3,72.7,64.0,24.5,-51.00333333333333,61.45666666666667,0.0,0
2026-02-07 03:00:00,3,6,2,17.622500000000002,45.86500000000001,1003.1333333333332,10.2,94.5,65.0,25.9,-40.24666666666667,75.46,0.0,0
2026-02-07 04:00:00,4,6,2,17.685000000000002,45.605,1003.7,10.3,89.1,64.0,20.5,-28.83333333333333,86.33,0.0,0
2026-02-07 05:00:00,5,6,2,17.74,45.065000000000005,1003.9666666666668,10.0,21.9,64.0,18.4,-16.78,96.21399999999998,0.0,0
2026-02-07 06:00:00,6,6,2,17.706666666666667,44.77,1004.7333333333332,9.3,5.5,65.0,18.7,-5.906363636363637,104.92545454545456,0.0,0
2026-02-07 07:00:00,7,6,2,17.43,44.29,1005.2333333333332,9.8,25.8,61.0,21.6,4.43448275862069,113.81862068965518,0.0,0
2026-02-07 08:00:00,8,6,2,17.723999999999997,43.882000000000005,1005.58,10.4,12.5,59.0,18.4,13.638125,123.47312499999998,0.0,0
2026-02-07 09:00:00,9,6,2,17.3,42.954,1006.0166666666664,11.8,47.7,55.0,17.6,22.74533333333333,135.78133333333332,0.0,0
2026-02-07 10:00:00,10,6,2,17.177142857142858,41.66875,1006.5733333333332,12.9,46.9,50.0,25.9,29.733999999999995,149.91333333333333,0.0,0
2026-02-07 11:00:00,11,6,2,17.183939393939394,40.540000000000006,1006.5111111111112,13.8,97.7,44.0,28.4,34.07133333333333,166.16733333333335,0.0,0
2026-02-07 12:00:00,12,6,2,17.22,40.11875,1005.95,14.9,100.0,40.0,24.8,35.06999999999999,184.14187500000003,0.0,0
2026-02-07 13:00:00,13,6,2,17.44,39.656666666666666,1005.2333333333332,15.9,100.0,38.0,21.6,32.42466666666667,201.78933333333333,0.0,0
2026-02-07 14:00:00,14,6,2,17.515,39.35000000000001,1004.8,15.4,100.0,38.0,23.0,26.754666666666665,217.102,0.0,0
2026-02-07 15:00:00,15,6,2,17.625,39.79,1004.1333333333332,14.7,100.0,41.0,17.6,18.79533333333333,230.2206666666667,0.0,0
2026-02-07 16:00:00,16,6,2,17.635,40.4025,1003.5,14.4,84.4,45.0,10.8,8.603478260869565,242.1782608695652,0.0,0
2026-02-07 17:00:00,17,6,2,17.404999999999998,41.685,1002.675,13.8,100.0,52.0,10.4,0.1295454545454545,250.2904545454545,0.0,0
2026-02-07 18:00:00,18,6,2,17.614,41.89,1002.46,12.8,100.0,60.0,8.6,-12.031428571428568,260.2185714285714,0.0,0
2026-02-07 19:00:00,19,6,2,17.65,42.43666666666667,1001.95,11.7,100.0,64.0,9.7,-21.85333333333333,268.1033333333333,0.0,0
2026-02-07 20:00:00,20,6,2,17.569999999999997,43.3625,1001.3,11.1,100.0,70.0,10.1,-33.38333333333333,278.05,0.0,0
2026-02-07 21:00:00,21,6,2,17.642500000000002,43.792,1000.6,10.8,99.2,75.0,9.7,-44.583333333333336,289.97,0.0,0
2026-02-07 22:00:00,22,6,2,17.725,44.195,1000.3,10.0,100.0,80.0,7.2,-54.77666666666666,306.0933333333333,0.0,0
2026-02-07 23:00:00,23,6,2,17.7175,44.668,999.475,9.7,56.2,83.0,8.3,-62.52333333333333,329.9766666666667,0.0,0
2026-02-08 00:00:00,0,7,2,17.64,45.20333333333334,998.65,9.7,27.3,80.0,11.9,-65.0275,96.2575,0.0,0
2026-02-08 01:00:00,1,7,2,17.50333333333333,45.595,998.15,11.5,75.8,67.0,22.3,-59.78666666666667,40.86333333333334,0.0,0
2026-02-08 02:00:00,2,7,2,17.162,45.734,997.9,11.3,27.3,65.0,24.1,-50.78,61.10333333333333,0.0,0
2026-02-08 03:00:00,3,7,2,16.95,45.53,997.8,11.5,33.6,62.0,26.3,-40.05,75.13333333333333,0.0,0
2026-02-08 04:00:00,4,7,2,16.8,45.01499999999999,998.1,11.2,52.3,62.0,23.4,-28.64333333333333,86.04,0.0,0
2026-02-08 05:00:00,5,7,2,16.56,45.15,998.0,11.0,71.9,60.0,22.3,-16.740000000000002,95.834,0.0,0
2026-02-08 06:00:00,6,7,2,16.34454545454545,45.338,998.3,10.7,76.6,62.0,20.2,-5.903636363636365,104.51818181818182,0.0,0
2026-02-08 07:00:00,7,7,2,16.223750000000003,45.65875,998.6333333333334,10.6,62.5,63.0,24.1,4.449310344827587,113.40068965517244,0.0,0
2026-02-08 08:00:00,8,7,2,16.163750000000004,46.08090909090909,999.02,10.9,84.4,63.0,25.2,13.970588235294118,123.38823529411764,0.0,0
2026-02-08 09:00:00,9,7,2,16.002307692307696,45.95642857142857,999.7357142857144,11.5,21.9,61.0,25.9,23.36466666666667,136.174,0.0,0
2026-02-08 10:00:00,10,7,2,16.12043478260869,45.079523809523806,1000.088,13.3,79.7,53.0,25.2,30.279333333333334,150.45199999999997,0.0,0
2026-02-08 11:00:00,11,7,2,16.438333333333336,43.321000000000005,1000.33,14.5,29.7,47.0,25.9,34.50066666666667,166.86066666666665,0.0,0
2026-02-08 12:00:00,12,7,2,16.78344827586207,42.42545454545454,1000.2696969696968,16.7,27.3,36.0,25.2,35.373999999999995,184.6726666666667,0.0,0
2026-02-08 13:00:00,13,7,2,17.116363636363634,41.59333333333333,1000.4517241379313,17.8,29.7,29.0,25.9,32.724000000000004,201.9,0.0,0
2026-02-08 14:00:00,14,7,2,17.33555555555556,40.79103448275861,1000.8129032258064,18.0,12.5,30.0,24.1,27.03,217.274,0.0,0
2026-02-08 15:00:00,15,7,2,17.41611111111111,40.707647058823525,1001.5705882352942,17.9,18.7,32.0,27.4,19.044666666666664,230.42866666666663,0.0,0
2026-02-08 16:00:00,16,7,2,17.347692307692306,40.542,1002.73125,16.8,46.1,36.0,25.2,8.902608695652173,242.32869565217388,0.0,0
2026-02-08 17:00:00,17,7,2,17.279999999999998,40.59,1003.5090909090908,15.6,51.6,40.0,25.2,0.3008695652173913,250.55739130434785,0.0,0
2026-02-08 18:00:00,18,7,2,16.963333333333335,41.046666666666674,1005.02,14.5,68.0,43.0,25.9,-12.035714285714286,260.6328571428572,0.0,0
2026-02-08 19:00:00,19,7,2,16.82,41.34,1005.9333333333332,13.7,40.6,46.0,26.3,-21.85333333333333,268.5366666666667,0.0,0
2026-02-08 20:00:00,20,7,2,16.85,41.615,1005.9,13.0,17.2,47.0,20.9,-33.38,278.53,0.0,0
2026-02-08 21:00:00,21,7,2,16.669999999999998,41.61,1006.1,12.0,68.0,49.0,15.5,-44.55666666666667,290.53333333333336,0.0,0
2026-02-08 22:00:00,22,7,2,16.425,41.62,1006.45,11.7,61.7,47.0,17.3,-54.693333333333335,306.77333333333337,0.0,0
2026-02-08 23:00:00,23,7,2,16.77,41.48,1006.3,11.5,96.9,47.0,18.0,-62.330000000000005,330.7266666666667,0.0,0
2026-02-09 00:00:00,0,1,2,16.483333333333334,41.72,1005.9666666666668,11.1,74.2,50.0,18.7,-64.7225,96.34,0.0,0
2026-02-09 01:00:00,1,1,2,16.345999999999997,42.082,1005.425,10.5,100.0,53.0,19.8,-59.51333333333333,40.53666666666667,0.0,0
2026-02-09 02:00:00,2,1,2,16.241666666666667,42.465,1005.1625,10.6,100.0,54.0,21.6,-50.54999999999999,60.75,0.0,0
2026-02-09 03:00:00,3,1,2,16.21,43.51666666666667,1005.1333333333332,10.0,100.0,60.0,19.4,-39.84666666666666,74.81333333333333,0.0,0
2026-02-09 04:00:00,4,1,2,16.58214285714286,43.60615384615385,1004.4071428571428,9.5,100.0,68.0,20.2,-28.453333333333333,85.75,0.0,0
2026-02-09 05:00:00,5,1,2,16.77,44.035,1004.85,8.5,100.0,83.0,15.5,-16.702,95.444,0.0,0
2026-02-09 06:00:00,6,1,2,16.916666666666668,45.42666666666667,1004.6666666666666,9.0,100.0,80.0,15.8,-5.897272727272727,104.10727272727271,0.0,1
2026-02-09 07:00:00,7,1,2,17.7175,50.115,1004.9333333333334,9.0,93.0,83.0,15.8,4.635666666666666,113.147,1.0,1
2026-02-09 08:00:00,8,1,2,19.66714285714286,57.99,1004.98,9.5,70.3,80.0,17.3,14.560666666666666,123.55533333333332,1.0,1
2026-02-09 09:00:00,9,1,2,21.223333333333333,56.586666666666666,1004.4666666666668,11.3,49.2,74.0,17.3,23.45,135.68266666666668,1.0,1
2026-02-09 10:00:00,10,1,2,21.1725,53.845,1004.45,14.3,100.0,62.0,11.2,30.44266666666667,149.95933333333332,1.0,1
2026-02-09 11:00:00,11,1,2,21.07714285714286,53.93142857142857,1004.3428571428572,16.3,100.0,55.0,19.1,34.755333333333326,166.40266666666668,1.0,1
2026-02-09 12:00:00,12,1,2,21.460952380952385,47.251333333333335,1003.6655172413792,17.8,78.9,45.0,25.9,35.70625,184.289375,1.0,1
2026-02-09 13:00:00,13,1,2,20.665,44.814166666666665,1002.9500000000002,18.6,46.1,42.0,28.8,33.028666666666666,202.01466666666667,1.0,1
2026-02-09 14:00:00,14,1,2,20.71,43.99133333333334,1002.8066666666668,19.7,84.4,39.0,25.9,27.31,217.45,1.0,1
2026-02-09 15:00:00,15,1,2,21.285,44.68666666666667,1003.1,20.4,93.7,37.0,23.4,19.296,230.638,1.0,1
2026-02-09 16:00:00,16,1,2,21.36,44.75999999999999,1003.12,20.2,100.0,41.0,14.8,9.151818181818182,242.53272727272724,1.0,1
2026-02-09 17:00:00,17,1,2,21.478,45.934,1003.68,18.6,75.0,49.0,16.2,0.5017391304347829,250.79217391304343,1.0,0
2026-02-09 18:00:00,18,1,2,22.582500000000003,47.34,1003.6333333333332,16.9,88.3,57.0,16.9,-12.04,261.0542857142857,0.0,0
2026-02-09 19:00:00,19,1,2,22.962,48.934,1003.26,16.7,66.4,58.0,19.1,-21.85333333333333,268.9666666666667,0.0,1
2026-02-09 20:00:00,20,1,2,21.7525,49.74,1003.0,16.5,89.8,62.0,19.4,-33.376666666666665,279.0133333333333,1.0,0
2026-02-09 21:00:00,21,1,2,21.06,50.583333333333336,1003.3333333333334,15.8,99.2,67.0,19.8,-44.52333333333333,291.1033333333333,0.0,0
2026-02-09 22:00:00,22,1,2,20.57333333333333,51.35,1002.9666666666668,15.6,96.1,70.0,18.0,-54.59666666666666,307.4566666666667,0.0,0
2026-02-09 23:00:00,23,1,2,20.325,51.5475,1002.1666666666666,15.4,96.9,74.0,19.4,-62.123333333333335,331.47333333333336,0.0,0
2026-02-10 00:00:00,0,2,2,20.14333333333333,51.99,1002.0,15.9,68.7,73.0,17.6,-64.4125,186.415,0.0,0
2026-02-10 01:00:00,1,2,2,20.0,52.446666666666665,1002.0,16.8,96.1,68.0,20.9,-59.24000000000001,40.21,0.0,0
2026-02-10 02:00:00,2,2,2,19.91,53.00333333333333,1001.7,17.0,85.9,69.0,24.5,-50.32,60.39666666666667,0.0,0
2026-02-10 03:00:00,3,2,2,19.8,53.565,1002.0,17.5,88.3,67.0,22.7,-39.64333333333334,74.49,0.0,0
2026-02-10 04:00:00,4,2,2,19.756666666666664,53.64333333333334,1002.3,17.5,96.9,66.0,20.2,-28.25333333333333,85.46,0.0,0
2026-02-10 05:00:00,5,2,2,20.02,53.53,1002.4,17.2,100.0,65.0,22.7,-16.66,95.052,0.0,0
2026-02-10 06:00:00,6,2,2,20.876,52.896,1002.75,16.8,100.0,68.0,20.5,-5.895454545454545,103.68727272727271,0.0,1
2026-02-10 07:00:00,7,2,2,21.693333333333328,55.655,1003.32,16.9,96.9,68.0,23.0,4.650666666666667,112.71933333333337,1.0,0
2026-02-10 08:00:00,8,2,2,23.218,60.846,1003.7,17.7,100.0,68.0,22.7,14.582,123.08066666666666,0.0,0
2026-02-10 09:00:00,9,2,2,22.69,54.794285714285714,1003.38,18.9,100.0,62.0,25.9,23.534,135.19199999999998,0.0,0
2026-02-10 10:00:00,10,2,2,22.453125000000004,52.19588235294117,1003.6941176470588,19.4,97.7,61.0,20.9,30.60733333333333,149.4606666666667,0.0,0
2026-02-10 11:00:00,11,2,2,23.050000000000004,50.98833333333334,1003.3666666666668,20.7,96.9,58.0,20.5,35.00933333333333,165.93599999999998,0.0,0
2026-02-10 12:00:00,12,2,2,23.3925925925926,49.38379310344828,1003.1185185185184,21.8,100.0,56.0,24.8,36.025625,184.216875,0.0,0
2026-02-10 13:00:00,13,2,2,22.85153846153846,50.38,1002.8333333333334,23.3,100.0,48.0,27.4,33.33666666666667,202.13466666666665,0.0,0
2026-02-10 14:00:00,14,2,2,22.26181818181818,52.09083333333333,1002.525,22.2,100.0,51.0,29.2,27.58933333333333,217.6313333333333,0.0,0
2026-02-10 15:00:00,15,2,2,22.30666666666667,54.02666666666666,1001.7533333333332,21.0,100.0,56.0,30.2,19.546000000000003,230.85466666666665,0.0,0
2026-02-10 16:00:00,16,2,2,22.374,53.93333333333334,1001.14,20.6,98.4,61.0,28.1,9.220000000000002,242.9240909090909,0.0,0
2026-02-10 17:00:00,17,2,2,21.94,53.0775,1002.1,20.5,99.2,60.0,31.3,0.78,250.9972727272727,0.0,1
2026-02-10 18:00:00,18,2,2,21.776666666666667,55.29,1002.3333333333334,20.3,97.7,61.0,28.1,-11.285,260.87,1.0,1
2026-02-10 19:00:00,19,2,2,21.721,56.55833333333333,1001.8166666666668,20.3,92.2,61.0,29.9,-21.856666666666666,269.4166666666667,1.0,1
2026-02-10 20:00:00,20,2,2,21.63037037037038,57.30866666666668,1001.7709677419356,20.1,99.2,63.0,31.0,-33.37,279.5133333333333,1.0,0
2026-02-10 21:00:00,21,2,2,21.63166666666666,56.65425531914892,1002.2846153846152,20.1,97.7,63.0,31.0,-44.49,291.68,0.0,0
2026-02-10 22:00:00,22,2,2,21.654666666666664,55.54971428571428,1002.428,20.5,98.4,62.0,36.4,-54.5,308.1466666666667,0.0,0
2026-02-10 23:00:00,23,2,2,21.58761363636364,54.885154639175255,1002.5942307692304,20.3,83.6,62.0,43.9,-61.92,332.2233333333333,0.0,0
2026-02-11 00:00:00,0,3,2,21.50888888888889,53.78170731707316,1003.3166666666666,20.1,64.1,62.0,48.2,-64.1,186.4925,0.0,0
2026-02-11 01:00:00,1,3,2,21.42127272727272,53.7876119402985,1003.7647887323942,19.6,34.4,57.0,48.6,-58.96,39.88333333333333,0.0,0
2026-02-11 02:00:00,2,3,2,21.293777777777773,52.65229166666666,1003.998,19.3,86.7,56.0,45.0,-50.086666666666666,60.04,0.0,0
2026-02-11 03:00:00,3,3,2,21.15663366336633,51.11254545454545,1003.5880341880342,19.0,27.3,58.0,43.9,-39.43333333333334,74.16333333333334,0.0,0
2026-02-11 04:00:00,4,3,2,21.014479166666664,47.73962264150943,1004.0552631578948,18.4,33.6,57.0,42.1,-28.05666666666667,85.15999999999998,0.0,0
2026-02-11 05:00:00,5,3,2,20.876315789473683,47.06176470588235,1004.1627272727272,18.0,46.9,55.0,41.4,-15.85,95.26833333333332,0.0,0
2026-02-11 06:00:00,6,3,2,21.29850574712644,45.72673267326732,1005.3228571428572,17.8,93.7,58.0,42.8,-4.833636363636364,104.10636363636364,0.0,1
2026-02-11 07:00:00,7,3,2,21.586666666666662,46.25208333333333,1006.271153846154,17.5,63.3,58.0,40.7,5.011,112.61733333333332,1.0,0
2026-02-11 08:00:00,8,3,2,22.027647058823533,47.40532258064516,1006.255737704918,17.8,89.1,55.0,40.3,15.251333333333331,123.34866666666667,0.0,0
2026-02-11 09:00:00,9,3,2,22.477142857142866,46.79036697247705,1006.91652173913,18.7,87.5,55.0,35.3,24.164,135.57333333333332,0.0,0
2026-02-11 10:00:00,10,3,2,22.12315789473684,45.29681818181819,1006.6569230769232,18.7,87.5,55.0,35.3,31.164,149.99266666666662,0.0,0
2026-02-11 11:00:00,11,3,2,23.232363636363644,45.23215384615385,1005.8363636363638,21.3,98.4,52.0,36.0,35.45066666666666,166.63066666666666,0.0,0
2026-02-11 12:00:00,12,3,2,23.17428571428572,45.666250000000005,1005.0666666666664,22.3,98.4,48.0,34.6,36.34066666666667,184.7513333333333,0.0,0
2026-02-11 13:00:00,13,3,2,22.592857142857145,48.7575,1003.425,22.5,100.0,45.0,31.0,33.648,202.25,0.0,0
2026-02-11 14:00:00,14,3,2,22.5124,52.150357142857146,1002.0586206896552,22.8,100.0,48.0,24.1,27.877333333333333,217.81000000000003,0.0,0
2026-02-11 15:00:00,15,3,2,23.186666666666667,53.69500000000001,1001.31,23.0,100.0,52.0,27.0,19.804,231.06733333333327,0.0,0
2026-02-11 16:00:00,16,3,2,23.701538461538465,54.84499999999999,1001.0133333333334,22.5,100.0,54.0,28.4,9.519090909090908,243.09136363636364,0.0,0
2026-02-11 17:00:00,17,3,2,23.358571428571427,54.74285714285714,1001.0833333333331,21.4,100.0,59.0,33.5,0.9513043478260872,251.28086956521736,0.0,0
2026-02-11 18:00:00,18,3,2,23.34555555555556,56.809000000000005,1000.7,20.7,100.0,61.0,37.8,-11.29125,261.30375,0.0,0
2026-02-11 19:00:00,19,3,2,23.22396551724137,56.83015873015874,999.2843750000002,20.9,85.2,59.0,51.5,-21.856666666666666,269.86,0.0,0
2026-02-11 20:00:00,20,3,2,22.62,54.11127450980391,999.0587155963302,20.8,99.2,58.0,54.0,-33.36333333333334,280.00666666666666,0.0,0
2026-02-11 21:00:00,21,3,2,22.14461538461539,52.51303030303031,999.1761467889908,20.7,97.7,58.0,51.8,-44.45,292.25666666666666,0.0,0
2026-02-11 22:00:00,22,3,2,21.97161764705883,52.569,999.60875,20.4,99.2,57.0,53.6,-54.39666666666667,308.83666666666664,0.0,0
2026-02-11 23:00:00,23,3,2,21.818604651162783,53.10150943396226,1001.0844827586204,19.9,84.4,59.0,52.6,-61.70333333333334,332.97,0.0,0
2026-02-12 00:00:00,0,4,2,21.711666666666662,53.078909090909086,1002.104761904762,19.4,85.2,61.0,47.5,-63.7775,186.575,0.0,0
2026-02-12 01:00:00,1,4,2,21.52125,51.667777777777786,1002.9400000000002,19.5,89.1,60.0,43.6,-58.67666666666667,39.56333333333333,0.0,0
2026-02-12 02:00:00,2,4,2,21.33,49.370000000000005,1003.6272727272728,18.9,35.9,55.0,39.6,-49.84666666666666,59.69333333333333,0.0,0
2026-02-12 03:00:00,3,4,2,21.05875,47.70105263157895,1004.445,17.6,42.2,55.0,34.9,-39.21666666666667,73.83666666666667,0.0,0
2026-02-12 04:00:00,4,4,2,20.737272727272728,46.34230769230768,1004.85,16.4,14.8,55.0,32.4,-27.85333333333333,84.86666666666667,0.0,0
2026-02-12 05:00:00,5,4,2,20.36125,45.16434782608697,1005.52,15.5,30.5,55.0,32.8,-15.816666666666668,94.86,0.0,0
2026-02-12 06:00:00,6,4,2,20.60272727272727,43.862173913043485,1006.3347826086956,14.9,16.4,54.0,34.2,-4.415833333333333,103.9925,0.0,1
2026-02-12 07:00:00,7,4,2,19.926944444444448,45.03621621621621,1007.3894736842104,13.9,36.7,56.0,32.4,5.194827586206896,112.33896551724138,1.0,1
2026-02-12 08:00:00,8,4,2,19.68555555555556,45.05388888888889,1008.0235294117646,14.3,25.8,53.0,33.8,15.277333333333337,122.862,1.0,1
2026-02-12 09:00:00,9,4,2,19.78055555555556,41.71849999999999,1008.61,15.4,21.9,51.0,34.9,24.25133333333333,135.06733333333335,1.0,1
2026-02-12 10:00:00,10,4,2,19.6796551724138,39.14333333333334,1009.28125,16.7,33.6,45.0,36.0,31.33333333333333,149.48066666666668,1.0,1
2026-02-12 11:00:00,11,4,2,20.271587301587303,37.32684931506849,1009.0657534246578,17.9,26.6,39.0,36.7,35.714666666666666,166.152,1.0,1
2026-02-12 12:00:00,12,4,2,20.60373493975904,36.87479591836734,1008.4717171717172,19.0,13.3,34.0,36.0,36.66733333333333,184.36062500000003,1.0,1
2026-02-12 13:00:00,13,4,2,20.489090909090912,35.23193548387097,1007.7645161290322,20.1,41.4,28.0,35.3,33.964000000000006,202.37333333333336,1.0,1
2026-02-12 14:00:00,14,4,2,20.40774193548387,33.0475,1007.186111111111,20.3,94.5,26.0,34.9,28.164666666666665,217.9953333333333,1.0,1
2026-02-12 15:00:00,15,4,2,21.430625,34.135625,1006.657142857143,20.1,32.0,28.0,34.6,20.06533333333333,231.288,1.0,0
2026-02-12 16:00:00,16,4,2,21.76444444444444,35.4353125,1006.5382352941176,19.9,35.2,30.0,31.0,9.794285714285715,243.28571428571428,0.0,1
2026-02-12 17:00:00,17,4,2,21.484285714285715,35.0424,1006.7230769230767,18.9,47.7,34.0,27.4,1.1224999999999998,251.5683333333333,1.0,1
2026-02-12 18:00:00,18,4,2,21.84625,38.99222222222222,1007.0333333333332,17.7,24.2,38.0,25.2,-11.2925,261.7375,1.0,1
2026-02-12 19:00:00,19,4,2,21.94,42.18,1007.2333333333336,16.9,50.8,39.0,24.5,-21.856666666666666,270.32,1.0,1
2026-02-12 20:00:00,20,4,2,21.372,42.23333333333333,1007.12,16.2,96.1,42.0,26.3,-33.35666666666666,280.51666666666665,1.0,0
2026-02-12 21:00:00,21,4,2,20.975,41.64833333333333,1006.5166666666668,16.1,89.1,45.0,27.0,-44.41,292.84666666666664,0.0,0
2026-02-12 22:00:00,22,4,2,20.822,41.31,1005.86,15.7,45.3,46.0,27.0,-54.29333333333333,309.5433333333333,0.0,0
2026-02-12 23:00:00,23,4,2,20.29625,40.60105263157894,1005.327777777778,15.2,65.6,48.0,23.8,-61.48333333333334,333.72666666666663,0.0,0
2026-02-13 00:00:00,0,5,2,20.03818181818181,40.13214285714286,1004.2230769230767,15.0,93.0,50.0,24.1,-63.455,186.65500000000003,0.0,0
2026-02-13 01:00:00,1,5,2,20.106,40.23,1003.12,14.9,46.9,54.0,20.9,-58.39000000000001,39.24666666666667,0.0,0
2026-02-13 02:00:00,2,5,2,20.43142857142857,40.29125,1001.5571428571428,13.5,24.2,59.0,16.6,-49.60333333333333,59.336666666666666,0.0,0
2026-02-13 03:00:00,3,5,2,20.6075,40.60625,999.8142857142856,13.1,86.7,60.0,16.6,-39.00333333333333,73.50666666666666,0.0,0
2026-02-13 04:00:00,4,5,2,20.57166666666667,41.25666666666666,997.7375,13.3,23.4,61.0,14.8,-27.65,84.56666666666666,0.0,0
2026-02-13 05:00:00,5,5,2,20.74714285714285,41.883,995.35,12.7,77.3,66.0,15.5,-15.783333333333331,94.44833333333334,0.0,0
2026-02-13 06:00:00,6,5,2,21.57333333333333,41.87,994.26,13.0,56.2,66.0,15.5,-4.4125000000000005,103.55583333333333,0.0,0
2026-02-13 07:00:00,7,5,2,21.96,46.96571428571429,992.7,12.2,33.6,70.0,13.0,5.20896551724138,111.8951724137931,0.0,0
2026-02-13 08:00:00,8,5,2,22.883333333333336,54.946666666666665,991.14,13.2,74.2,64.0,11.9,15.303999999999998,122.37266666666667,0.0,0
2026-02-13 09:00:00,9,5,2,22.79166666666666,47.16666666666666,990.2333333333336,15.1,76.6,54.0,14.4,24.340666666666667,134.5593333333333,0.0,1
2026-02-13 10:00:00,10,5,2,21.65451612903226,45.62666666666665,989.7,16.3,89.1,61.0,26.3,31.50533333333333,148.96666666666667,1.0,1
2026-02-13 11:00:00,11,5,2,21.400384615384613,45.39586206896552,988.7620689655172,17.5,100.0,57.0,22.3,35.97933333333333,165.67200000000005,1.0,1
2026-02-13 12:00:00,12,5,2,21.090222222222227,42.13592592592593,987.0163636363636,17.5,93.0,49.0,30.2,37.0175,184.281875,1.0,1
2026-02-13 13:00:00,13,5,2,20.2549557522124,43.29631147540983,987.1523437500002,18.5,79.7,37.0,36.0,34.284666666666666,202.49666666666664,1.0,1
2026-02-13 14:00:00,14,5,2,19.135,48.2151282051282,986.1275,17.8,82.8,39.0,39.6,28.45733333333333,218.18133333333333,1.0,1
2026-02-13 15:00:00,15,5,2,19.18328767123289,45.26542168674701,986.1999999999998,17.5,84.4,41.0,36.7,20.32733333333333,231.5133333333333,1.0,1
2026-02-13 16:00:00,16,5,2,19.199482758620693,41.65736111111111,986.7706666666668,17.2,83.6,41.0,35.6,9.88095238095238,243.6719047619048,1.0,1
2026-02-13 17:00:00,17,5,2,19.1622641509434,40.5366129032258,987.2065573770492,16.4,90.6,41.0,37.1,1.105,252.0329166666667,1.0,1
2026-02-13 18:00:00,18,5,2,18.931063829787227,40.42759999999999,987.8735849056602,15.4,82.8,46.0,37.1,-11.294999999999998,262.17875,1.0,1
2026-02-13 19:00:00,19,5,2,19.143,40.63,989.0545454545456,14.9,100.0,46.0,36.4,-21.856666666666666,270.7733333333333,1.0,1
2026-02-13 20:00:00,20,5,2,19.12310344827586,40.64264705882355,989.822222222222,14.7,100.0,45.0,33.1,-33.343333333333334,281.0233333333333,1.0,0
2026-02-13 21:00:00,21,5,2,18.84090909090909,40.398857142857146,990.8685714285716,14.1,96.9,47.0,32.8,-44.36666666666667,293.44,0.0,0
2026-02-13 22:00:00,22,5,2,18.595531914893613,39.720600000000005,991.035849056604,13.7,100.0,49.0,32.4,-54.18333333333334,310.24333333333334,0.0,0
2026-02-13 23:00:00,23,5,2,18.292,39.13561403508771,991.233870967742,13.3,100.0,49.0,33.1,-61.25666666666667,334.46333333333337,0.0,0
2026-02-14 00:00:00,0,6,2,18.15959183673469,38.577358490566034,991.3833333333336,12.9,100.0,49.0,31.3,-63.1275,186.73,0.0,0
2026-02-14 01:00:00,1,6,2,18.019016393442623,37.89896103896104,991.645,12.8,100.0,49.0,30.6,-58.1,38.92333333333333,0.0,0
2026-02-14 02:00:00,2,6,2,17.852592592592593,37.42757575757576,992.2676470588236,12.7,99.2,47.0,28.4,-49.35333333333333,58.98333333333333,0.0,0
2026-02-14 03:00:00,3,6,2,17.723333333333333,35.28627906976745,992.7046511627908,12.7,100.0,42.0,26.6,-38.78,73.17666666666668,0.0,0
2026-02-14 04:00:00,4,6,2,17.583809523809528,34.01761904761904,993.26,12.3,100.0,39.0,25.9,-27.44,84.26333333333334,0.0,0
2026-02-14 05:00:00,5,6,2,17.522000000000002,33.745185185185186,994.2740740740742,12.2,100.0,38.0,25.6,-15.745000000000005,94.03333333333336,0.0,0
2026-02-14 06:00:00,6,6,2,17.509,33.263636363636365,995.1916666666666,12.2,48.4,39.0,24.1,-4.0369230769230775,103.40846153846157,0.0,0
2026-02-14 07:00:00,7,6,2,17.548000000000002,33.28363636363636,996.3818181818184,12.2,10.2,40.0,28.8,5.577586206896552,111.78689655172414,0.0,0
2026-02-14 08:00:00,8,6,2,17.59857142857143,32.99666666666666,997.9444444444443,12.6,31.2,38.0,29.5,15.978666666666667,122.6313333333333,0.0,0
2026-02-14 09:00:00,9,6,2,17.764242424242425,32.056666666666665,998.5837837837836,13.9,46.9,34.0,31.3,24.979333333333333,134.92933333333335,0.0,0
2026-02-14 10:00:00,10,6,2,18.037096774193547,31.67774193548387,999.5939393939392,14.7,18.0,34.0,33.8,32.07266666666667,149.49066666666667,0.0,0
2026-02-14 11:00:00,11,6,2,18.17177419354838,31.636376811594207,1000.3774647887324,16.4,22.7,30.0,32.8,36.43266666666667,166.37,0.0,0
2026-02-14 12:00:00,12,6,2,18.2484375,31.55925925925926,1000.7512195121952,17.2,15.6,29.0,30.2,37.342,184.83333333333337,0.0,0
2026-02-14 13:00:00,13,6,2,18.33933333333333,31.88373737373737,1001.594230769231,18.3,9.4,26.0,38.9,34.605333333333334,202.6253333333333,0.0,0
2026-02-14 14:00:00,14,6,2,18.43757142857143,32.41930555555555,1002.4855263157892,18.5,10.9,26.0,40.3,28.750000000000004,218.3766666666667,0.0,0
2026-02-14 15:00:00,15,6,2,18.391452991453,32.71236641221374,1002.8524822695036,18.1,13.3,27.0,37.4,20.59,231.7406666666667,0.0,0
2026-02-14 16:00:00,16,6,2,18.40313725490196,32.23016260162602,1003.61171875,17.3,6.2,30.0,33.8,10.178571428571429,243.8590476190477,0.0,0
2026-02-14 17:00:00,17,6,2,18.3736923076923,32.181999999999995,1005.7896103896104,16.1,17.2,31.0,47.2,1.5454166666666669,252.10791666666668,0.0,0
2026-02-14 18:00:00,18,6,2,18.16126984126984,31.982000000000003,1008.2791666666666,14.8,22.7,34.0,49.7,-9.87,261.47375,0.0,0
2026-02-14 19:00:00,19,6,2,17.78940476190476,32.349375,1010.2090909090908,13.5,49.2,39.0,49.7,-20.545,270.1575,0.0,0
2026-02-14 20:00:00,20,6,2,17.612105263157893,32.213838383838386,1010.447663551402,13.0,60.9,41.0,49.3,-33.333333333333336,281.54,0.0,0
2026-02-14 21:00:00,21,6,2,17.399807692307697,32.0035294117647,1012.084745762712,12.8,29.7,40.0,38.2,-44.32333333333333,294.0433333333333,0.0,0
2026-02-14 22:00:00,22,6,2,17.268461538461537,32.26568181818181,1013.467391304348,12.1,31.2,42.0,26.3,-54.07,310.9566666666667,0.0,0
2026-02-14 23:00:00,23,6,2,17.017317073170734,31.644230769230774,1013.8090909090912,11.6,69.5,41.0,30.2,-61.02333333333333,335.21666666666664,0.0,0
2026-02-15 00:00:00,0,7,2,16.77609375,30.81861111111111,1013.8837837837837,11.2,89.1,40.0,33.8,-62.795,186.8075,0.0,0
2026-02-15 01:00:00,1,7,2,16.460136986301368,30.32315789473684,1014.1111111111112,11.0,82.0,38.0,38.9,-57.803333333333335,38.60333333333333,0.0,0
2026-02-15 02:00:00,2,7,2,16.06637931034483,28.339189189189188,1014.248,10.3,85.2,36.0,36.7,-49.10666666666666,58.626666666666665,0.0,0
2026-02-15 03:00:00,3,7,2,15.821666666666664,27.657096774193555,1014.1868421052632,9.9,69.5,32.0,33.5,-38.56333333333333,72.84333333333332,0.0,0
2026-02-15 04:00:00,4,7,2,15.71942857142857,26.656818181818178,1014.3204545454544,9.8,78.1,26.0,31.3,-27.23333333333333,83.95666666666666,0.0,0
2026-02-15 05:00:00,5,7,2,15.60396226415094,25.70687499999999,1014.5338461538464,10.0,51.6,24.0,32.4,-15.71,93.61333333333334,0.0,0
2026-02-15 06:00:00,6,7,2,15.912941176470587,25.888,1015.13125,10.1,74.2,25.0,29.2,-4.033076923076923,102.9646153846154,0.0,0
2026-02-15 07:00:00,7,7,2,16.076,27.608571428571427,1016.05,10.5,73.4,28.0,34.9,5.593793103448276,111.3348275862069,0.0,0
2026-02-15 08:00:00,8,7,2,15.926804123711344,29.054953271028044,1015.9052631578948,11.3,97.7,31.0,36.7,16.008666666666667,122.134,0.0,0
2026-02-15 09:00:00,9,7,2,15.635428571428571,30.66470588235294,1015.8232,12.3,99.2,31.0,34.9,25.074666666666666,134.412,0.0,0
2026-02-15 10:00:00,10,7,2,15.746428571428568,32.083456790123456,1016.1218390804598,13.5,100.0,32.0,31.3,32.25,148.96466666666666,0.0,0
2026-02-15 11:00:00,11,7,2,16.0568,33.1903448275862,1016.1,14.7,100.0,32.0,31.7,36.70466666666667,165.87866666666667,0.0,0
2026-02-15 12:00:00,12,7,2,16.340769230769226,34.18387096774194,1015.3242424242424,15.9,99.2,32.0,29.2,37.699375,184.433125,0.0,0
2026-02-15 13:00:00,13,7,2,16.628333333333334,34.38666666666666,1014.7142857142856,17.9,100.0,29.0,22.3,34.93,202.7513333333333,0.0,0
2026-02-15 14:00:00,14,7,2,17.009999999999998,35.462,1014.2,17.7,100.0,33.0,18.4,29.047333333333327,218.56800000000004,0.0,0
2026-02-15 15:00:00,15,7,2,17.34857142857143,36.7025,1013.5,18.2,100.0,34.0,20.2,20.857333333333333,231.96866666666668,0.0,0
2026-02-15 16:00:00,16,7,2,17.56142857142857,37.66125,1013.8,19.3,100.0,32.0,27.0,10.4865,244.0355,0.0,0
2026-02-15 17:00:00,17,7,2,17.70888888888889,38.40400000000001,1014.36,18.6,98.4,33.0,29.5,1.7123999999999997,252.4128,0.0,0
2026-02-15 18:00:00,18,7,2,17.400000000000002,39.805,1015.46,17.5,77.3,35.0,31.3,-9.8775,261.92375,0.0,0
2026-02-15 19:00:00,19,7,2,17.284,40.83153846153846,1015.64,16.6,82.0,37.0,33.5,-20.5475,270.625,0.0,0
2026-02-15 20:00:00,20,7,2,17.17083333333333,41.15571428571428,1015.94,15.8,48.4,40.0,33.5,-33.32,282.06,0.0,0
2026-02-15 21:00:00,21,7,2,17.124285714285712,41.07142857142857,1016.375,15.1,84.4,44.0,30.2,-44.27666666666666,294.6466666666667,0.0,0
2026-02-15 22:00:00,22,7,2,17.060000000000002,41.7525,1016.05,14.7,99.2,48.0,28.4,-53.95000000000001,311.6666666666667,0.0,0
2026-02-15 23:00:00,23,7,2,17.024285714285714,42.31,1016.1124999999998,14.2,91.4,48.0,28.8,-60.78666666666666,335.96,0.0,0
2026-02-16 00:00:00,0,1,2,16.98857142857143,42.71666666666667,1015.8333333333334,14.2,86.7,49.0,31.0,-62.46000000000001,186.8875,0.0,0
2026-02-16 01:00:00,1,1,2,16.8675,43.68428571428571,1015.7875,14.0,87.5,51.0,31.0,-57.50333333333333,38.29333333333333,0.0,0
2026-02-16 02:00:00,2,1,2,16.734666666666666,44.987,1015.535,13.7,94.5,52.0,33.5,-48.84666666666666,58.27333333333333,0.0,0
2026-02-16 03:00:00,3,1,2,16.553529411764707,46.638125,1015.558823529412,13.3,94.5,53.0,36.0,-38.333333333333336,72.51333333333334,0.0,0
2026-02-16 04:00:00,4,1,2,16.444,47.48384615384615,1015.5307692307692,12.9,90.6,55.0,37.4,-27.01666666666667,83.65666666666668,0.0,0
2026-02-16 05:00:00,5,1,2,16.36875,48.00727272727273,1015.19,12.7,98.4,57.0,34.9,-15.675,93.18666666666668,0.0,0
2026-02-16 06:00:00,6,1,2,17.07470588235294,47.01882352941177,1014.725,12.5,100.0,57.0,32.8,-3.687857142857143,102.78785714285716,0.0,1
2026-02-16 07:00:00,7,1,2,18.578928571428573,49.64636363636363,1015.0363636363636,12.8,98.4,56.0,34.6,5.779285714285714,111.03964285714284,1.0,1
2026-02-16 08:00:00,8,1,2,19.922162162162163,48.49774999999998,1015.317073170732,13.6,100.0,55.0,33.1,16.040666666666667,121.634,1.0,1
2026-02-16 09:00:00,9,1,2,20.380512820512827,47.72347826086957,1015.3173913043474,15.1,97.7,53.0,27.7,25.16733333333333,133.89,1.0,1
2026-02-16 10:00:00,10,1,2,19.91757575757576,47.60677419354838,1014.5805555555556,16.6,99.2,50.0,29.9,32.42666666666666,148.436,1.0,1
2026-02-16 11:00:00,11,1,2,20.824181818181817,48.60775862068967,1014.363793103448,18.4,95.3,45.0,33.5,36.976666666666674,165.38333333333333,1.0,1
2026-02-16 12:00:00,12,1,2,21.109322033898305,49.30882352941177,1013.8710144927536,20.0,96.1,41.0,34.9,38.0,184.35375,1.0,1
2026-02-16 13:00:00,13,1,2,20.15642857142857,46.35714285714286,1013.1590909090908,22.4,96.1,36.0,35.3,35.25866666666666,202.884,1.0,1
2026-02-16 14:00:00,14,1,2,19.94151515151515,46.82393939393939,1012.8378378378376,22.6,93.7,36.0,35.3,29.34733333333333,218.76466666666667,1.0,1
2026-02-16 15:00:00,15,1,2,20.494827586206902,51.09451612903226,1012.2617647058826,22.6,93.7,36.0,35.3,21.127333333333333,232.20066666666665,1.0,1
2026-02-16 16:00:00,16,1,2,20.859166666666663,52.71076923076924,1012.4636363636364,22.6,90.6,38.0,33.1,10.808947368421054,244.2031578947368,1.0,1
2026-02-16 17:00:00,17,1,2,20.84857142857143,52.86,1012.9714285714288,21.3,100.0,42.0,29.5,1.8792307692307693,252.72346153846152,1.0,1
2026-02-16 18:00:00,18,1,2,21.1625,55.16499999999999,1013.58,20.7,99.2,45.0,27.4,-9.87875,262.3775,1.0,1
2026-02-16 19:00:00,19,1,2,20.984,54.42,1013.675,20.2,99.2,48.0,27.7,-20.5475,271.095,1.0,1
2026-02-16 20:00:00,20,1,2,20.32,52.995,1013.75,19.8,100.0,49.0,27.7,-33.31,282.59,1.0,0
2026-02-16 21:00:00,21,1,2,20.126666666666665,52.19666666666666,1014.15,19.4,97.7,51.0,28.4,-44.22666666666667,295.2633333333334,0.0,0
2026-02-16 22:00:00,22,1,2,19.80333333333333,52.17666666666667,1014.1666666666666,19.2,97.7,52.0,28.1,-53.82666666666666,312.38666666666666,0.0,0
2026-02-16 23:00:00,23,1,2,19.7325,52.1,1013.975,18.9,95.3,53.0,26.6,-60.54333333333333,336.70666666666665,0.0,0
2026-02-17 00:00:00,0,2,2,19.66,51.835,1014.1,18.6,74.2,54.0,25.2,-62.1225,186.96,0.0,0
2026-02-17 01:00:00,1,2,2,19.536666666666665,52.156666666666666,1014.3333333333334,18.0,64.8,56.0,25.6,-57.2,37.97666666666667,0.0,0
2026-02-17 02:00:00,2,2,2,19.4,52.49,1014.6,17.6,36.7,57.0,27.4,-48.59333333333333,57.91333333333333,0.0,0
2026-02-17 03:00:00,3,2,2,19.337000000000003,52.55500000000001,1014.2727272727273,17.1,68.0,59.0,28.8,-38.10666666666667,72.17333333333335,0.0,0
2026-02-17 04:00:00,4,2,2,19.202,52.84,1014.8666666666668,16.7,64.8,60.0,29.5,-26.80333333333333,83.34666666666666,0.0,0
2026-02-17 05:00:00,5,2,2,19.215,52.77,1015.2999999999998,16.4,28.9,60.0,28.4,-15.638333333333334,92.75666666666666,0.0,0
2026-02-17 06:00:00,6,2,2,19.537142857142857,52.175,1016.0499999999998,16.1,58.6,60.0,27.4,-3.3680000000000003,102.59066666666668,0.0,1
2026-02-17 07:00:00,7,2,2,20.07333333333333,57.07285714285713,1016.8666666666668,16.2,78.1,61.0,27.4,6.160714285714286,110.9275,1.0,1
2026-02-17 08:00:00,8,2,2,21.233,59.783,1017.55,16.8,36.7,58.0,25.9,16.722666666666665,121.8813333333333,1.0,1
2026-02-17 09:00:00,9,2,2,21.22642857142857,53.586,1017.8538461538462,18.4,28.9,52.0,25.6,25.814666666666668,134.25,1.0,1
2026-02-17 10:00:00,10,2,2,21.238499999999995,50.04083333333333,1017.5708333333332,19.9,6.2,48.0,23.4,33.004,148.95466666666664,1.0,1
2026-02-17 11:00:00,11,2,2,21.962,49.666,1017.14,21.1,1.6,43.0,23.0,37.44199999999999,166.08,1.0,0
2026-02-17 12:00:00,12,2,2,22.473333333333336,49.265,1016.4111111111112,22.6,5.5,36.0,20.2,38.35428571428572,184.589375,0.0,0
2026-02-17 13:00:00,13,2,2,21.93125,45.71111111111111,1015.2875,23.8,3.9,30.0,17.6,35.58866666666667,203.02,0.0,1
2026-02-17 14:00:00,14,2,2,21.723333333333333,42.803333333333335,1014.5454545454544,24.2,14.8,29.0,22.0,29.64666666666667,218.97,1.0,0
2026-02-17 15:00:00,15,2,2,22.2175,39.18,1014.025,24.0,12.5,29.0,22.7,21.398000000000003,232.4406666666667,0.0,0
2026-02-17 16:00:00,16,2,2,22.645,42.38666666666666,1013.6,23.8,4.7,29.0,20.2,10.8885,244.6195,0.0,0
2026-02-17 17:00:00,17,2,2,22.48,44.6,1014.0333333333332,23.0,0.0,31.0,21.6,2.1152,252.996,0.0,0
2026-02-17 18:00:00,18,2,2,22.03,45.28,1014.55,21.1,32.0,37.0,23.0,-9.27888888888889,262.35,0.0,1
2026-02-17 19:00:00,19,2,2,21.358,46.45,1014.9,19.5,22.7,43.0,23.0,-20.545,271.5725,1.0,1
2026-02-17 20:00:00,20,2,2,20.97,46.386,1015.1,18.5,93.7,47.0,24.8,-33.29333333333333,283.1233333333333,1.0,0
2026-02-17 21:00:00,21,2,2,20.77,46.725,1014.8,18.0,100.0,49.0,23.4,-44.17333333333334,295.88,0.0,0
2026-02-17 22:00:00,22,2,2,20.60333333333333,47.1,1014.45,17.6,89.1,51.0,21.2,-53.69666666666666,313.1033333333333,0.0,0
2026-02-17 23:00:00,23,2,2,20.44,47.73,1014.4,16.9,39.8,54.0,19.1,-60.29333333333333,337.44,0.0,0
2026-02-18 00:00:00,0,3,2,20.415,47.89666666666667,1014.2,15.9,0.0,58.0,17.3,-61.63666666666666,130.25333333333336,0.0,0
2026-02-18 01:00:00,1,3,2,20.405,48.06333333333333,1014.05,15.1,0.0,62.0,15.8,-56.89666666666667,37.66,0.0,0
2026-02-18 02:00:00,2,3,2,20.295,48.31999999999999,1013.575,14.1,4.7,64.0,16.6,-48.333333333333336,57.56,0.0,0
2026-02-18 03:00:00,3,3,2,20.223333333333333,48.34333333333333,1012.9333333333334,13.3,46.1,66.0,18.7,-37.873333333333335,71.83666666666666,0.0,0
2026-02-18 04:00:00,4,3,2,20.16,48.26,1012.9333333333334,12.5,53.9,69.0,19.1,-26.58333333333333,83.04,0.0,0
2026-02-18 05:00:00,5,3,2,19.98333333333333,48.32,1012.4666666666666,11.9,93.0,72.0,17.6,-14.196666666666667,93.46,0.0,0
2026-02-18 06:00:00,6,3,2,19.625,48.585,1012.55,11.4,94.5,73.0,19.8,-2.857857142857143,102.53928571428573,0.0,1
2026-02-18 07:00:00,7,3,2,20.34,52.27,1012.65,11.6,100.0,74.0,18.0,6.178571428571429,110.4625,1.0,1
2026-02-18 08:00:00,8,3,2,21.515,52.875,1012.275,13.1,100.0,66.0,20.9,16.754666666666665,121.372,1.0,1
2026-02-18 09:00:00,9,3,2,21.92333333333333,50.24666666666667,1011.65,15.3,96.1,56.0,22.0,25.913333333333338,133.71933333333334,1.0,1
2026-02-18 10:00:00,10,3,2,20.9575,46.376666666666665,1011.5,17.1,100.0,50.0,19.1,33.18533333333333,148.41600000000005,1.0,1
2026-02-18 11:00:00,11,3,2,21.344,46.275000000000006,1010.5833333333334,18.8,100.0,45.0,18.0,37.723333333333336,165.578,1.0,1
2026-02-18 12:00:00,12,3,2,21.674,43.8275,1009.34,21.1,93.0,34.0,19.4,38.739375,184.506875,1.0,1
2026-02-18 13:00:00,13,3,2,21.162857142857145,37.86,1008.25,22.5,0.0,25.0,23.0,35.92333333333333,203.1533333333333,1.0,1
2026-02-18 14:00:00,14,3,2,20.955,37.087857142857146,1007.5846153846156,22.6,0.0,26.0,26.6,29.952,219.16933333333333,1.0,1
2026-02-18 15:00:00,15,3,2,21.39333333333333,41.56541666666666,1007.0083333333336,21.6,0.8,33.0,34.2,21.672666666666668,232.676,1.0,0
2026-02-18 16:00:00,16,3,2,21.63166666666667,42.18846153846153,1007.0791666666664,20.5,0.8,34.0,34.9,11.233157894736843,244.7752631578948,0.0,1
2026-02-18 17:00:00,17,3,2,21.424444444444443,41.708888888888886,1006.977777777778,19.8,0.0,36.0,32.8,2.2765384615384616,253.31653846153844,1.0,1
2026-02-18 18:00:00,18,3,2,21.795357142857146,44.17470588235295,1007.0828571428568,18.6,37.5,38.0,32.4,-9.284444444444444,262.81222222222226,1.0,1
2026-02-18 19:00:00,19,3,2,21.475238095238097,43.27478260869565,1007.4391304347828,17.7,64.8,41.0,27.4,-20.545,272.0525,1.0,1
2026-02-18 20:00:00,20,3,2,20.75333333333333,41.951428571428565,1007.6642857142856,17.1,8.6,43.0,25.6,-33.276666666666664,283.66,1.0,0
2026-02-18 21:00:00,21,3,2,20.411,42.03888888888889,1007.1,16.6,26.6,46.0,23.0,-44.120000000000005,296.50333333333333,0.0,0
2026-02-18 22:00:00,22,3,2,20.305,42.44,1006.4,16.4,57.0,49.0,23.8,-53.56333333333333,313.8333333333333,0.0,0
2026-02-18 23:00:00,23,3,2,20.293333333333333,42.7,1006.55,15.9,70.3,51.0,23.8,-60.04,338.18333333333334,0.0,0
2026-02-19 00:00:00,0,4,2,20.23,43.6475,1006.2363636363636,16.3,84.4,51.0,24.5,-61.28666666666667,130.15333333333334,0.0,0
2026-02-19 01:00:00,1,4,2,20.116666666666664,44.856,1006.9125,16.1,47.7,54.0,24.1,-56.586666666666666,37.35666666666666,0.0,0
2026-02-19 02:00:00,2,4,2,19.854615384615386,43.82266666666667,1007.54,15.2,29.7,53.0,21.6,-48.06666666666666,57.20666666666667,0.0,0
2026-02-19 03:00:00,3,4,2,19.495,40.42714285714285,1008.7428571428572,14.7,1.6,47.0,22.3,-37.63666666666666,71.50333333333333,0.0,0
2026-02-19 04:00:00,4,4,2,19.380000000000003,39.722,1009.825,13.8,0.8,43.0,23.0,-26.363333333333333,82.72666666666667,0.0,0
2026-02-19 05:00:00,5,4,2,19.064615384615383,38.43533333333333,1010.8214285714284,12.9,3.1,41.0,24.8,-14.196666666666667,92.99333333333334,0.0,0
2026-02-19 06:00:00,6,4,2,19.11833333333333,36.325,1012.1,12.3,0.8,42.0,23.0,-2.566666666666667,102.31133333333334,0.0,1
2026-02-19 07:00:00,7,4,2,20.16,37.088,1012.95,12.2,1.6,40.0,24.8,6.5725,110.35285714285712,1.0,1
2026-02-19 08:00:00,8,4,2,21.38636363636364,35.20205128205128,1013.1205128205124,12.6,0.0,38.0,24.8,17.446,121.61999999999998,1.0,1
2026-02-19 09:00:00,9,4,2,21.279857142857143,33.146578947368425,1013.231168831169,13.4,0.8,35.0,29.2,26.566666666666663,134.08333333333334,1.0,1
2026-02-19 10:00:00,10,4,2,21.19648648648649,29.644418604651165,1013.3170731707318,14.6,0.0,32.0,32.8,33.77066666666666,148.94066666666666,1.0,1
2026-02-19 11:00:00,11,4,2,21.73470588235294,32.642272727272726,1013.3380952380952,16.2,0.0,27.0,30.6,38.192,166.286,1.0,1
2026-02-19 12:00:00,12,4,2,21.146666666666672,28.843333333333334,1012.82,17.7,0.0,22.0,29.9,39.080000000000005,185.0586666666667,1.0,1
2026-02-19 13:00:00,13,4,2,20.667058823529413,27.239999999999995,1012.594117647059,18.7,0.0,20.0,27.7,36.25866666666666,203.29266666666663,1.0,1
2026-02-19 14:00:00,14,4,2,20.664615384615388,26.712777777777777,1012.6166666666666,19.3,0.0,19.0,24.5,30.261333333333337,219.376,1.0,1
2026-02-19 15:00:00,15,4,2,21.2225,30.041739130434784,1012.9166666666666,19.3,0.0,19.0,23.4,21.947333333333336,232.92066666666665,1.0,1
2026-02-19 16:00:00,16,4,2,21.55055555555556,28.885789473684213,1013.384210526316,18.9,0.0,19.0,24.1,11.36421052631579,245.14894736842103,1.0,1
2026-02-19 17:00:00,17,4,2,21.22875,29.02,1014.675,18.0,0.0,21.0,23.8,2.259615384615384,253.8053846153846,1.0,1
2026-02-19 18:00:00,18,4,2,21.33,31.541666666666668,1016.25,16.5,0.8,24.0,24.5,-9.284444444444444,263.2788888888889,1.0,1
2026-02-19 19:00:00,19,4,2,21.638,33.983999999999995,1017.46,15.8,0.0,25.0,22.0,-20.5475,272.54,1.0,1
2026-02-19 20:00:00,20,4,2,21.092,33.298,1018.35,14.5,0.0,29.0,23.0,-33.260000000000005,284.2066666666667,1.0,0
2026-02-19 21:00:00,21,4,2,19.78,32.222500000000004,1018.3666666666668,13.4,0.0,32.0,23.4,-44.06333333333333,297.1333333333334,0.0,0
2026-02-19 22:00:00,22,4,2,19.85333333333333,32.333333333333336,1018.8333333333334,12.5,0.0,34.0,19.8,-53.42666666666667,314.56,0.0,0
2026-02-19 23:00:00,23,4,2,20.11,32.303333333333335,1019.1666666666666,11.8,0.8,35.0,20.2,-59.78333333333333,338.92,0.0,0
2026-02-20 00:00:00,0,5,2,19.536666666666665,32.080000000000005,1019.25,11.3,0.0,35.0,19.1,-60.93666666666667,130.05333333333334,0.0,0
2026-02-20 01:00:00,1,5,2,18.836666666666662,31.436666666666667,1019.4,11.4,0.0,34.0,22.7,-56.27,37.05666666666667,0.0,0
2026-02-20 02:00:00,2,5,2,19.148000000000003,31.214,1019.4,11.0,41.4,36.0,22.3,-47.8,56.85666666666666,0.0,0
2026-02-20 03:00:00,3,5,2,18.5775,31.2675,1019.1,10.4,30.5,39.0,20.5,-37.4,71.17,0.0,0
2026-02-20 04:00:00,4,5,2,19.24,31.42,1019.7000000000002,10.1,13.3,41.0,20.5,-26.136666666666667,82.41666666666667,0.0,0
2026-02-20 05:00:00,5,5,2,19.653333333333336,31.293333333333333,1020.0333333333334,9.9,23.4,42.0,20.2,-14.196666666666667,92.52666666666666,0.0,0
2026-02-20 06:00:00,6,5,2,20.2575,31.19,1020.0333333333332,9.8,40.6,44.0,18.7,-2.29375,102.069375,0.0,1
2026-02-20 07:00:00,7,5,2,20.8875,33.27,1020.6333333333332,9.5,69.5,42.0,15.1,6.643076923076923,109.92846153846156,1.0,1
2026-02-20 08:00:00,8,5,2,21.06,38.002,1021.2,10.7,64.1,39.0,14.8,17.482000000000003,121.09933333333332,1.0,1
2026-02-20 09:00:00,9,5,2,19.99833333333333,33.77166666666667,1021.4,12.8,18.7,35.0,15.5,26.66733333333333,133.54199999999997,1.0,1
2026-02-20 10:00:00,10,5,2,19.308333333333334,33.25333333333334,1021.58,14.7,50.8,31.0,10.4,33.95666666666667,148.38933333333335,1.0,1
2026-02-20 11:00:00,11,5,2,20.27833333333333,32.02,1021.225,16.3,49.2,27.0,9.0,38.47666666666667,165.77066666666667,1.0,1
2026-02-20 12:00:00,12,5,2,20.495,31.3775,1020.375,17.6,49.2,23.0,9.7,39.43533333333333,184.664375,1.0,1
2026-02-20 13:00:00,13,5,2,20.33,29.0,1019.6,18.7,8.6,21.0,14.4,36.59866666666667,203.43066666666664,1.0,1
2026-02-20 14:00:00,14,5,2,20.363333333333333,29.290000000000003,1019.45,19.0,77.3,23.0,16.2,30.57066666666667,219.58533333333327,1.0,1
2026-02-20 15:00:00,15,5,2,20.311666666666664,32.211666666666666,1019.52,18.8,46.1,22.0,16.6,22.226666666666667,233.162,1.0,1
2026-02-20 16:00:00,16,5,2,20.36,33.78,1020.15,17.8,11.7,26.0,18.0,11.661052631578947,245.3626315789473,1.0,1
2026-02-20 17:00:00,17,5,2,20.6025,34.6625,1020.6,15.5,46.1,40.0,16.9,2.525769230769231,254.0357692307693,1.0,1
2026-02-20 18:00:00,18,5,2,20.56,34.93,1021.3333333333334,14.3,28.1,50.0,17.3,-9.288888888888888,263.7488888888889,1.0,1
2026-02-20 19:00:00,19,5,2,20.685,35.32,1021.8333333333334,13.8,0.0,56.0,10.4,-20.5425,273.03000000000003,1.0,1
2026-02-20 20:00:00,20,5,2,20.703333333333333,35.61000000000001,1022.4333333333332,13.2,0.0,61.0,8.3,-33.24,284.75333333333333,1.0,0
2026-02-20 21:00:00,21,5,2,20.56,36.04,1022.9666666666668,12.3,0.0,63.0,11.5,-43.99666666666667,297.7633333333333,0.0,0
2026-02-20 22:00:00,22,5,2,20.30333333333333,36.39333333333333,1023.4,11.1,0.0,59.0,12.2,-53.28333333333333,315.28666666666663,0.0,0
2026-02-20 23:00:00,23,5,2,20.22,36.275,1023.9,9.2,0.0,66.0,8.3,-59.51333333333333,339.6466666666667,0.0,0
2026-02-21 00:00:00,0,6,2,20.095,36.145,1023.8,8.7,0.0,66.0,7.9,-60.580000000000005,129.95333333333335,0.0,0
2026-02-21 01:00:00,1,6,2,20.04,36.14,1023.75,8.6,0.0,63.0,7.6,-55.95666666666667,36.75,0.0,0
2026-02-21 02:00:00,2,6,2,19.95,36.11,1023.8,8.2,0.0,63.0,8.3,-47.53,56.50666666666666,0.0,0
2026-02-21 03:00:00,3,6,2,19.65,36.295,1024.1,7.5,0.0,63.0,7.9,-37.156666666666666,70.83,0.0,0
2026-02-21 04:00:00,4,6,2,19.71666666666667,36.13333333333333,1024.5666666666666,7.1,0.0,63.0,7.6,-25.91,82.10333333333334,0.0,0
2026-02-21 05:00:00,5,6,2,19.633333333333333,35.87666666666667,1025.0666666666666,7.0,0.0,61.0,7.9,-14.196666666666667,92.05,0.0,0
2026-02-21 06:00:00,6,6,2,19.495,35.65,1025.4,6.9,0.0,61.0,8.3,-2.29,101.6025,0.0,0
2026-02-21 07:00:00,7,6,2,19.11,35.745999999999995,1026.1,6.6,0.0,60.0,8.3,6.656538461538461,109.45038461538462,0.0,0
2026-02-21 08:00:00,8,6,2,18.855,35.92,1026.8,8.3,0.0,54.0,8.3,17.515333333333334,120.578,0.0,0
2026-02-21 09:00:00,9,6,2,18.64,36.45,1026.95,11.8,0.0,42.0,4.7,26.766666666666666,132.99266666666668,0.0,0
2026-02-21 10:00:00,10,6,2,19.095,36.28,1027.1,15.0,0.0,34.0,5.4,34.14266666666667,147.83133333333333,0.0,0
2026-02-21 11:00:00,11,6,2,19.1625,36.2025,1026.5333333333335,16.9,0.0,30.0,7.2,38.76266666666666,165.2506666666667,0.0,0
2026-02-21 12:00:00,12,6,2,19.24666666666667,36.238,1025.6799999999998,17.9,0.0,29.0,8.6,39.78999999999999,184.5825,0.0,0
2026-02-21 13:00:00,13,6,2,19.223333333333333,36.31666666666667,1024.8333333333333,18.5,0.0,29.0,11.5,36.94200000000001,203.5713333333333,0.0,0
2026-02-21 14:00:00,14,6,2,19.276666666666667,36.47,1024.4333333333334,18.1,0.0,33.0,12.2,30.88266666666667,219.796,0.0,0
2026-02-21 15:00:00,15,6,2,19.355,37.08,1024.55,17.4,0.0,38.0,12.2,22.50466666666666,233.4093333333334,0.0,0
2026-02-21 16:00:00,16,6,2,19.345,37.7,1024.8,16.4,0.0,43.0,11.5,12.046666666666669,245.49277777777783,0.0,0
2026-02-21 17:00:00,17,6,2,19.43,38.68333333333334,1025.1999999999998,15.2,0.0,52.0,11.5,2.9415384615384617,254.15884615384613,0.0,0
2026-02-21 18:00:00,18,6,2,19.445,39.94,1025.6,13.7,0.0,68.0,7.2,-8.735999999999999,263.772,0.0,0
2026-02-21 19:00:00,19,6,2,19.47,41.836666666666666,1025.8,13.0,0.0,76.0,6.1,-20.5425,273.5225,0.0,0
2026-02-21 20:00:00,20,6,2,19.47,43.27,1026.0,12.2,0.0,80.0,7.9,-33.22,285.3066666666667,0.0,0
2026-02-21 21:00:00,21,6,2,19.435,43.745000000000005,1026.2,11.1,0.0,83.0,9.0,-43.93666666666667,298.40333333333336,0.0,0
2026-02-21 22:00:00,22,6,2,19.02333333333333,44.58,1026.0500000000002,10.1,0.0,86.0,7.6,-53.13999999999999,316.02,0.0,0
2026-02-21 23:00:00,23,6,2,19.08333333333333,44.47666666666667,1025.75,9.9,0.0,84.0,8.3,-59.24333333333333,340.3733333333333,0.0,0
2026-02-22 00:00:00,0,7,2,19.095,43.855,1025.4,9.5,0.0,80.0,7.6,-60.223333333333336,129.85,0.0,0
2026-02-22 01:00:00,1,7,2,19.043333333333333,43.2175,1024.9499999999998,9.2,0.0,73.0,7.6,-55.64000000000001,36.446666666666665,0.0,0
2026-02-22 02:00:00,2,7,2,19.01,42.6025,1024.15,8.5,0.0,72.0,8.6,-47.25333333333333,56.153333333333336,0.0,0
2026-02-22 03:00:00,3,7,2,18.950000000000003,42.18,1023.6,8.0,0.8,72.0,9.0,-36.91666666666666,70.49,0.0,0
2026-02-22 04:00:00,4,7,2,18.79,41.77,1023.3,7.6,5.5,71.0,8.3,-25.686666666666667,81.79,0.0,0
2026-02-22 05:00:00,5,7,2,18.696666666666665,41.46666666666667,1023.45,7.3,0.0,71.0,7.9,-14.198333333333332,91.57,0.0,0
2026-02-22 06:00:00,6,7,2,18.695,41.02,1023.8,7.0,0.0,71.0,7.2,-2.027647058823529,101.34588235294116,0.0,0
2026-02-22 07:00:00,7,7,2,18.6,40.885,1024.1,6.9,0.0,70.0,8.3,7.081153846153847,109.355,0.0,0
2026-02-22 08:00:00,8,7,2,18.51,41.005,1024.35,9.0,0.0,60.0,9.0,18.21466666666667,120.818,0.0,0
2026-02-22 09:00:00,9,7,2,18.315,41.345,1024.5,12.1,0.0,48.0,5.0,27.430000000000003,133.35133333333334,0.0,0
2026-02-22 10:00:00,10,7,2,18.30333333333333,41.473333333333336,1024.1666666666667,15.7,0.0,37.0,2.9,34.73866666666666,148.35533333333333,0.0,0
2026-02-22 11:00:00,11,7,2,18.365,41.3825,1023.525,18.2,0.0,31.0,6.1,39.245333333333335,165.96599999999998,0.0,0
2026-02-22 12:00:00,12,7,2,18.4,41.446666666666665,1022.8666666666668,19.9,0.0,30.0,9.0,40.13642857142857,185.148,0.0,0
2026-02-22 13:00:00,13,7,2,18.5075,41.845,1022.15,20.3,0.0,33.0,11.5,37.286,203.718,0.0,0
2026-02-22 14:00:00,14,7,2,18.57,42.39333333333334,1021.45,19.9,0.0,36.0,12.6,31.19533333333333,220.0106666666667,0.0,0
2026-02-22 15:00:00,15,7,2,18.63,43.56,1021.3,18.7,0.0,42.0,11.5,22.784,233.66066666666663,0.0,0
2026-02-22 16:00:00,16,7,2,18.68,44.43,1021.3,17.6,0.0,51.0,10.1,12.202222222222222,245.8511111111111,0.0,0
2026-02-22 17:00:00,17,7,2,18.75333333333333,44.68333333333334,1021.65,16.3,1.6,59.0,11.2,2.927692307692308,254.65653846153845,0.0,0
2026-02-22 18:00:00,18,7,2,18.805,45.35,1022.05,14.6,0.0,70.0,12.2,-8.03111111111111,263.67333333333335,0.0,0
2026-02-22 19:00:00,19,7,2,18.76,46.11,1022.35,13.6,0.0,77.0,10.1,-19.45,273.104,0.0,0
2026-02-22 20:00:00,20,7,2,18.765,46.37,1022.6,12.9,94.5,80.0,8.3,-33.2,285.8666666666666,0.0,0
2026-02-22 21:00:00,21,7,2,18.76,46.715,1022.4,12.0,5.5,82.0,6.5,-43.866666666666674,299.0433333333333,0.0,0
2026-02-22 22:00:00,22,7,2,18.72,46.73,1022.4,11.5,4.7,82.0,5.8,-52.98666666666667,316.75333333333333,0.0,0
2026-02-22 23:00:00,23,7,2,18.653333333333336,46.61666666666667,1022.0333333333334,11.2,12.5,80.0,5.0,-58.96333333333333,341.1033333333333,0.0,0
2026-02-23 00:00:00,0,1,2,18.55,46.23666666666667,1021.35,10.9,10.2,78.0,6.1,-59.866666666666674,129.75333333333333,0.0,0
2026-02-23 01:00:00,1,1,2,18.502,45.998000000000005,1020.94,10.5,0.0,69.0,7.9,-55.31333333333333,36.15,0.0,0
2026-02-23 02:00:00,2,1,2,18.396666666666665,45.89333333333334,1020.3333333333334,9.8,0.0,67.0,8.6,-46.98,55.80666666666667,0.0,0
2026-02-23 03:00:00,3,1,2,18.29,45.74333333333334,1019.75,9.3,0.0,66.0,10.1,-36.66666666666666,70.15333333333332,0.0,0
2026-02-23 04:00:00,4,1,2,18.23,45.33,1019.75,8.8,6.2,65.0,9.7,-25.456666666666667,81.46999999999998,0.0,0
2026-02-23 05:00:00,5,1,2,18.28,44.915,1020.05,8.1,84.4,66.0,8.6,-14.196666666666667,91.09,0.0,0
2026-02-23 06:00:00,6,1,2,19.16333333333333,43.21,1020.25,7.5,81.2,66.0,7.2,-1.775,101.07833333333332,0.0,1
2026-02-23 07:00:00,7,1,2,20.84,46.51500000000001,1020.675,7.1,31.2,68.0,7.9,7.277200000000001,109.0376,1.0,0
2026-02-23 08:00:00,8,1,2,22.155,50.585,1021.15,9.3,2.3,60.0,9.0,18.25266666666668,120.29133333333334,0.0,1
2026-02-23 09:00:00,9,1,2,21.3,48.825,1021.1666666666666,13.2,0.8,45.0,5.4,27.53333333333333,132.79866666666666,1.0,0
2026-02-23 10:00:00,10,1,2,22.276666666666667,50.9625,1020.9,16.6,45.3,34.0,2.9,34.928000000000004,147.79199999999997,0.0,0
2026-02-23 11:00:00,11,1,2,22.615,44.10666666666666,1020.6666666666666,19.1,30.5,28.0,5.4,39.53666666666666,165.4426666666667,0.0,0
2026-02-23 12:00:00,12,1,2,22.46,42.695,1019.875,20.5,10.9,26.0,8.6,40.51866666666667,184.7425,0.0,1
2026-02-23 13:00:00,13,1,2,21.29,39.57,1019.2,20.9,0.0,31.0,11.2,37.632,203.86266666666668,1.0,1
2026-02-23 14:00:00,14,1,2,20.67,36.365,1018.8,20.3,7.0,36.0,12.2,31.50933333333333,220.22666666666663,1.0,1
2026-02-23 15:00:00,15,1,2,21.17333333333333,39.195,1018.5,19.1,34.4,45.0,12.6,23.068666666666665,233.91266666666664,1.0,0
2026-02-23 16:00:00,16,1,2,21.65,40.84,1018.7,17.5,50.8,56.0,11.9,12.496666666666666,246.0811111111111,0.0,0
2026-02-23 17:00:00,17,1,2,22.020000000000003,47.735,1018.8,15.3,69.5,72.0,8.3,3.096666666666667,254.99185185185183,0.0,0
2026-02-23 18:00:00,18,1,2,22.46333333333333,50.56666666666666,1019.2333333333332,13.3,84.4,86.0,6.8,-8.034444444444444,264.1555555555556,0.0,1
2026-02-23 19:00:00,19,1,2,21.855,49.075,1019.35,12.7,97.7,90.0,7.2,-19.45,273.6,1.0,1
2026-02-23 20:00:00,20,1,2,21.46,49.13333333333333,1019.3666666666668,11.9,100.0,91.0,4.3,-33.17666666666667,286.43,1.0,0
2026-02-23 21:00:00,21,1,2,20.86,49.25,1019.6,11.5,79.7,90.0,4.3,-43.8,299.6933333333333,0.0,0
2026-02-23 22:00:00,22,1,2,20.536666666666665,48.580000000000005,1019.2333333333332,11.0,73.4,89.0,4.7,-52.833333333333336,317.49,0.0,0
2026-02-23 23:00:00,23,1,2,20.305,47.755,1018.9,10.7,0.0,84.0,6.1,-58.68,341.82333333333327,0.0,0
2026-02-24 00:00:00,0,2,2,20.14,46.935,1018.5,10.0,0.8,83.0,7.2,-59.50333333333333,129.65333333333334,0.0,0
2026-02-24 01:00:00,1,2,2,20.0125,46.1675,1017.9666666666666,10.2,0.0,68.0,8.6,-54.99,35.85333333333333,0.0,0
2026-02-24 02:00:00,2,2,2,19.8525,45.4,1017.3,10.0,0.0,62.0,8.3,-46.696666666666665,55.45666666666667,0.0,0
2026-02-24 03:00:00,3,2,2,19.645000000000003,44.875,1016.9,9.4,0.0,59.0,7.9,-36.42,69.81333333333333,0.0,0
2026-02-24 04:00:00,4,2,2,19.426666666666662,44.27333333333333,1016.7,9.1,0.0,57.0,7.9,-25.22,81.15666666666668,0.0,0
2026-02-24 05:00:00,5,2,2,19.48,42.58,1016.7,8.8,0.0,57.0,7.9,-13.441428571428572,91.21857142857142,0.0,0
2026-02-24 06:00:00,6,2,2,20.236666666666668,40.42333333333334,1016.7,8.4,0.0,58.0,7.2,-1.3517647058823528,100.93470588235292,0.0,1
2026-02-24 07:00:00,7,2,2,21.342,43.126,1017.0,8.0,0.0,66.0,8.6,7.530384615384614,108.78,1.0,0
2026-02-24 08:00:00,8,2,2,22.2,48.48,1017.0,10.0,0.0,59.0,9.4,18.95466666666666,120.528,0.0,0
2026-02-24 09:00:00,9,2,2,22.585,44.875,1016.7,13.3,0.0,49.0,5.4,28.20066666666668,133.1533333333333,0.0,0
2026-02-24 10:00:00,10,2,2,22.502500000000005,43.825,1016.25,16.5,0.0,41.0,4.3,35.528,148.318,0.0,0
2026-02-24 11:00:00,11,2,2,22.883333333333336,43.586666666666666,1015.65,18.7,9.4,35.0,6.5,40.01866666666667,166.166,0.0,0
2026-02-24 12:00:00,12,2,2,22.99714285714285,45.392857142857146,1014.6833333333334,20.1,0.0,34.0,9.0,40.889333333333326,185.2993333333333,0.0,0
2026-02-24 13:00:00,13,2,2,22.15,45.7025,1013.75,20.2,0.0,36.0,10.8,37.98133333333333,204.01466666666667,0.0,1
2026-02-24 14:00:00,14,2,2,21.30333333333333,44.373333333333335,1013.1,20.0,0.0,37.0,12.2,31.826666666666668,220.45,1.0,1
2026-02-24 15:00:00,15,2,2,21.595,45.66,1012.7,19.3,0.0,43.0,11.2,23.351333333333333,234.16933333333333,1.0,0
2026-02-24 16:00:00,16,2,2,22.06,48.21,1012.55,18.3,0.0,51.0,8.6,12.93058823529412,246.1758823529412,0.0,0
2026-02-24 17:00:00,17,2,2,22.06,49.665,1012.85,17.0,0.0,60.0,7.2,3.494814814814814,255.13703703703703,0.0,0
2026-02-24 18:00:00,18,2,2,22.15,49.39,1013.1,15.1,0.0,72.0,10.8,-7.528999999999999,264.227,0.0,0
2026-02-24 19:00:00,19,2,2,22.03333333333333,49.25333333333333,1013.4333333333334,14.0,0.0,73.0,11.2,-19.448,274.106,0.0,1
2026-02-24 20:00:00,20,2,2,21.4,50.145,1013.7,13.0,0.8,75.0,10.1,-33.153333333333336,286.99333333333334,1.0,0
2026-02-24 21:00:00,21,2,2,20.935,52.245000000000005,1013.8,12.3,0.0,77.0,8.3,-43.723333333333336,300.3433333333333,0.0,0
2026-02-24 22:00:00,22,2,2,20.5,51.215,1013.7,11.9,0.0,78.0,5.0,-52.67333333333334,318.23,0.0,0
2026-02-24 23:00:00,23,2,2,20.23,49.74,1013.7,11.4,0.0,79.0,5.4,-58.39333333333334,342.54,0.0,0
2026-02-25 00:00:00,0,3,2,19.796666666666667,48.40333333333333,1013.45,10.9,0.8,77.0,5.8,-59.13666666666666,129.56333333333333,0.0,0
2026-02-25 01:00:00,1,3,2,19.6,47.5,1013.4,10.6,0.0,66.0,7.9,-54.66,35.56333333333333,0.0,0
2026-02-25 02:00:00,2,3,2,19.285,46.56,1013.1,9.8,4.7,64.0,7.2,-46.41333333333333,55.10999999999999,0.0,0
2026-02-25 03:00:00,3,3,2,19.08,45.875,1012.85,9.2,14.8,61.0,7.9,-36.16666666666666,69.48,0.0,0
2026-02-25 04:00:00,4,3,2,18.766666666666666,45.24,1013.0333333333332,8.5,25.8,62.0,7.2,-24.98333333333333,80.84,0.0,0
2026-02-25 05:00:00,5,3,2,18.65333333333333,44.27333333333333,1013.45,8.2,41.4,64.0,5.4,-13.44,90.72857142857144,0.0,0
2026-02-25 06:00:00,6,3,2,19.135,43.045,1013.85,8.5,60.2,63.0,5.0,-1.1177777777777775,100.64944444444444,0.0,1
2026-02-25 07:00:00,7,3,2,19.83,44.540000000000006,1014.44,8.3,45.3,70.0,6.5,7.730400000000002,108.4556,1.0,1
2026-02-25 08:00:00,8,3,2,21.5,49.514,1015.0,10.5,35.9,66.0,7.9,18.99333333333333,119.99333333333334,1.0,0
2026-02-25 09:00:00,9,3,2,22.83333333333333,55.19333333333333,1015.4,12.8,42.2,63.0,7.6,28.306,132.592,0.0,0
2026-02-25 10:00:00,10,3,2,22.2675,52.0275,1015.65,15.0,48.4,58.0,11.2,35.72266666666666,147.746,0.0,0
2026-02-25 11:00:00,11,3,2,22.24,51.92,1015.65,16.6,20.3,55.0,13.0,40.31733333333333,165.63333333333333,0.0,0
2026-02-25 12:00:00,12,3,2,21.998,51.532,1015.6,17.3,17.2,57.0,14.4,41.25599999999999,185.24466666666663,0.0,1
2026-02-25 13:00:00,13,3,2,21.19333333333333,51.52,1015.5666666666666,17.0,0.8,62.0,15.1,38.33133333333333,204.16666666666663,1.0,1
2026-02-25 14:00:00,14,3,2,20.4725,52.1925,1015.55,16.7,5.5,66.0,15.5,32.144666666666666,220.674,1.0,1
2026-02-25 15:00:00,15,3,2,20.8775,56.38,1015.7,16.2,0.8,72.0,15.8,23.63733333333333,234.4293333333333,1.0,0
2026-02-25 16:00:00,16,3,2,21.716666666666665,56.35,1016.1666666666666,15.5,10.2,78.0,16.2,13.111176470588234,246.52,0.0,0
2026-02-25 17:00:00,17,3,2,21.53,55.25,1016.8,14.6,21.1,85.0,15.1,3.4800000000000004,255.64444444444447,0.0,0
2026-02-25 18:00:00,18,3,2,22.0075,57.0225,1017.6666666666666,13.7,19.5,90.0,13.0,-7.532000000000001,264.713,0.0,0
2026-02-25 19:00:00,19,3,2,22.014000000000003,56.818,1018.42,12.9,0.8,91.0,12.6,-19.444,274.6139999999999,0.0,1
2026-02-25 20:00:00,20,3,2,21.28,56.08500000000001,1019.225,12.3,0.0,92.0,11.9,-33.123333333333335,287.56333333333333,1.0,0
2026-02-25 21:00:00,21,3,2,20.83,55.78333333333334,1019.8,11.5,0.8,93.0,10.8,-43.64666666666667,300.9866666666667,0.0,0
2026-02-25 22:00:00,22,3,2,20.645,55.3925,1020.075,10.8,2.3,94.0,9.4,-52.5,318.9633333333333,0.0,0
2026-02-25 23:00:00,23,3,2,20.405,54.95,1020.35,10.0,21.1,96.0,9.0,-58.1,343.24333333333334,0.0,0
2026-02-26 00:00:00,0,4,2,20.27333333333333,54.84666666666667,1020.5666666666668,9.4,29.7,96.0,7.6,-58.77,129.47,0.0,0
2026-02-26 01:00:00,1,4,2,20.18,54.7,1020.65,8.9,11.7,95.0,6.5,-54.333333333333336,35.27333333333333,0.0,0
2026-02-26 02:00:00,2,4,2,19.89,54.85,1020.8,8.5,9.4,94.0,6.8,-46.126666666666665,54.76666666666667,0.0,0
2026-02-26 03:00:00,3,4,2,19.84,54.305,1020.9,8.2,25.8,93.0,6.1,-35.916666666666664,69.14,0.0,0
2026-02-26 04:00:00,4,4,2,19.676666666666662,53.616666666666674,1021.2333333333332,8.1,86.7,91.0,6.1,-24.74666666666667,80.52,0.0,0
2026-02-26 05:00:00,5,4,2,19.6975,52.315000000000005,1021.85,7.8,50.0,89.0,6.1,-13.441428571428572,90.23857142857145,0.0,0
2026-02-26 06:00:00,6,4,2,20.043333333333333,50.09333333333333,1022.4333333333334,7.4,21.9,89.0,5.4,-0.8852631578947369,100.35947368421051,0.0,1
2026-02-26 07:00:00,7,4,2,20.73,50.93000000000001,1022.9333333333334,7.4,51.6,92.0,6.5,7.935416666666668,108.13333333333333,1.0,1
2026-02-26 08:00:00,8,4,2,21.09,51.92333333333334,1023.4,9.3,15.6,86.0,7.2,19.034666666666663,119.45666666666668,1.0,1
2026-02-26 09:00:00,9,4,2,21.525,47.05,1023.55,12.3,2.3,74.0,6.1,28.41133333333333,132.02533333333332,1.0,1
2026-02-26 10:00:00,10,4,2,21.315,48.63333333333333,1023.3,14.7,9.4,64.0,3.2,35.91666666666667,147.16400000000002,1.0,0
2026-02-26 11:00:00,11,4,2,22.266666666666666,48.54666666666666,1022.85,16.6,12.5,58.0,5.0,40.61333333333334,165.0926666666667,0.0,0
2026-02-26 12:00:00,12,4,2,22.74,45.165,1022.25,17.6,9.4,53.0,9.0,41.60285714285715,184.82625,0.0,0
2026-02-26 13:00:00,13,4,2,22.21,46.555,1021.5666666666666,18.6,9.4,46.0,11.2,38.683333333333344,204.31800000000004,0.0,1
2026-02-26 14:00:00,14,4,2,21.486666666666668,46.64000000000001,1021.35,18.3,10.2,46.0,12.2,32.465333333333334,220.89866666666663,1.0,1
2026-02-26 15:00:00,15,4,2,21.68,52.46333333333333,1021.25,17.6,7.0,48.0,11.5,23.92533333333333,234.6873333333333,1.0,0
2026-02-26 16:00:00,16,4,2,22.31,53.885,1021.35,16.5,13.3,57.0,10.1,13.405882352941177,246.7641176470588,0.0,0
2026-02-26 17:00:00,17,4,2,22.33333333333333,52.95666666666667,1021.6333333333332,15.0,3.1,68.0,8.3,3.6492857142857145,255.9878571428572,0.0,0
2026-02-26 18:00:00,18,4,2,22.62,54.95000000000001,1022.15,13.5,0.0,82.0,5.4,-7.534999999999999,265.201,0.0,0
2026-02-26 19:00:00,19,4,2,22.585,55.446666666666665,1022.65,12.6,1.6,90.0,5.0,-17.89,273.75249999999994,0.0,0
2026-02-26 20:00:00,20,4,2,22.03333333333333,53.98666666666667,1023.0,12.0,5.5,92.0,4.3,-29.396666666666665,284.28,0.0,0
2026-02-26 21:00:00,21,4,2,21.4,53.67,1023.15,11.2,21.1,93.0,3.2,-40.21333333333333,296.75,0.0,0
2026-02-26 22:00:00,22,4,2,20.9,53.745000000000005,1022.85,10.6,11.7,93.0,5.8,-49.68333333333334,313.0366666666667,0.0,0
2026-02-26 23:00:00,23,4,2,20.66333333333333,53.00333333333333,1022.5,10.1,48.4,91.0,7.6,-56.47,335.19,0.0,0
2026-02-27 00:00:00,0,5,2,20.39,51.92,1022.2,9.3,0.8,89.0,7.2,-58.4925,185.3075,0.0,0
2026-02-27 01:00:00,1,5,2,20.35666666666667,50.84,1021.65,8.8,0.0,84.0,7.6,-54.0,34.98666666666667,0.0,0
2026-02-27 02:00:00,2,5,2,20.276666666666667,49.656666666666666,1021.0666666666666,8.0,2.3,80.0,7.2,-45.84,54.42,0.0,0
2026-02-27 03:00:00,3,5,2,20.063333333333333,48.75,1020.5333333333334,7.5,22.7,75.0,7.2,-35.656666666666666,68.8,0.0,0
2026-02-27 04:00:00,4,5,2,19.793333333333333,47.25749999999999,1020.225,7.3,45.3,69.0,7.2,-24.51,80.20666666666666,0.0,0
2026-02-27 05:00:00,5,5,2,19.75,46.43,1020.3,7.3,29.7,64.0,7.2,-13.44,89.74428571428572,0.0,0
2026-02-27 06:00:00,6,5,2,19.68,44.47,1020.3,7.1,71.1,64.0,6.8,-0.6589999999999998,100.063,0.0,1
2026-02-27 07:00:00,7,5,2,20.585,45.946,1020.26,6.8,93.7,65.0,5.8,8.394166666666665,108.05333333333331,1.0,1
2026-02-27 08:00:00,8,5,2,21.35333333333333,45.25666666666667,1020.45,8.9,100.0,58.0,5.8,19.743333333333336,119.686,1.0,1
2026-02-27 09:00:00,9,5,2,20.845,43.455,1020.45,12.1,98.4,52.0,5.0,29.088,132.37533333333334,1.0,1
2026-02-27 10:00:00,10,5,2,20.995,45.2875,1019.9333333333334,15.1,71.1,42.0,5.0,36.52533333333333,147.692,1.0,1
2026-02-27 11:00:00,11,5,2,21.565,46.37,1019.4666666666668,17.0,9.4,40.0,7.9,41.10666666666666,165.824,1.0,1
2026-02-27 12:00:00,12,5,2,21.206,48.538,1018.64,17.8,99.2,44.0,12.2,42.00266666666666,185.3973333333333,1.0,1
2026-02-27 13:00:00,13,5,2,20.6975,49.19499999999999,1017.625,16.8,100.0,58.0,13.3,39.03866666666667,204.47600000000003,1.0,1
2026-02-27 14:00:00,14,5,2,20.43,50.095,1017.25,16.1,100.0,64.0,14.4,32.788,221.1293333333333,1.0,1
2026-02-27 15:00:00,15,5,2,20.35,50.620000000000005,1016.8,15.7,96.1,69.0,14.8,24.212000000000003,234.952,1.0,1
2026-02-27 16:00:00,16,5,2,20.26,51.435,1016.95,15.3,24.2,74.0,14.0,13.89875,246.81,1.0,1
2026-02-27 17:00:00,17,5,2,20.216666666666665,51.803333333333335,1016.9,14.5,99.2,81.0,11.9,3.816206896551724,256.33620689655174,1.0,1
2026-02-27 18:00:00,18,5,2,20.0925,52.47,1017.2666666666668,13.0,100.0,89.0,9.4,-7.537999999999999,265.697,1.0,1
2026-02-27 19:00:00,19,5,2,20.11,52.72,1017.2666666666668,12.5,100.0,88.0,10.1,-17.8875,274.2625,1.0,1
2026-02-27 20:00:00,20,5,2,20.055,52.54,1017.9,12.2,100.0,86.0,8.3,-29.38,284.83666666666664,1.0,0
2026-02-27 21:00:00,21,5,2,20.04,52.37,1017.8,11.7,82.0,88.0,6.1,-40.15,297.38,0.0,0
2026-02-27 22:00:00,22,5,2,19.95,52.135000000000005,1017.6,11.2,78.9,90.0,6.1,-49.54333333333333,313.75333333333333,0.0,0
2026-02-27 23:00:00,23,5,2,19.975,51.99,1017.3,10.2,81.2,95.0,5.8,-56.20666666666667,335.9266666666667,0.0,0
2026-02-28 00:00:00,0,6,2,19.89,51.83,1017.3,9.5,94.5,96.0,6.1,-58.125,185.4025,0.0,0
2026-02-28 01:00:00,1,6,2,19.84,51.62,1017.4,9.6,100.0,94.0,6.1,-53.66,34.70333333333333,0.0,0
2026-02-28 02:00:00,2,6,2,19.805,51.464,1017.1,10.1,100.0,91.0,8.6,-45.54666666666666,54.080000000000005,0.0,0
2026-02-28 03:00:00,3,6,2,19.766666666666666,51.35666666666666,1017.1666666666666,10.5,100.0,92.0,13.0,-35.39666666666667,68.46333333333332,0.0,0
2026-02-28 04:00:00,4,6,2,19.6975,51.33,1017.75,10.7,91.4,92.0,15.1,-24.26666666666667,79.88333333333334,0.0,0
2026-02-28 05:00:00,5,6,2,19.675,51.3,1018.2,10.3,70.3,93.0,15.5,-13.44,89.24571428571429,0.0,0
2026-02-28 06:00:00,6,6,2,19.635,51.153333333333336,1018.7,9.7,94.5,94.0,16.2,-0.6569999999999998,99.571,0.0,0
2026-02-28 07:00:00,7,6,2,19.5525,51.0775,1019.25,10.9,59.4,89.0,14.0,8.40625,107.54958333333332,0.0,0
2026-02-28 08:00:00,8,6,2,19.505000000000003,51.185,1019.7,12.0,100.0,81.0,13.3,19.784666666666663,119.14266666666666,0.0,0
2026-02-28 09:00:00,9,6,2,19.385,51.34,1020.2,13.2,100.0,73.0,15.8,29.194000000000003,131.80133333333333,0.0,0
2026-02-28 10:00:00,10,6,2,19.215,51.75,1020.45,13.9,96.9,71.0,16.9,36.72133333333333,147.10333333333335,0.0,0
2026-02-28 11:00:00,11,6,2,19.24,52.1,1020.3,15.2,100.0,63.0,18.0,41.40933333333333,165.27733333333333,0.0,0
2026-02-28 12:00:00,12,6,2,19.200000000000003,52.222,1020.15,14.8,97.7,67.0,20.2,42.37533333333334,185.34066666666664,0.0,0
2026-02-28 13:00:00,13,6,2,19.14,52.44,1019.8,15.9,82.0,59.0,16.9,39.394000000000005,204.632,0.0,0
2026-02-28 14:00:00,14,6,2,19.145,52.44,1019.65,16.4,42.2,56.0,18.0,33.110666666666674,221.36000000000004,0.0,0
2026-02-28 15:00:00,15,6,2,19.12,52.51,1019.45,15.9,50.8,58.0,17.6,24.502666666666663,235.21733333333333,0.0,0
2026-02-28 16:00:00,16,6,2,19.13,52.66,1019.45,15.3,97.7,65.0,16.6,14.113125,247.135,0.0,0
2026-02-28 17:00:00,17,6,2,19.06,52.845,1019.55,14.2,93.7,74.0,16.9,4.017857142857143,256.66964285714283,0.0,0
2026-02-28 18:00:00,18,6,2,19.1125,53.182500000000005,1020.125,13.5,98.4,80.0,15.5,-7.050000000000001,265.79545454545456,0.0,0
2026-02-28 19:00:00,19,6,2,19.105,53.330000000000005,1020.85,13.3,100.0,82.0,14.8,-17.8875,274.7775,0.0,0
2026-02-28 20:00:00,20,6,2,19.095,53.39,1021.2,13.0,100.0,85.0,12.6,-29.363333333333333,285.40000000000003,0.0,0
2026-02-28 21:00:00,21,6,2,19.125,53.4,1021.0,12.6,100.0,86.0,12.6,-40.09,298.02,0.0,0
2026-02-28 22:00:00,22,6,2,19.075,53.365,1021.3,12.1,14.8,88.0,12.2,-49.41,314.48,0.0,0
2026-02-28 23:00:00,23,6,2,19.03,53.35,1021.4,10.3,10.9,90.0,10.8,-55.95,336.66333333333336,0.0,0
2026-03-01 00:00:00,0,7,3,18.86,53.540000000000006,1021.25,9.6,21.9,93.0,9.4,-57.76,185.4975,0.0,0
2026-03-01 01:00:00,1,7,3,18.734,53.956,1020.84,9.3,11.7,94.0,6.8,-53.32,34.42333333333334,0.0,0
2026-03-01 02:00:00,2,7,3,18.815,53.705,1020.5,8.9,7.0,95.0,7.6,-45.25,53.74333333333333,0.0,0
2026-03-01 03:00:00,3,7,3,18.815,53.56,1020.25,8.5,7.8,96.0,8.3,-35.13333333333333,68.13,0.0,0
2026-03-01 04:00:00,4,7,3,18.75,53.195,1020.45,8.2,9.4,95.0,7.9,-24.02333333333333,79.56666666666668,0.0,0
2026-03-01 05:00:00,5,7,3,18.75,53.125,1020.7,7.9,21.1,94.0,7.2,-13.441428571428572,88.74428571428572,0.0,0
2026-03-01 06:00:00,6,7,3,18.58,53.11,1020.7,8.0,42.2,91.0,7.2,-0.4338095238095238,99.26571428571428,0.0,0
2026-03-01 07:00:00,7,7,3,18.526666666666667,53.13333333333333,1021.1,8.3,14.8,92.0,6.1,8.613913043478263,107.22130434782608,0.0,0
2026-03-01 08:00:00,8,7,3,18.435,53.21666666666667,1021.6333333333332,10.2,23.4,84.0,5.8,19.828,118.6,0.0,0
2026-03-01 09:00:00,9,7,3,18.285,53.895,1021.6,13.3,25.0,71.0,5.0,29.302666666666664,131.228,0.0,0
2026-03-01 10:00:00,10,7,3,18.285,53.795,1021.7,14.8,35.2,65.0,9.0,36.916,146.514,0.0,0
2026-03-01 11:00:00,11,7,3,18.366666666666664,53.64333333333334,1021.4333333333334,15.5,52.3,61.0,10.8,41.709333333333326,164.726,0.0,0
2026-03-01 12:00:00,12,7,3,18.3625,53.422,1020.62,15.8,55.5,60.0,11.9,42.769375,184.915,0.0,0
2026-03-01 13:00:00,13,7,3,18.3875,53.2,1019.7333333333332,16.2,60.2,57.0,12.2,39.752,204.79466666666664,0.0,0
2026-03-01 14:00:00,14,7,3,18.405,52.9025,1018.9333333333334,15.8,51.6,61.0,13.3,33.434,221.5966666666667,0.0,0
2026-03-01 15:00:00,15,7,3,18.445,52.575,1018.45,15.4,43.7,64.0,12.2,24.791999999999994,235.48666666666668,0.0,0
2026-03-01 16:00:00,16,7,3,18.51,52.38,1018.3,14.9,32.0,65.0,12.2,14.399375,247.395625,0.0,0
2026-03-01 17:00:00,17,7,3,18.56,52.18,1018.4,14.3,28.1,66.0,9.7,4.1882758620689655,257.0203448275862,0.0,0
2026-03-01 18:00:00,18,7,3,18.58,52.23,1018.6,13.2,12.5,72.0,8.6,-6.406000000000001,265.762,0.0,0
2026-03-01 19:00:00,19,7,3,18.55,52.385,1018.65,12.4,13.3,83.0,6.8,-17.018,274.552,0.0,0
2026-03-01 20:00:00,20,7,3,18.56,52.7,1018.8,11.9,11.7,86.0,6.8,-29.343333333333334,285.96333333333337,0.0,0
2026-03-01 21:00:00,21,7,3,18.54,53.06,1018.8,11.4,28.9,88.0,7.2,-40.02333333333333,298.65333333333336,0.0,0
2026-03-01 22:00:00,22,7,3,18.48,53.33,1018.55,11.0,51.6,90.0,6.1,-49.25666666666667,315.1966666666667,0.0,0
2026-03-01 23:00:00,23,7,3,18.42,53.41333333333333,1018.1333333333332,10.8,55.5,90.0,7.2,-55.67666666666667,337.39,0.0,0
2026-03-02 00:00:00,0,1,3,18.33,53.423333333333325,1017.525,10.4,59.4,91.0,7.6,-57.3875,185.59,0.0,0
2026-03-02 01:00:00,1,1,3,18.21333333333333,53.41666666666666,1016.9666666666668,9.7,64.8,94.0,6.5,-52.98,34.14666666666667,0.0,0
2026-03-02 02:00:00,2,1,3,18.046666666666667,53.545,1016.25,9.5,94.5,94.0,8.3,-44.95666666666667,53.406666666666666,0.0,0
2026-03-02 03:00:00,3,1,3,18.06,53.41333333333333,1015.5333333333334,9.6,93.7,93.0,7.2,-34.873333333333335,67.79333333333334,0.0,0
2026-03-02 04:00:00,4,1,3,17.86,53.62,1015.6,9.1,87.5,94.0,6.1,-23.77333333333333,79.24666666666667,0.0,0
2026-03-02 05:00:00,5,1,3,17.86,53.65333333333333,1015.3,9.1,96.9,93.0,5.8,-12.68125,88.86375,0.0,0
2026-03-02 06:00:00,6,1,3,18.23,53.36,1015.2,9.4,95.3,90.0,6.8,0.1261904761904762,99.22904761904762,0.0,1
2026-03-02 07:00:00,7,1,3,19.598333333333333,56.124,1015.5499999999998,7.6,78.9,90.0,7.2,9.091304347826089,107.1478260869565,1.0,1
